trip_id,rider_id,distance_km,duration_min,fare_amount,ride_date,surge_flag,name,age,gender,city,signup_date,total_rides,cancelled_rides,avg_rating,zone_name,population_density,traffic_index,avg_speed_kmph,zone_type,hour,day_of_week,month,payment_mode_Cash,payment_mode_Credit Card,payment_mode_UPI,payment_mode_Wallet,zone_Zone_1,zone_Zone_10,zone_Zone_2,zone_Zone_3,zone_Zone_4,zone_Zone_5,zone_Zone_6,zone_Zone_7,zone_Zone_8,zone_Zone_9,ride_frequency,is_peak_hour,avg_ride_diatance,avg_ride_fare,days_since_signup,ride_cancellation_rate
T00001,R0037,0.8271240834420867,0.6777819370653003,0.7736510870685005,2023-11-13,0.0,Aadhya Iyer,0.06706716940904384,2,Ahmedabad,2020-11-21,1.679996604708716,-0.8305718860794616,-1.1919090894962037,Zone_10,0.0,-0.46361542252807086,0.44035034732709155,Industrial,0,0,11,1,0,0,0,0,1,0,0,0,0,0,0,0,0,high,0,0.4923367589695197,0.4605075301343475,1087,-0.49438902659179434
T00002,R0104,0.5100095291748231,0.4570399585381022,0.6103354824821652,2023-07-28,1.0,Diya Gupta,2.6856120445837406,1,Kolkata,2021-05-27,0.5384872261741847,-1.0656355968196982,-0.5655719105388659,Zone_9,0.7054238122589644,0.0957343172440192,0.9163636363636365,Business,0,4,7,1,0,0,0,0,0,0,0,0,0,0,0,0,1,high,0,0.9471153713307401,1.1334261108075752,792,-1.978943129980574
T00003,R0045,0.5620898520160061,0.42437038353017836,0.6335493664538938,2024-01-14,1.0,Saanvi Iyer,0.32892165692651354,2,Ahmedabad,2023-07-12,-1.0780602167194375,0.0023974683897869183,1.6081865340777743,Zone_8,0.3749277083599486,0.2886135378550845,0.0036363636363636598,Business,0,6,1,1,0,0,0,0,0,0,0,0,0,0,0,1,0,low,0,-0.5213900330414369,-0.5876753048005049,186,-0.0022238724262383697
T00004,R0089,0.8069058030884952,0.6013952496832955,0.9293046657714146,2023-12-13,1.0,Saanvi Reddy,2.161903069548801,2,Surat,2022-09-21,0.3966848189028143,-0.8305718860794616,-0.1787165941240401,Zone_2,0.3225568228440141,-0.0059291052863966335,1.0,Residential,0,2,12,1,0,0,0,0,0,1,0,0,0,0,0,0,0,medium,0,2.0341232248824297,2.34267766621815,448,-2.0937828888353485
T00005,R0003,0.6840609990981871,0.6434627762118635,0.7106038887732995,2023-03-15,1.0,Kavya Reddy,0.32892165692651354,1,Pune,2023-05-04,-1.468016836715706,-0.6895336596353198,-0.4550418201346307,Zone_5,0.012308197259374737,-0.9072376299335215,0.44035034732709155,Business,0,2,3,0,0,1,0,0,0,0,0,0,1,0,0,0,0,low,0,-0.465976262662348,-0.48405704280823175,-50,0.46970419029932
T00006,R0255,0.8905640836237877,0.7066261547093068,0.9453113769477293,2024-02-10,1.0,Reyansh Sharma,0.7217033882027181,0,Bengaluru,2021-07-06,1.5807349196187568,0.8618868312502416,-1.634029451113147,Zone_2,0.3225568228440141,-0.0059291052863966335,1.0,Residential,0,5,2,0,0,1,0,0,0,1,0,0,0,0,0,0,0,high,0,0.5633861013449205,0.5980201773335407,949,0.5452443800369212
T00007,R0224,0.5492317542058319,0.4871534837750431,0.672857248470837,2023-08-21,1.0,Ishaan Sharma,-0.3257145618671607,0,Ahmedabad,2020-08-04,-0.3690481803625857,-1.0656355968196982,0.558150675237532,Zone_4,0.13112332813653896,1.3108734070937318,0.6290909090909091,Business,0,0,8,0,1,0,0,0,0,0,0,1,0,0,0,0,0,medium,0,-1.4882386187793093,-1.8232233195399103,1112,2.8875243220891194
T00008,R0039,0.8250807904531631,0.7742358090318204,0.7694361432029517,2024-03-10,0.0,Aadhya Iyer,-0.9803507806608349,1,Chennai,2023-11-18,-0.4399493839982708,-0.45446994889508313,0.3555121761631005,Zone_3,0.3749277083599486,0.6357961349550023,0.2581818181818183,Business,0,6,3,0,0,0,1,0,0,0,1,0,0,0,0,0,0,medium,0,-1.8753993537956766,-1.7489196966485034,113,1.0330050806409798
T00009,R0223,0.7681246994622408,0.6385187714418864,0.84019331837118,2023-09-08,0.0,Ishaan Gupta,-0.19478731810842584,0,Surat,2019-11-29,-0.6668332356324634,-0.6425209174872724,0.06076526841847097,Zone_5,0.012308197259374737,-0.9072376299335215,0.44035034732709155,Business,0,4,9,0,1,0,0,0,0,0,0,0,1,0,0,0,0,low,0,-1.1518992431948996,-1.2599751684156713,1379,0.9635406322809752
T00010,R0236,0.6875926054031202,0.5547311685260263,0.7625394202288918,2023-09-08,1.0,Arjun Gupta,-0.4566418056258955,1,Ahmedabad,2020-08-10,0.0017782793317680683,-1.0656355968196982,-1.1919090894962037,Zone_5,0.012308197259374737,-0.9072376299335215,0.44035034732709155,Business,0,4,9,0,0,1,0,0,0,0,0,0,1,0,0,0,0,medium,0,386.66175393236773,428.8074469553278,1124,-599.2509600615903
T00011,R0191,0.8755470416586648,0.7406169937980451,0.8783248652066415,2023-09-09,0.0,Meera Gupta,0.19799441316777866,2,Surat,2020-08-14,-1.1702317814458283,-0.8305718860794616,1.0186927185885153,Zone_10,0.0,-0.46361542252807086,0.44035034732709155,Industrial,0,5,9,0,1,0,0,0,1,0,0,0,0,0,0,0,0,low,0,-0.7481825870229923,-0.7505563249371556,1121,0.709749896771121
T00012,R0199,0.8159879854887938,0.6298040789157361,0.8227685350400096,2023-12-15,0.0,Aarav Das,-0.3257145618671607,1,Ahmedabad,2021-08-03,0.651929151991281,0.1566956990295319,-0.1787165941240401,Zone_1,0.20357758267005824,1.2530096409104126,0.0,Residential,0,4,12,0,0,0,1,1,0,0,0,0,0,0,0,0,0,high,0,1.2516513228414534,1.2620520688895553,864,0.24035694454054354
T00013,R0248,0.4414552252763549,0.322524871605276,0.5993676750701378,2023-12-12,1.0,Vivaan Ghosh,-1.765914243213244,0,Chennai,2021-10-24,-1.0496997352651634,-0.5484954331911778,-0.6576803192090631,Zone_6,1.0,-2.392407628638726,0.24363636363636365,Mixed,0,1,12,0,0,0,1,0,0,0,0,0,0,1,0,0,0,low,0,-0.4205538121478514,-0.5709896410698172,779,0.5225260279337148
T00014,R0300,0.8106761546061286,0.6600490168664402,0.9236897991876072,2024-08-10,0.0,Saanvi Iyer,0.8526306319614528,0,Kolkata,2023-07-08,0.2761527727221495,-0.7835591439314143,-0.6208369557409844,Zone_2,0.3225568228440141,-0.0059291052863966335,1.0,Residential,0,5,8,1,0,0,0,0,0,1,0,0,0,0,0,0,0,medium,0,2.935607513967599,3.3448507146331483,399,-2.837411828994347
T00015,R0270,0.8965887005756963,0.7559889345017236,0.9345416809540827,2023-08-24,0.0,Aadhya Reddy,0.45984890068524836,1,Hyderabad,2022-01-02,1.4389325123473864,1.8961671585072826,-1.7077161780493044,Zone_10,0.0,-0.46361542252807086,0.44035034732709155,Industrial,0,3,8,0,1,0,0,0,1,0,0,0,0,0,0,0,0,high,0,0.623092947641482,0.6494687366744731,599,1.3177596184924556
T00016,R0216,0.6868110968926957,0.5482199658799919,0.8305160659215176,2023-09-08,1.0,Ishaan Gupta,1.638194094513862,1,Chennai,2019-08-01,0.5881180687191643,0.015657472585389957,-1.1182223625600463,Zone_2,0.3225568228440141,-0.0059291052863966335,1.0,Residential,0,4,9,1,0,0,0,0,0,1,0,0,0,0,0,0,0,high,0,1.167811589921851,1.4121587315456248,1499,0.026623008912971605
T00017,R0168,0.6628729496783452,0.5842320044582604,0.7344860176148076,2023-12-03,1.0,Diya Das,-1.1112780244195697,1,Pune,2019-10-08,1.5523744381644828,2.3662945799877555,0.042343586684432034,Zone_3,0.3749277083599486,0.6357961349550023,0.2581818181818183,Business,0,6,12,1,0,0,0,0,0,0,1,0,0,0,0,0,0,high,0,0.4270058391724884,0.47313715013451196,1517,1.5243065859713887
T00018,R0126,0.5592116800797912,0.4841417876747689,0.7035377351594285,2024-01-19,0.0,Ishaan Gupta,-0.3257145618671607,0,Surat,2022-09-25,1.1269672163503717,-0.1723934960067993,-0.6576803192090631,Zone_6,1.0,-2.392407628638726,0.24363636363636365,Mixed,0,4,1,0,0,1,0,0,0,0,0,0,0,1,0,0,0,high,0,0.49620935903598945,0.6242752450579717,481,-0.15297117210302463
T00019,R0255,0.7087486006769083,0.6176904750374834,0.7668881650547594,2023-05-26,1.0,Reyansh Sharma,0.7217033882027181,0,Bengaluru,2021-07-06,1.5807349196187568,0.8618868312502416,-1.634029451113147,Zone_1,0.20357758267005824,1.2530096409104126,0.0,Residential,0,4,5,0,1,0,0,1,0,0,0,0,0,0,0,0,0,high,0,0.4483665109693692,0.4851465957617475,689,0.5452443800369212
T00020,R0061,0.8167773625983643,0.710021678824314,0.9079171956108263,2023-06-19,0.0,Meera Reddy,-0.8494235369021,1,Mumbai,2020-08-20,-0.5959320319967782,0.06267021473343727,-0.5839935922729057,Zone_1,0.3749277083599486,-0.0059291052863966335,0.44035034732709155,Business,0,0,6,0,0,1,0,1,0,0,0,0,0,0,0,0,0,low,0,-1.3705881186846154,-1.523524742525897,1033,-0.1051633598607703
T00021,R0289,0.5133531653419947,0.4320221124621842,0.7248043256162406,2024-08-15,0.0,Aarav Gupta,-1.3731325119370394,2,Chennai,2021-09-30,0.49594650399277357,-0.45446994889508313,0.30024713096098204,Zone_4,0.13112332813653896,1.3108734070937318,0.6290909090909091,Business,0,3,8,0,0,1,0,0,0,0,0,1,0,0,0,0,0,medium,0,1.0350978607754735,1.461456668775715,1050,-0.9163688930887296
T00022,R0112,0.2613288745292959,0.21261066806607684,0.470836232993231,2024-03-28,0.0,Meera Nair,1.2454123632376575,0,Delhi,2020-11-13,0.41795517999351983,-0.5955081753392251,-1.412969270304675,Zone_10,0.0,-0.46361542252807086,0.44035034732709155,Industrial,0,3,3,0,1,0,0,0,1,0,0,0,0,0,0,0,0,medium,0,0.6252557380275743,1.1265232626152188,1231,-1.424813482030437
T00023,R0153,0.6347549226674213,0.5352140724540496,0.795017415167298,2024-02-26,0.0,Aadhya Ghosh,-1.5040597556957742,1,Mumbai,2020-05-04,-1.2482231054450819,-0.45446994889508313,0.9818493551204374,Zone_3,0.3749277083599486,0.6357961349550023,0.2581818181818183,Business,0,0,2,0,0,1,0,0,0,0,1,0,0,0,0,0,0,low,0,-0.5085268169596053,-0.6369193229152866,1393,0.36409352375594084
T00024,R0214,0.23590003812014287,0.23445430380665772,0.4259516545195308,2023-01-10,1.0,Aarav Kumar,-1.5040597556957742,0,Kolkata,2022-09-14,-0.2981469767269005,-1.018622854671651,0.9634276733863985,Zone_3,0.3749277083599486,0.6357961349550023,0.2581818181818183,Business,0,1,1,1,0,0,0,0,0,0,1,0,0,0,0,0,0,medium,0,-0.7912206278590738,-1.4286633364379142,118,3.4165124391138764
T00025,R0272,0.7947646272500989,0.5842870675471779,0.8575389604628525,2023-01-15,0.0,Kavya Ghosh,-1.3731325119370394,1,Kolkata,2020-01-15,1.2758597439853105,-0.9245973703755562,1.4423913984714205,Zone_2,0.3225568228440141,-0.0059291052863966335,1.0,Residential,0,6,1,0,0,1,0,0,0,1,0,0,0,0,0,0,0,high,0,0.6229247619080373,0.6721263559772018,1096,-0.7246857460111238
T00026,R0045,0.6230785402337451,0.5411029960547156,0.7408395747897136,2024-02-14,1.0,Saanvi Iyer,0.32892165692651354,2,Ahmedabad,2023-07-12,-1.0780602167194375,0.0023974683897869183,1.6081865340777743,Zone_3,0.3749277083599486,0.6357961349550023,0.2581818181818183,Business,0,2,2,0,1,0,0,0,0,0,1,0,0,0,0,0,0,low,0,-0.5779626504814246,-0.6871968404919957,217,-0.0022238724262383697
T00027,R0096,0.1818935870480415,0.1544271074854125,0.3869111593604649,2023-01-12,0.0,Reyansh Das,1.1144851194789225,1,Kolkata,2019-12-28,-0.9291676890844986,-0.9716101125236036,0.8344759012481227,Zone_9,0.7054238122589644,0.0957343172440192,0.9163636363636365,Business,0,3,1,0,0,1,0,0,0,0,0,0,0,0,0,0,1,low,0,-0.19575969890565156,-0.41640617071143027,1111,1.045677894246326
T00028,R0191,0.6411158825083926,0.5957440005582662,0.7568692940219965,2023-05-14,0.0,Meera Gupta,0.19799441316777866,2,Surat,2020-08-14,-1.1702317814458283,-0.8305718860794616,1.0186927185885153,Zone_1,0.20357758267005824,1.2530096409104126,0.0,Residential,0,6,5,0,0,1,0,1,0,0,0,0,0,0,0,0,0,low,0,-0.5478537608304315,-0.6467687051593147,1003,0.709749896771121
T00029,R0197,0.6744523534065777,0.5039868761336839,0.7108400706783045,2024-06-13,1.0,Saanvi Das,-0.3257145618671607,1,Bengaluru,2020-10-08,1.5807349196187568,2.977460227912371,-0.25240332106019747,Zone_6,1.0,-2.392407628638726,0.24363636363636365,Mixed,0,3,6,0,0,1,0,0,0,0,0,0,0,1,0,0,0,high,0,0.4266701171941231,0.44968961073482555,1344,1.8835923664104781
T00030,R0284,0.7841936962845902,0.7411884913984876,0.8988483166800574,2024-03-15,0.0,Vivaan Das,-0.4566418056258955,0,Surat,2019-07-31,-0.8299060039945394,-0.2194062381548466,1.7371383062160501,Zone_1,0.20357758267005824,1.2530096409104126,0.0,Residential,0,4,3,1,0,0,0,1,0,0,0,0,0,0,0,0,0,low,0,-0.9449186926110611,-1.0830724351356442,1689,0.26437480521744755
T00031,R0251,0.6836662311932815,0.5146341045761471,0.7994539366294624,2023-04-08,1.0,Vivaan Iyer,1.9000485820313315,0,Mumbai,2020-01-13,-0.2768766156361949,0.10968295688148458,0.8713192647162021,Zone_1,0.20357758267005824,1.2530096409104126,0.0,Residential,0,5,4,0,1,0,0,1,0,0,0,0,0,0,0,0,0,medium,0,-2.469208999909159,-2.8874014325569255,1181,-0.3961438080621576
T00032,R0228,0.9438428587232672,0.9908940115191748,0.8786639848900453,2023-11-30,1.0,Ishaan Gupta,-1.3731325119370394,0,Pune,2021-01-31,-1.7161710494406042,-1.1126483389677455,-0.0009730452730406338,Zone_5,0.012308197259374737,-0.9072376299335215,0.44035034732709155,Business,0,3,11,0,0,1,0,0,0,0,0,0,1,0,0,0,0,low,0,-0.5499701553821912,-0.511990914411737,1033,0.6483318427556621
T00033,R0083,0.6004387018560967,0.4463959828706868,0.8155040263961879,2024-04-19,0.0,Kavya Patel,1.7691213382725968,0,Mumbai,2021-12-31,0.0017782793317680683,0.7208486048060996,0.7239458108438874,Zone_10,0.0,-0.46361542252807086,0.44035034732709155,Industrial,0,4,4,1,0,0,0,0,1,0,0,0,0,0,0,0,0,medium,0,337.65151015903996,458.59163508657923,840,405.3629775303018
T00034,R0105,0.6998489700927035,0.6671278468251337,0.691594603756684,2024-06-21,1.0,Diya Das,-0.06386007434969102,0,Jaipur,2020-09-28,0.666109392718418,-0.6895336596353198,-0.5839935922729057,Zone_8,0.3749277083599486,0.2886135378550845,0.0036363636363636598,Business,0,4,6,0,0,1,0,0,0,0,0,0,0,0,0,1,0,high,0,1.050651706376025,1.0382597983407198,1362,-1.0351657958481961
T00035,R0221,0.6398535608653877,0.5148201489299005,0.6932472919700225,2023-08-15,1.0,Diya Patel,-1.3731325119370394,0,Surat,2021-01-13,-1.0355194945380264,-1.0656355968196982,-0.0009730452730406338,Zone_4,0.13112332813653896,1.3108734070937318,0.6290909090909091,Business,0,1,8,0,1,0,0,0,0,0,0,1,0,0,0,0,0,low,0,-0.6179058571474252,-0.6694681226443729,944,1.0290830857753261
T00036,R0081,0.6556369576371994,0.5478106046488934,0.8047303833753756,2023-07-29,0.0,Diya Reddy,1.3763396069963922,2,Mumbai,2022-01-31,-0.9787985316294783,-1.018622854671651,-0.19713827585807986,Zone_1,0.20357758267005824,1.2530096409104126,0.0,Residential,0,5,7,0,1,0,0,1,0,0,0,0,0,0,0,0,0,low,0,-0.6698385177853834,-0.8221614125592133,544,1.0406869460417705
T00037,R0067,0.7361039433248142,0.5926005762955732,0.7759078932072765,2024-06-07,1.0,Saanvi Iyer,0.06706716940904384,1,Pune,2022-07-24,0.680289633445555,-0.6895336596353198,-1.155065726028125,Zone_10,0.0,-0.46361542252807086,0.44035034732709155,Industrial,0,4,6,1,0,0,0,0,1,0,0,0,0,0,0,0,0,high,0,1.0820449219497421,1.140555220983496,684,-1.013588368446753
T00038,R0026,0.797285028620396,0.6309316499831735,0.8601837255807954,2023-10-27,0.0,Ishaan Gupta,-0.7184962931433652,0,Surat,2020-04-17,-1.4751069570792745,-0.8775846282275089,-1.5419210424429508,Zone_1,0.3749277083599486,-0.0059291052863966335,0.44035034732709155,Business,0,4,10,1,0,0,0,1,0,0,0,0,0,0,0,0,0,low,0,-0.5404930298742728,-0.5831331222814968,1288,0.5949294890216874
T00039,R0077,0.8930705184381634,0.95831507658488,0.9685492296900193,2024-03-07,1.0,Reyansh Das,-0.4566418056258955,1,Mumbai,2019-09-07,1.091516614532529,2.272269095691661,-0.0009730452730406338,Zone_5,0.012308197259374737,-0.9072376299335215,0.44035034732709155,Business,0,3,3,0,0,0,1,0,0,0,0,0,1,0,0,0,0,high,0,0.8181923266652653,0.8873426357369981,1643,2.0817540158697634
T00040,R0110,0.03918715762701876,0.05674787407762051,0.19418982479170716,2024-08-15,1.0,Vivaan Patel,-1.6349869994545092,1,Kolkata,2023-02-04,-0.19888529163694124,0.2037084411775792,0.7792108560460042,Zone_9,0.7054238122589644,0.0957343172440192,0.9163636363636365,Business,0,3,8,0,0,1,0,0,0,0,0,0,0,0,0,0,1,medium,0,-0.19703396517905236,-0.9763910804736354,558,-1.0242509111706584
T00041,R0056,0.6024708726495089,0.44682058803632174,0.7800979089461064,2024-02-24,0.0,Meera Patel,1.1144851194789225,2,Hyderabad,2021-02-26,-1.1276910592644172,-0.5014826910431305,-1.394547588570636,Zone_1,0.20357758267005824,1.2530096409104126,0.0,Residential,0,5,2,1,0,0,0,1,0,0,0,0,0,0,0,0,0,low,0,-0.5342517063516451,-0.6917656236939196,1093,0.4446986494423776
T00042,R0120,0.6178056826628519,0.5214763986417288,0.6709389987996666,2024-02-25,1.0,Ishaan Gupta,-1.765914243213244,1,Surat,2020-07-12,0.41795517999351983,-0.40745720674703584,1.0002710368544763,Zone_4,0.13112332813653896,1.3108734070937318,0.6290909090909091,Business,0,6,2,0,1,0,0,0,0,0,0,1,0,0,0,0,0,medium,0,1.4781625213316667,1.6052893489920836,1323,-0.9748825382505206
T00043,R0178,0.8483182829126952,0.6607846444817753,0.861332040338743,2023-08-07,1.0,Saanvi Ghosh,-0.5875690493846304,1,Delhi,2021-05-15,-1.3900255127164522,-0.7835591439314143,-1.6156077693791082,Zone_1,0.3749277083599486,-0.0059291052863966335,0.44035034732709155,Business,0,0,8,1,0,0,0,1,0,0,0,0,0,0,0,0,0,low,0,-0.6102897214130065,-0.6196519649883894,814,0.563701267899858
T00044,R0164,0.6393110690691587,0.4541219708228679,0.8350415145895147,2024-04-02,0.0,Aadhya Ghosh,0.7217033882027181,2,Ahmedabad,2022-07-06,-0.02163228254772828,-0.03135526956265735,0.023921904950391464,Zone_3,0.3749277083599486,0.6357961349550023,0.2581818181818183,Business,0,1,4,0,0,1,0,0,0,0,1,0,0,0,0,0,0,medium,0,-29.5535650321975,-38.6016368243677,636,1.449466531951809
T00045,R0221,0.2902322563573673,0.1913731313612772,0.5148323368852978,2024-07-11,1.0,Diya Patel,-1.3731325119370394,0,Surat,2021-01-13,-1.0355194945380264,-1.0656355968196982,-0.0009730452730406338,Zone_1,0.3749277083599486,-0.0059291052863966335,0.44035034732709155,Business,0,3,7,0,1,0,0,1,0,0,0,0,0,0,0,0,0,low,0,-0.28027696039353456,-0.4971730031166421,1275,1.0290830857753261
T00046,R0247,0.7268917392988877,0.7134473917539003,0.7052033760699261,2023-08-13,0.0,Aadhya Das,0.7217033882027181,1,Bengaluru,2021-05-11,-0.02163228254772828,1.0969505419904781,1.6818732610139318,Zone_2,0.3225568228440141,-0.0059291052863966335,1.0,Residential,0,6,8,1,0,0,0,0,0,1,0,0,0,0,0,0,0,medium,0,-33.60217479108429,-32.59958233783255,824,-50.708959610259654
T00047,R0207,0.7050698410612233,0.6101230821665312,0.8452452257447629,2023-09-03,0.0,Ishaan Iyer,-0.06386007434969102,1,Mumbai,2023-12-06,-1.4538365959885688,0.0023974683897869183,-0.1418732306559614,Zone_1,0.20357758267005824,1.2530096409104126,0.0,Residential,0,6,9,1,0,0,0,1,0,0,0,0,0,0,0,0,0,low,0,-0.4849718620418928,-0.5813894271728793,-94,-0.0016490631728503888
T00048,R0077,0.770797858821572,0.6868632857466013,0.74938901320171,2023-08-03,0.0,Reyansh Das,-0.4566418056258955,1,Mumbai,2019-09-07,1.091516614532529,2.272269095691661,-0.0009730452730406338,Zone_10,0.0,-0.46361542252807086,0.44035034732709155,Industrial,0,3,8,0,0,0,1,0,1,0,0,0,0,0,0,0,0,high,0,0.7061714394074402,0.6865575871446132,1426,2.0817540158697634
T00049,R0115,0.42963640233408845,0.40084599772053786,0.5792316849085966,2024-08-08,0.0,Aarav Ghosh,1.1144851194789225,0,Bengaluru,2020-03-01,-0.5817517912696412,-0.40745720674703584,0.7239458108438874,Zone_6,1.0,-2.392407628638726,0.24363636363636365,Mixed,0,3,8,0,0,1,0,0,0,0,0,0,0,1,0,0,0,low,0,-0.7385218383194502,-0.995668072881143,1621,0.7003969955258461
T00050,R0010,0.9303887537369715,0.7521415551816525,0.8792307158132291,2023-03-20,0.0,Vivaan Gupta,-0.8494235369021,0,Surat,2023-05-14,0.0017782793317680683,-1.0656355968196982,-1.155065726028125,Zone_3,0.3749277083599486,0.6357961349550023,0.2581818181818183,Business,0,0,3,1,0,0,0,0,0,0,1,0,0,0,0,0,0,medium,0,523.1960677470873,494.4277876406779,-55,-599.2509600615903
T00051,R0230,0.6464712549308161,0.5362296114457548,0.7572675625263336,2023-07-18,1.0,Kavya Gupta,0.06706716940904384,1,Chennai,2022-11-22,-0.48958022654325045,-0.03135526956265735,-0.6576803192090631,Zone_3,0.3749277083599486,0.6357961349550023,0.2581818181818183,Business,0,1,7,0,0,0,1,0,0,0,1,0,0,0,0,0,0,medium,0,-1.3204603043209417,-1.5467690921120876,238,0.06404521233229865
T00052,R0032,0.6752639573061757,0.4623452312356493,0.7671617310499563,2024-05-24,0.0,Kavya Reddy,-1.765914243213244,0,Mumbai,2023-09-20,-0.2768766156361949,0.015657472585389957,-0.012921458517686406,Zone_1,0.20357758267005824,1.2530096409104126,0.0,Residential,0,4,5,0,0,1,0,1,0,0,0,0,0,0,0,0,0,medium,0,-2.4388623638532416,-2.7707711223181697,247,-0.05655036106755677
T00053,R0082,0.4848686349628536,0.3708923770807172,0.6788007795680273,2024-07-22,0.0,Kavya Singh,-0.002498701550705167,2,Pune,2022-12-27,0.15562072654148468,-0.03135526956265735,-0.0009730452730406338,Zone_3,0.3749277083599486,0.6357961349550023,0.2581818181818183,Business,0,0,7,0,1,0,0,0,0,0,1,0,0,0,0,0,0,medium,0,3.1157073080082265,4.361891854984211,573,-0.20148517655390075
T00054,R0228,0.47304217051831077,0.43216803554348243,0.7275278219099419,2023-01-13,0.0,Ishaan Gupta,-1.3731325119370394,0,Pune,2021-01-31,-1.7161710494406042,-1.1126483389677455,-0.0009730452730406338,Zone_7,0.7081316156560269,-0.0059291052863966335,0.52,Industrial,0,4,1,0,0,1,0,0,0,0,0,0,0,0,1,0,0,low,0,-0.27563812515803804,-0.42392500569630504,712,0.6483318427556621
T00055,R0266,0.3402121554903095,0.2755313368270913,0.6296069167106415,2024-01-23,1.0,Diya Reddy,-0.3257145618671607,1,Chennai,2020-09-25,-1.0922404574465745,-0.5014826910431305,-0.19713827585807986,Zone_9,0.7054238122589644,0.0957343172440192,0.9163636363636365,Business,0,1,1,0,1,0,0,0,0,0,0,0,0,0,0,0,1,low,0,-0.3114810050944762,-0.5764361797973757,1215,0.45913213306114864
T00056,R0158,0.630599342086082,0.5002422497675686,0.7495251742754594,2023-08-05,1.0,Aarav Iyer,-0.5875690493846304,1,Ahmedabad,2020-07-26,1.3396708272574271,1.7081161899150934,-0.8050537730813778,Zone_3,0.3749277083599486,0.6357961349550023,0.2581818181818183,Business,0,5,8,1,0,0,0,0,0,0,1,0,0,0,0,0,0,high,0,0.4707121549978396,0.559484583097093,1105,1.2750267865516989
T00057,R0154,0.4631075681308085,0.3450596667306484,0.6811673536773215,2023-01-05,0.0,Kavya Patel,-1.765914243213244,2,Kolkata,2019-03-25,1.5169238363466402,2.601358290727992,1.2397528993969873,Zone_5,0.012308197259374737,-0.9072376299335215,0.44035034732709155,Business,0,3,1,0,0,0,1,0,0,0,0,0,1,0,0,0,0,high,0,0.30529388294547266,0.4490451909028242,1382,1.714890509594143
T00059,R0043,0.28492042547470214,0.20050214417487786,0.42570943265839856,2023-09-08,0.0,Diya Kumar,-0.4566418056258955,1,Ahmedabad,2021-12-10,-1.1844120221729653,-0.36044446459898855,1.2397528993969873,Zone_10,0.0,-0.46361542252807086,0.44035034732709155,Industrial,0,4,9,0,0,1,0,0,1,0,0,0,0,0,0,0,0,low,0,-0.24055853887060077,-0.3594268081451728,637,0.30432354438424564
T00060,R0146,0.38943631241778603,0.3082372818679781,0.546933821178395,2024-03-25,0.0,Kavya Gupta,-0.19478731810842584,1,Surat,2020-04-15,-1.219862623990808,0.0023974683897869183,-0.2155599575921188,Zone_4,0.13112332813653896,1.3108734070937318,0.6290909090909091,Business,0,0,3,0,0,1,0,0,0,0,0,1,0,0,0,0,0,low,0,-0.31924604029897763,-0.4483568972619955,1440,-0.0019653593303347117
T00061,R0235,0.6287353119124824,0.5170477997966669,0.6605773176997753,2024-02-15,0.0,Aarav Ghosh,0.32892165692651354,2,Delhi,2021-02-15,0.22652193017716984,-0.736546401783367,0.09760863188654885,Zone_8,0.3749277083599486,0.2886135378550845,0.0036363636363636598,Business,0,3,2,0,1,0,0,0,0,0,0,0,0,0,0,1,0,medium,0,2.7756046022596093,2.9161737990803687,1095,-3.2515456724533967
T00062,R0292,0.8151966962810063,0.7901812964711225,0.9258200665679461,2023-04-04,1.0,Ishaan Gupta,0.7217033882027181,0,Jaipur,2020-06-28,-0.7873652818131283,-0.2194062381548466,0.7055241291098469,Zone_3,0.3749277083599486,0.6357961349550023,0.2581818181818183,Business,0,1,4,0,0,1,0,0,0,0,1,0,0,0,0,0,0,low,0,-1.035347525615796,-1.1758456817348957,1010,0.27865876642363824
T00063,R0143,0.6259191703206337,0.4407700838967466,0.8026801862200492,2023-07-09,0.0,Meera Kumar,1.3763396069963922,2,Kolkata,2023-03-28,-1.262403346172219,-0.5014826910431305,1.0186927185885153,Zone_7,0.7081316156560269,-0.0059291052863966335,0.52,Industrial,0,6,7,0,0,0,1,0,0,0,0,0,0,0,1,0,0,low,0,-0.4958155190403344,-0.6358349640421076,103,0.39724442474245264
T00064,R0243,0.8154606723774349,0.7961539086100422,0.9260742322083955,2023-02-10,1.0,Ishaan Patel,0.19799441316777866,1,Jaipur,2023-02-06,0.44631566144779394,-0.5955081753392251,-0.5655719105388659,Zone_7,0.7081316156560269,-0.0059291052863966335,0.52,Industrial,0,4,2,1,0,0,0,0,0,0,0,0,0,0,1,0,0,medium,0,1.8270940117408816,2.074931068303368,4,-1.334275775596735
T00065,R0215,0.45205969005989516,0.3591395751031498,0.7114761676639885,2024-04-15,1.0,Saanvi Gupta,-0.7184962931433652,0,Hyderabad,2020-02-28,1.3184004661667217,1.1439632841385254,-1.412969270304675,Zone_7,0.7081316156560269,-0.0059291052863966335,0.52,Industrial,0,0,4,0,0,1,0,0,0,0,0,0,0,0,1,0,0,high,0,0.3428849592068703,0.5396510285927166,1508,0.8676902909968045
T00066,R0207,0.7220107673610215,0.6195686751442387,0.8711142912187333,2023-01-26,0.0,Ishaan Iyer,-0.06386007434969102,1,Mumbai,2023-12-06,-1.4538365959885688,0.0023974683897869183,-0.1418732306559614,Zone_3,0.3749277083599486,0.6357961349550023,0.2581818181818183,Business,0,3,1,0,1,0,0,0,0,0,1,0,0,0,0,0,0,low,0,-0.4966244276373261,-0.5991830812502004,-314,-0.0016490631728503888
T00068,R0211,0.45920464952373335,0.4274314956494617,0.6926719419242651,2023-01-05,0.0,Arjun Reddy,0.5907761444439832,0,Mumbai,2021-04-04,1.297130105076016,-0.3134317224509412,-0.0009730452730406338,Zone_6,1.0,-2.392407628638726,0.24363636363636365,Mixed,0,3,1,0,0,1,0,0,0,0,0,0,0,1,0,0,0,high,0,0.3540158752978927,0.5340034428417435,641,-0.2416347606338017
T00069,R0077,0.7798087928426194,0.5986566420251794,0.8659092775129842,2023-02-03,1.0,Reyansh Das,-0.4566418056258955,1,Mumbai,2019-09-07,1.091516614532529,2.272269095691661,-0.0009730452730406338,Zone_10,0.0,-0.46361542252807086,0.44035034732709155,Industrial,0,4,2,1,0,0,0,0,1,0,0,0,0,0,0,0,0,high,0,0.7144268648412587,0.793308380270357,1245,2.0817540158697634
T00070,R0156,0.7466960088517348,0.620921813497322,0.8427674715490263,2023-08-31,1.0,Ishaan Gupta,0.19799441316777866,0,Jaipur,2022-07-07,0.02090843963368283,-0.2664189803028939,0.5028856300354152,Zone_9,0.7054238122589644,0.0957343172440192,0.9163636363636365,Business,0,3,8,1,0,0,0,0,0,0,0,0,0,0,0,0,1,medium,0,35.71266062575188,40.30752587540559,420,-12.742174211494072
T00071,R0232,0.4669644063385551,0.4108939025025956,0.6662166906717211,2024-03-01,1.0,Meera Das,0.8526306319614528,1,Jaipur,2022-12-08,-0.5675715505425042,-0.40745720674703584,-0.12345154892192248,Zone_2,0.3225568228440141,-0.0059291052863966335,1.0,Residential,0,4,3,0,0,0,1,0,0,1,0,0,0,0,0,0,0,low,0,-0.8227410374819081,-1.1738021224547435,449,0.7178957549186079
T00072,R0263,0.5820963316660276,0.537600714273706,0.6262264477546238,2023-09-08,1.0,Ishaan Das,-0.06386007434969102,2,Chennai,2020-12-30,0.3186934949035606,-0.12538075385875197,-0.3076683662623159,Zone_9,0.7054238122589644,0.0957343172440192,0.9163636363636365,Business,0,4,9,0,0,1,0,0,0,0,0,0,0,0,0,0,1,medium,0,1.8265083566960632,1.9649803267685941,982,-0.39342112676850616
T00073,R0025,0.8706811772637673,0.8512172681979192,0.7917693917543414,2024-02-23,0.0,Meera Das,-1.3731325119370394,0,Mumbai,2021-10-22,-1.4892871978064115,-0.9716101125236036,0.005500223216352529,Zone_9,0.7054238122589644,0.0957343172440192,0.9163636363636365,Business,0,4,2,1,0,0,0,0,0,0,0,0,0,0,0,0,1,low,0,-0.5846294647172176,-0.5316431867006899,854,0.6523994256814263
T00074,R0048,0.7350931006361648,0.5943368177813091,0.7432273957271973,2023-10-09,1.0,Kavya Sharma,0.45984890068524836,1,Hyderabad,2019-05-31,-0.31941733781760606,-1.0656355968196982,-1.8182462684535405,Zone_7,0.7081316156560269,-0.0059291052863966335,0.52,Industrial,0,0,10,0,0,0,1,0,0,0,0,0,0,0,1,0,0,medium,0,-2.3013562934893605,-2.3268223347086927,1592,3.336185831678925
T00075,R0008,0.3458155587690396,0.27509252323430566,0.5695240877604799,2023-01-04,0.0,Ishaan Ghosh,-0.4566418056258955,0,Jaipur,2022-10-01,-0.2626963749090579,-0.03135526956265735,0.023921904950391464,Zone_1,0.3749277083599486,-0.0059291052863966335,0.44035034732709155,Business,0,2,1,1,0,0,0,1,0,0,0,0,0,0,0,0,0,medium,0,-1.3164078068787834,-2.16799370740324,95,0.11935935383010954
T00076,R0055,0.8173025562831197,0.8447262867646907,0.8164336521945779,2023-11-11,1.0,Kavya Singh,0.06706716940904384,1,Delhi,2021-11-07,1.226228901440331,-0.5484954331911778,0.3370904944290615,Zone_1,0.20357758267005824,1.2530096409104126,0.0,Residential,0,5,11,1,0,0,0,1,0,0,0,0,0,0,0,0,0,high,0,0.6665171203542132,0.6658085217495634,734,-0.4473026467953201
T00077,R0115,0.6099808677995092,0.573847825353545,0.6598198579009786,2023-11-26,0.0,Aarav Ghosh,1.1144851194789225,0,Bengaluru,2020-03-01,-0.5817517912696412,-0.40745720674703584,0.7239458108438874,Zone_4,0.13112332813653896,1.3108734070937318,0.6290909090909091,Business,0,6,11,0,0,0,1,0,0,0,0,1,0,0,0,0,0,low,0,-1.048524262328887,-1.1341948023244728,1365,0.7003969955258461
T00078,R0220,0.7708583589424144,0.6586245945210883,0.8672824162517339,2024-06-02,0.0,Ishaan Gupta,0.06706716940904384,0,Kolkata,2023-04-18,1.6941768454358532,1.8491544163592353,-0.418198456666552,Zone_4,0.13112332813653896,1.3108734070937318,0.6290909090909091,Business,0,6,6,0,1,0,0,0,0,0,0,1,0,0,0,0,0,high,0,0.4550046596487978,0.5119196491134974,411,1.0914766196580332
T00079,R0080,0.7732692215568421,0.5730632770376742,0.8275573492405879,2023-09-08,1.0,Reyansh Kumar,-1.6349869994545092,0,Mumbai,2021-05-15,-1.5460081607149596,-0.8305718860794616,1.0923794455246727,Zone_10,0.0,-0.46361542252807086,0.44035034732709155,Industrial,0,4,9,0,1,0,0,0,1,0,0,0,0,0,0,0,0,low,0,-0.5001715005173321,-0.5352865335832895,846,0.5372364177530339
T00080,R0020,0.39426166457829737,0.2684344343002153,0.6626746337644698,2023-08-16,1.0,Diya Das,0.45984890068524836,0,Chennai,2019-09-17,0.15562072654148468,-0.12538075385875197,0.042343586684432034,Zone_1,0.3749277083599486,-0.0059291052863966335,0.44035034732709155,Business,0,2,8,0,1,0,0,1,0,0,0,0,0,0,0,0,0,medium,0,2.5334778556839397,4.2582671890290715,1429,-0.8056815865419349
T00081,R0278,0.8301652573216451,0.7580131749719217,0.9436002967813737,2023-01-06,0.0,Aarav Reddy,-1.5040597556957742,0,Mumbai,2021-09-02,0.9213537258068847,1.6140907056189988,0.4844639483013747,Zone_5,0.012308197259374737,-0.9072376299335215,0.44035034732709155,Business,0,4,1,0,0,1,0,0,0,0,0,0,1,0,0,0,0,high,0,0.901027731335888,1.0241455266868393,491,1.7518686476309007
T00082,R0264,0.4431092561596902,0.37589771329922317,0.6986710443070596,2023-08-03,1.0,Aadhya Das,-0.5875690493846304,2,Surat,2019-02-06,1.0560660127146866,1.4260397370268092,-0.7682104096132991,Zone_9,0.7054238122589644,0.0957343172440192,0.9163636363636365,Business,0,3,8,0,0,1,0,0,0,0,0,0,0,0,0,0,1,high,0,0.4195848089274732,0.661578950458864,1639,1.3503320056301036
T00083,R0213,0.2889123741514704,0.23521089399290296,0.487676222739101,2023-01-22,1.0,Kavya Ghosh,-0.3257145618671607,1,Chennai,2019-06-04,1.4460226327109549,0.10968295688148458,-0.49188518360270855,Zone_1,0.20357758267005824,1.2530096409104126,0.0,Residential,0,6,1,1,0,0,0,1,0,0,0,0,0,0,0,0,0,high,0,0.19979796139831307,0.33725351990156743,1328,0.07585148005315424
T00084,R0129,0.49133756717352506,0.4204216065313326,0.6705587501073849,2023-10-16,1.0,Vivaan Singh,0.45984890068524836,1,Hyderabad,2022-10-08,0.0017782793317680683,-0.6425209174872724,-0.19713827585807986,Zone_7,0.7081316156560269,-0.0059291052863966335,0.52,Industrial,0,0,10,1,0,0,0,0,0,0,0,0,0,0,1,0,0,medium,0,276.299430801464,377.08291275065125,373,-361.3160801056158
T00085,R0042,0.6415655321341756,0.5626565262563687,0.8426833100147857,2023-01-22,0.0,Arjun Reddy,-1.765914243213244,0,Surat,2021-05-20,-1.6239994847142134,-0.9245973703755562,-1.7998245867195015,Zone_3,0.3749277083599486,0.6357961349550023,0.2581818181818183,Business,0,6,1,1,0,0,0,0,0,0,1,0,0,0,0,0,0,low,0,-0.39505279291826645,-0.518893828444212,612,0.569333536788815
T00086,R0254,0.7306762728510527,0.5729511161976721,0.7058117639007397,2023-01-20,1.0,Meera Kumar,-1.765914243213244,1,Delhi,2020-03-09,0.7866414388990828,2.1782436113955663,-0.6024152740069446,Zone_2,0.3225568228440141,-0.0059291052863966335,1.0,Residential,0,4,1,0,0,0,1,0,0,1,0,0,0,0,0,0,0,high,0,0.9288555582243999,0.8972471179353767,1047,2.769042544267758
T00087,R0227,0.5283078546244031,0.4668480621791934,0.5816754655281375,2023-04-03,1.0,Arjun Nair,-0.8494235369021,2,Pune,2020-07-11,0.4817662632656365,-0.03135526956265735,0.20813872229078573,Zone_7,0.7081316156560269,-0.0059291052863966335,0.52,Industrial,0,0,4,0,1,0,0,0,0,0,0,0,0,0,1,0,0,medium,0,1.096606165494624,1.207381068124758,996,-0.06508398772076049
T00088,R0145,0.8243112485153006,0.7412763768118774,0.8449502733298708,2023-11-29,1.0,Saanvi Nair,0.5907761444439832,0,Jaipur,2022-12-09,-0.21306553236407827,0.9088995733982889,0.5397289935034931,Zone_3,0.3749277083599486,0.6357961349550023,0.2581818181818183,Business,0,2,11,0,1,0,0,0,0,0,1,0,0,0,0,0,0,medium,0,-3.8688155675351044,-3.965682595184152,355,-4.2658217089998205
T00089,R0154,0.7541023578677947,0.6277490424142651,0.8712177625272015,2023-02-15,0.0,Kavya Patel,-1.765914243213244,2,Kolkata,2019-03-25,1.5169238363466402,2.601358290727992,1.2397528993969873,Zone_3,0.3749277083599486,0.6357961349550023,0.2581818181818183,Business,0,2,2,0,0,1,0,0,0,0,1,0,0,0,0,0,0,high,0,0.4971260519473245,0.5743319088619786,1423,1.714890509594143
T00090,R0009,0.5521988082230271,0.48111255245127393,0.7268616924223237,2024-07-12,0.0,Diya Patel,1.3763396069963922,0,Ahmedabad,2019-12-15,-0.5675715505425042,-0.12538075385875197,0.1897170405567468,Zone_7,0.7081316156560269,-0.0059291052863966335,0.52,Industrial,0,4,7,1,0,0,0,0,0,0,0,0,0,0,1,0,0,low,0,-0.972914882176911,-1.2806520899921157,1671,0.2209073970302225
T00091,R0205,0.8422976480371659,0.7381503350846541,0.8165366385181716,2023-02-27,1.0,Ishaan Gupta,-0.06386007434969102,2,Surat,2019-05-12,-1.0780602167194375,-0.45446994889508313,1.2029095359289095,Zone_1,0.20357758267005824,1.2530096409104126,0.0,Residential,0,0,2,0,0,0,1,1,0,0,0,0,0,0,0,0,0,low,0,-0.7813085345086728,-0.7574128289446685,1387,0.4215626751147963
T00092,R0059,0.8740066596795939,0.8711270080148527,0.7901748011002783,2024-01-22,0.0,Aarav Sharma,1.507266850755127,1,Delhi,2021-08-02,0.7441007167176716,-0.5955081753392251,-1.3577042251025573,Zone_4,0.13112332813653896,1.3108734070937318,0.6290909090909091,Business,0,0,1,1,0,0,0,0,0,0,0,1,0,0,0,0,0,high,0,1.174581128660855,1.0619191506572465,903,-0.800305875212823
T00093,R0119,0.693011432998392,0.5334175267575231,0.8269401333145705,2024-04-21,1.0,Saanvi Iyer,2.0309758257900663,1,Hyderabad,2023-05-05,-1.5743686421692338,-1.0656355968196982,0.7055241291098469,Zone_4,0.13112332813653896,1.3108734070937318,0.6290909090909091,Business,0,6,4,0,0,1,0,0,0,0,0,1,0,0,0,0,0,low,0,-0.4401837120202868,-0.5252519080761011,352,0.6768653594061801
T00094,R0271,0.6699521264235105,0.598441349345493,0.7739635470172206,2024-04-18,1.0,Saanvi Iyer,-1.2422052681783047,1,Bengaluru,2022-10-07,-1.3758452719893153,-0.8305718860794616,0.6686807656417689,Zone_7,0.7081316156560269,-0.0059291052863966335,0.52,Industrial,0,3,4,0,0,0,1,0,0,0,0,0,0,0,1,0,0,low,0,-0.4869385679211124,-0.5625367639619516,559,0.6036811718504869
T00095,R0004,0.19800662634870228,0.16709708998625755,0.4635775544536597,2023-09-08,1.0,Aarav Nair,-1.6349869994545092,2,Kolkata,2019-07-28,1.5027435956195032,-0.8775846282275089,-1.505077678974872,Zone_3,0.3749277083599486,0.6357961349550023,0.2581818181818183,Business,0,4,9,0,0,1,0,0,0,0,1,0,0,0,0,0,0,high,0,0.13176341388237586,0.3084874597402964,1503,-0.5839882670507914
T00096,R0298,0.627330275761291,0.5516008456696199,0.7782320727303702,2023-09-08,0.0,Vivaan Singh,0.45984890068524836,0,Ahmedabad,2020-03-25,-1.3262144294443357,-0.5955081753392251,-0.23398163932615854,Zone_5,0.012308197259374737,-0.9072376299335215,0.44035034732709155,Business,0,4,9,1,0,0,0,0,0,0,0,0,1,0,0,0,0,low,0,-0.47302326217648916,-0.5868071221758898,1262,0.44902857495581183
T00097,R0061,0.6534778592184919,0.5691252787408563,0.8349720624362187,2023-12-24,1.0,Meera Reddy,-0.8494235369021,1,Mumbai,2020-08-20,-0.5959320319967782,0.06267021473343727,-0.5839935922729057,Zone_4,0.13112332813653896,1.3108734070937318,0.6290909090909091,Business,0,6,12,0,0,1,0,0,0,0,0,1,0,0,0,0,0,low,0,-1.0965644136108876,-1.4011196203676004,1221,-0.1051633598607703
T00098,R0127,0.7531457820699048,0.5943368177813091,0.8829625439676494,2023-09-07,1.0,Ishaan Gupta,-0.002498701550705167,1,Chennai,2020-03-17,-1.482197077442843,-1.018622854671651,1.516078125407578,Zone_8,0.3749277083599486,0.2886135378550845,0.0036363636363636598,Business,0,3,9,0,0,0,1,0,0,0,0,0,0,0,0,1,0,low,0,-0.5081279632323036,-0.595711972048264,1269,0.6872384719777127
T00099,R0290,0.6792920034290697,0.5677013112565712,0.7922730446705339,2023-07-01,1.0,Ishaan Gupta,0.32892165692651354,2,Chennai,2020-05-06,-0.5888419116332098,-0.9245973703755562,0.5028856300354152,Zone_2,0.3225568228440141,-0.0059291052863966335,1.0,Residential,0,5,7,0,1,0,0,0,0,1,0,0,0,0,0,0,0,low,0,-1.1536067491272621,-1.3454766534418183,1151,1.5701962650910775
T00100,R0127,0.7528262999891304,0.6297527803110645,0.8549897359635426,2023-04-02,0.0,Ishaan Gupta,-0.002498701550705167,1,Chennai,2020-03-17,-1.482197077442843,-1.018622854671651,1.516078125407578,Zone_4,0.13112332813653896,1.3108734070937318,0.6290909090909091,Business,0,6,4,0,0,0,1,0,0,0,0,1,0,0,0,0,0,low,0,-0.5079124169425177,-0.5768394425919471,1111,0.6872384719777127
T00101,R0296,0.9126544039180376,0.8749967643013412,0.9751309645271609,2024-01-11,1.0,Reyansh Patel,0.7217033882027181,2,Hyderabad,2021-02-20,0.9780746887154328,0.0023974683897869183,-0.06818650371980403,Zone_7,0.7081316156560269,-0.0059291052863966335,0.52,Industrial,0,3,1,1,0,0,0,0,0,0,0,0,0,0,1,0,0,high,0,0.9331132013207337,0.9969902869154725,1055,0.002451211975371395
T00102,R0088,0.5973665437756972,0.5672598782484269,0.805156778492139,2023-05-10,0.0,Diya Iyer,-1.2422052681783047,2,Jaipur,2019-07-07,1.3184004661667217,-1.1126483389677455,1.4239697167373817,Zone_5,0.012308197259374737,-0.9072376299335215,0.44035034732709155,Business,0,2,5,0,1,0,0,0,0,0,0,0,1,0,0,0,0,high,0,0.45309946340701285,0.6107072920211792,1403,-0.8439380654975002
T00103,R0247,0.6074966702646807,0.49157406628526856,0.8043857548252058,2024-04-15,1.0,Aadhya Das,0.7217033882027181,1,Bengaluru,2021-05-11,-0.02163228254772828,1.0969505419904781,1.6818732610139318,Zone_5,0.012308197259374737,-0.9072376299335215,0.44035034732709155,Business,0,0,4,0,0,1,0,0,0,0,0,0,1,0,0,0,0,medium,0,-28.082874237812558,-37.18450667655867,1070,-50.708959610259654
T00104,R0021,0.2862565025991687,0.21109499580862762,0.4908907615364833,2023-06-28,1.0,Diya Ghosh,0.7217033882027181,0,Pune,2019-05-08,0.9071734850797476,-0.3134317224509412,-0.1787165941240401,Zone_1,0.20357758267005824,1.2530096409104126,0.0,Residential,0,2,6,0,0,1,0,1,0,0,0,0,0,0,0,0,0,high,0,0.31554769545982103,0.5411211522494291,1512,-0.3455036193252365
T00105,R0210,0.7098441983552483,0.5232502331951726,0.6881877052643963,2024-06-22,1.0,Meera Iyer,-0.002498701550705167,2,Mumbai,2022-01-02,-1.1206009389008487,-0.8775846282275089,-1.1182223625600463,Zone_5,0.012308197259374737,-0.9072376299335215,0.44035034732709155,Business,0,5,6,0,0,1,0,0,0,0,0,0,1,0,0,0,0,low,0,-0.6334495838023348,-0.6141237985570593,902,0.7831375093155781
T00106,R0073,0.8528208842127413,0.7304799839269681,0.8797418891675124,2023-10-13,1.0,Meera Das,1.2454123632376575,2,Ahmedabad,2021-06-19,1.6870867250722845,0.29773392547367383,-1.8366679501875802,Zone_1,0.20357758267005824,1.2530096409104126,0.0,Residential,0,4,10,0,0,0,1,1,0,0,0,0,0,0,0,0,0,high,0,0.5054991373820462,0.5214562334546371,846,0.17647813894150416
T00107,R0051,0.17820235679585505,0.179972729884058,0.3743564185455059,2023-09-08,0.0,Aarav Nair,-1.3731325119370394,1,Kolkata,2020-04-05,-0.2768766156361949,-0.45446994889508313,0.023921904950391464,Zone_3,0.3749277083599486,0.6357961349550023,0.2581818181818183,Business,0,4,9,0,1,0,0,0,0,0,1,0,0,0,0,0,0,medium,0,-0.6436164946121922,-1.352069468507935,1251,1.641416873905447
T00108,R0185,0.560365993653849,0.426738237363227,0.7276307372818791,2024-02-03,1.0,Vivaan Sharma,-0.5875690493846304,1,Delhi,2021-08-27,-0.36195805999901715,-0.5484954331911778,0.07918695015250991,Zone_5,0.012308197259374737,-0.9072376299335215,0.44035034732709155,Business,0,5,2,1,0,0,0,0,0,0,0,0,1,0,0,0,0,medium,0,-1.5481517213772518,-2.0102625626953987,890,1.5153563183333094
T00109,R0162,0.717768234983215,0.5459942582644323,0.753834469851014,2024-01-14,1.0,Meera Patel,-0.19478731810842584,1,Hyderabad,2023-08-14,1.006435170169707,0.6738358626580523,0.5028856300354152,Zone_2,0.3225568228440141,-0.0059291052863966335,1.0,Residential,0,6,1,0,1,0,0,0,0,1,0,0,0,0,0,0,0,high,0,0.7131788079923553,0.7490144345054048,153,0.6695273402900147
T00110,R0075,0.8376465858574764,0.8573170786508136,0.8877829727448863,2023-06-30,1.0,Diya Reddy,-1.765914243213244,0,Mumbai,2021-04-30,-1.0213392538108894,-0.7835591439314143,1.516078125407578,Zone_4,0.13112332813653896,1.3108734070937318,0.6290909090909091,Business,0,4,6,0,1,0,0,0,0,0,0,1,0,0,0,0,0,low,0,-0.8201452971987451,-0.8692341642919637,791,0.7671879260566418
T00111,R0046,0.7741687275906862,0.7216509870655643,0.8590056060344373,2023-03-31,1.0,Vivaan Singh,-0.06386007434969102,0,Kolkata,2019-08-16,-1.5672785218056653,-0.9245973703755562,-0.25240332106019747,Zone_8,0.3749277083599486,0.2886135378550845,0.0036363636363636598,Business,0,4,3,0,0,0,1,0,0,0,0,0,0,0,0,1,0,low,0,-0.4939573386731317,-0.5480873974108794,1323,0.5899381364011327
T00112,R0148,0.7656754253713091,0.711211037835252,0.8899415123657946,2024-07-23,1.0,Aarav Kumar,1.638194094513862,1,Ahmedabad,2019-09-30,1.1340573367139402,0.48578489406586306,-1.1919090894962037,Zone_1,0.20357758267005824,1.2530096409104126,0.0,Residential,0,1,7,1,0,0,0,1,0,0,0,0,0,0,0,0,0,high,0,0.6751646504840227,0.7847411974287836,1758,0.42836008228074246
T00113,R0100,0.6678858930860448,0.6361855764806368,0.7375500663169303,2024-04-29,1.0,Ishaan Gupta,-0.4566418056258955,1,Delhi,2021-05-24,0.9284438461704532,1.7081161899150934,-0.39977677493251224,Zone_5,0.012308197259374737,-0.9072376299335215,0.44035034732709155,Business,0,0,4,0,1,0,0,0,0,0,0,0,1,0,0,0,0,high,0,0.7193605685910568,0.7943938336810553,1071,1.8397625197911
T00114,R0038,0.7888069472018318,0.7871994853993777,0.8520524275734955,2023-12-29,0.0,Aarav Singh,0.7217033882027181,2,Kolkata,2023-02-11,0.0017782793317680683,-0.7835591439314143,0.11603031362058941,Zone_3,0.3749277083599486,0.6357961349550023,0.2581818181818183,Business,0,4,12,0,0,0,1,0,0,0,1,0,0,0,0,0,0,medium,0,443.57876353292266,479.14431234283967,321,-440.6277067576073
T00115,R0165,0.8572622675675211,0.7185794323933146,0.9264376627606921,2024-07-07,1.0,Meera Reddy,0.7217033882027181,0,Kolkata,2021-12-09,-1.5460081607149596,-0.8775846282275089,-1.3577042251025573,Zone_7,0.7081316156560269,-0.0059291052863966335,0.52,Industrial,0,6,7,0,1,0,0,0,0,0,0,0,0,0,1,0,0,low,0,-0.5545004802374883,-0.5992450016125763,941,0.5676455341747131
T00116,R0215,0.1345816031471086,0.12844462323446373,0.2810473889399291,2023-12-09,0.0,Saanvi Gupta,-0.7184962931433652,0,Hyderabad,2020-02-28,1.3184004661667217,1.1439632841385254,-1.412969270304675,Zone_2,0.3225568228440141,-0.0059291052863966335,1.0,Residential,0,5,12,0,0,1,0,0,0,1,0,0,0,0,0,0,0,high,0,0.10207945658454412,0.21317300482840434,1380,0.8676902909968045
T00117,R0093,0.8222502296814633,0.6081113057816077,0.8607338636710795,2024-08-16,1.0,Diya Patel,0.19799441316777866,2,Surat,2019-05-30,-0.9433479298116356,-0.2664189803028939,-0.43662013840059094,Zone_5,0.012308197259374737,-0.9072376299335215,0.44035034732709155,Business,0,4,8,0,1,0,0,0,0,0,0,0,1,0,0,0,0,low,0,-0.8716298660300738,-0.9124246065213159,1905,0.2824185773705906
T00118,R0266,0.693011432998392,0.5081452458310108,0.7451957855312594,2023-05-02,1.0,Diya Reddy,-0.3257145618671607,1,Chennai,2020-09-25,-1.0922404574465745,-0.5014826910431305,-0.19713827585807986,Zone_2,0.3225568228440141,-0.0059291052863966335,1.0,Residential,0,1,5,1,0,0,0,0,0,1,0,0,0,0,0,0,0,low,0,-0.6344861410998317,-0.6822634891893388,949,0.45913213306114864
T00119,R0108,0.5973665437756972,0.4258517147161381,0.8148815095228525,2023-06-30,0.0,Reyansh Gupta,-1.765914243213244,1,Pune,2019-05-31,-0.48249010617968197,0.3917594097697685,1.6081865340777743,Zone_7,0.7081316156560269,-0.0059291052863966335,0.52,Industrial,0,4,6,0,0,0,1,0,0,0,0,0,0,0,1,0,0,medium,0,-1.238090763156985,-1.6889082264816144,1491,-0.8119532499260723
T00120,R0175,0.5333530576335187,0.4102821019941038,0.6117581728401336,2024-03-04,1.0,Diya Patel,0.45984890068524836,1,Chennai,2022-08-18,-1.0922404574465745,-0.736546401783367,-0.9708489086877315,Zone_2,0.3225568228440141,-0.0059291052863966335,1.0,Residential,0,0,3,1,0,0,0,0,0,1,0,0,0,0,0,0,0,low,0,-0.4883110252850224,-0.5600947746161078,564,0.6743445518446145
T00121,R0236,0.23590003812014287,0.18123404798805387,0.4732516467239322,2023-12-29,0.0,Arjun Gupta,-0.4566418056258955,1,Ahmedabad,2020-08-10,0.0017782793317680683,-1.0656355968196982,-1.1919090894962037,Zone_5,0.012308197259374737,-0.9072376299335215,0.44035034732709155,Business,0,4,12,0,0,0,1,0,0,0,0,0,1,0,0,0,0,medium,0,132.6563458877956,266.12896988090057,1236,-599.2509600615903
T00122,R0278,0.9283406567362306,0.8942509488173633,1.0,2023-11-14,0.0,Aarav Reddy,-1.5040597556957742,0,Mumbai,2021-09-02,0.9213537258068847,1.6140907056189988,0.4844639483013747,Zone_1,0.20357758267005824,1.2530096409104126,0.0,Residential,0,1,11,1,0,0,0,1,0,0,0,0,0,0,0,0,0,high,0,1.0075833317146756,1.085359479199197,803,1.7518686476309007
T00123,R0009,0.5539661907210895,0.4523767964069727,0.6457277358361608,2023-10-27,1.0,Diya Patel,1.3763396069963922,0,Ahmedabad,2019-12-15,-0.5675715505425042,-0.12538075385875197,0.1897170405567468,Zone_10,0.0,-0.46361542252807086,0.44035034732709155,Industrial,0,4,10,0,1,0,0,0,1,0,0,0,0,0,0,0,0,low,0,-0.9760288199639143,-1.1377027886950153,1412,0.2209073970302225
T00124,R0297,0.41015434592742467,0.26640842633044154,0.6442468495729652,2024-05-25,1.0,Saanvi Gupta,2.0309758257900663,1,Pune,2023-09-20,1.020615410896844,0.0023974683897869183,-0.25240332106019747,Zone_8,0.3749277083599486,0.2886135378550845,0.0036363636363636598,Business,0,5,5,0,0,1,0,0,0,0,0,0,0,0,0,1,0,high,0,0.4018696382087846,0.6312337073245319,248,0.0023490419252832897
T00125,R0002,0.615866980227476,0.4960221156148986,0.8099934572489254,2024-03-30,0.0,Ishaan Nair,0.9835578757201877,0,Mumbai,2019-11-23,-1.290763827626493,-0.8775846282275089,0.20813872229078573,Zone_9,0.7054238122589644,0.0957343172440192,0.9163636363636365,Business,0,5,3,0,1,0,0,0,0,0,0,0,0,0,0,0,1,low,0,-0.4771337459618436,-0.6275303350717327,1589,0.6798955854234355
T00126,R0287,0.5364671937199045,0.42444456326850877,0.7034392587612552,2023-07-13,0.0,Saanvi Singh,-1.765914243213244,2,Delhi,2021-12-17,0.4817662632656365,0.48578489406586306,-1.2471741346983212,Zone_1,0.20357758267005824,1.2530096409104126,0.0,Residential,0,3,7,1,0,0,0,1,0,0,0,0,0,0,0,0,0,medium,0,1.113542467842143,1.4601256094459911,573,1.0083414533283972
T00127,R0098,0.7330619827877736,0.5101500286938133,0.794769705061843,2024-04-15,1.0,Diya Singh,-1.3731325119370394,2,Bengaluru,2023-04-29,0.2407021709043069,1.520065221322904,-0.9340055452196528,Zone_1,0.3749277083599486,-0.0059291052863966335,0.44035034732709155,Business,0,0,4,0,0,1,0,1,0,0,0,0,0,0,0,0,0,medium,0,3.045514629276893,3.3018800872295,352,6.315128839977178
T00128,R0113,0.9108859583275671,0.923422338521606,0.9712237979515541,2024-08-23,1.0,Aadhya Singh,-0.7184962931433652,2,Chennai,2019-03-09,1.212048660713194,0.10968295688148458,1.1108011272587133,Zone_10,0.0,-0.46361542252807086,0.44035034732709155,Industrial,0,4,8,0,0,0,1,0,1,0,0,0,0,0,0,0,0,high,0,0.7515258981364522,0.8013075955053376,1994,0.0904938559289731
T00129,R0047,0.5826349474542556,0.40943950433609355,0.780066181547324,2023-03-14,1.0,Reyansh Iyer,2.554684800825006,0,Bengaluru,2021-10-07,-1.2978539479900615,0.0023974683897869183,1.5713431706096965,Zone_4,0.13112332813653896,1.3108734070937318,0.6290909090909091,Business,0,1,3,0,0,0,1,0,0,0,0,1,0,0,0,0,0,low,0,-0.4489218130873361,-0.6010431164118148,523,-0.0018472559208220533
T00130,R0297,0.7381162930245507,0.5800882478920206,0.8792127526508726,2024-01-21,0.0,Saanvi Gupta,2.0309758257900663,1,Pune,2023-09-20,1.020615410896844,0.0023974683897869183,-0.25240332106019747,Zone_6,1.0,-2.392407628638726,0.24363636363636365,Mixed,0,6,1,0,0,1,0,0,0,0,0,0,0,1,0,0,0,high,0,0.7232070818683277,0.8614535340773302,123,0.0023490419252832897
T00131,R0246,0.3795663652311983,0.33146297329749147,0.6598514845413033,2024-04-15,0.0,Vivaan Das,-0.3257145618671607,2,Mumbai,2021-03-31,-0.08544336581984495,0.48578489406586306,1.4423913984714205,Zone_1,0.20357758267005824,1.2530096409104126,0.0,Residential,0,0,4,0,0,0,1,1,0,0,0,0,0,0,0,0,0,medium,0,-4.442315229382511,-7.722676631589894,1111,-5.685460648754492
T00132,R0220,0.9112797744108918,0.699323776473646,0.9159054792062507,2023-01-24,1.0,Ishaan Gupta,0.06706716940904384,0,Kolkata,2023-04-18,1.6941768454358532,1.8491544163592353,-0.418198456666552,Zone_1,0.20357758267005824,1.2530096409104126,0.0,Residential,0,1,1,0,1,0,0,1,0,0,0,0,0,0,0,0,0,high,0,0.5378894044419849,0.5406197597811105,-84,1.0914766196580332
T00133,R0060,0.8080414847939924,0.706442170483979,0.7208828365702402,2023-07-28,1.0,Ishaan Gupta,1.1144851194789225,0,Surat,2023-08-01,-0.9149874483573616,-0.7835591439314143,1.0371144003225559,Zone_4,0.13112332813653896,1.3108734070937318,0.6290909090909091,Business,0,4,7,1,0,0,0,0,0,0,0,1,0,0,0,0,0,low,0,-0.8831175621530495,-0.7878609022062661,-4,0.8563605384293578
T00134,R0039,0.4110655610274701,0.26899482607521624,0.6472981315053463,2023-07-30,1.0,Aadhya Iyer,-0.9803507806608349,1,Chennai,2023-11-18,-0.4399493839982708,-0.45446994889508313,0.3555121761631005,Zone_9,0.7054238122589644,0.0957343172440192,0.9163636363636365,Business,0,6,7,0,0,1,0,0,0,0,0,0,0,0,0,0,1,medium,0,-0.9343473953564753,-1.471301370222831,-111,1.0330050806409798
T00135,R0233,0.8442363504725418,0.7316821377178624,0.9608726487615249,2024-01-13,0.0,Ishaan Iyer,-0.19478731810842584,2,Hyderabad,2023-11-23,1.5381941974373456,0.8148740891021943,-0.0009730452730406338,Zone_9,0.7054238122589644,0.0957343172440192,0.9163636363636365,Business,0,5,1,0,1,0,0,0,0,0,0,0,0,0,0,0,1,high,0,0.5488490022124983,0.6246757726445419,51,0.5297602152314621
T00136,R0009,0.8781709144123625,0.7931111925061323,0.8416167029816972,2023-03-17,1.0,Diya Patel,1.3763396069963922,0,Ahmedabad,2019-12-15,-0.5675715505425042,-0.12538075385875197,0.1897170405567468,Zone_3,0.3749277083599486,0.6357961349550023,0.2581818181818183,Business,0,4,3,0,1,0,0,0,0,0,1,0,0,0,0,0,0,low,0,-1.5472426579045002,-1.4828380706842184,1188,0.2209073970302225
T00137,R0003,0.7394510054086253,0.581361956623628,0.7064664460240524,2023-01-25,1.0,Kavya Reddy,0.32892165692651354,1,Pune,2023-05-04,-1.468016836715706,-0.6895336596353198,-0.4550418201346307,Zone_10,0.0,-0.46361542252807086,0.44035034732709155,Industrial,0,2,1,0,0,1,0,0,1,0,0,0,0,0,0,0,0,low,0,-0.5037074418457956,-0.48123865364145385,-99,0.46970419029932
T00138,R0132,0.05309012395919942,0.08027224629913067,0.2232393585994099,2023-12-18,0.0,Aadhya Iyer,-1.1112780244195697,1,Surat,2022-12-09,1.6445460028908734,0.06267021473343727,-0.0009730452730406338,Zone_1,0.20357758267005824,1.2530096409104126,0.0,Residential,0,0,12,0,0,0,1,1,0,0,0,0,0,0,0,0,0,high,0,0.03228254111826284,0.13574528058624538,374,0.038107912228221116
T00139,R0053,0.9364571090715081,0.7284275160370008,0.9141076078733363,2023-03-09,0.0,Arjun Reddy,1.7691213382725968,0,Delhi,2019-09-16,-1.3403946701714726,-0.7835591439314143,1.552921488875656,Zone_7,0.7081316156560269,-0.0059291052863966335,0.52,Industrial,0,3,3,0,0,1,0,0,0,0,0,0,0,0,1,0,0,low,0,-0.6986428176051387,-0.6819689963079287,1270,0.5845734553921913
T00140,R0101,0.763207648562345,0.6767764044496257,0.8512106528232783,2024-07-18,0.0,Aarav Singh,0.7217033882027181,0,Delhi,2020-11-01,-0.17052481018266716,0.25072118332562654,-1.7998245867195015,Zone_2,0.3225568228440141,-0.0059291052863966335,1.0,Residential,0,3,7,0,1,0,0,0,0,1,0,0,0,0,0,0,0,medium,0,-4.475639924447314,-4.991711481229368,1355,-1.4702915256557245
T00141,R0112,0.8748877671633444,0.9334795770036837,0.8180359011976837,2023-08-24,0.0,Meera Nair,1.2454123632376575,0,Delhi,2020-11-13,0.41795517999351983,-0.5955081753392251,-1.412969270304675,Zone_4,0.13112332813653896,1.3108734070937318,0.6290909090909091,Business,0,3,8,1,0,0,0,0,0,0,0,1,0,0,0,0,0,medium,0,2.093257385102654,1.9572335512395536,1014,-1.424813482030437
T00142,R0277,0.5921811904328017,0.470839458494974,0.752928452060621,2023-02-11,0.0,Kavya Gupta,1.3763396069963922,0,Jaipur,2021-01-22,1.282949864348879,-0.36044446459898855,-1.7445595415173831,Zone_8,0.3749277083599486,0.2886135378550845,0.0036363636363636598,Business,0,5,2,1,0,0,0,0,0,0,0,0,0,0,0,1,0,high,0,0.46157781133040976,0.5868728568304158,750,-0.2809497663277129
T00143,R0278,0.6296686565518518,0.45307561341316616,0.8239812140951457,2023-09-08,0.0,Aarav Reddy,-1.5040597556957742,0,Mumbai,2021-09-02,0.9213537258068847,1.6140907056189988,0.4844639483013747,Zone_1,0.20357758267005824,1.2530096409104126,0.0,Residential,0,4,9,1,0,0,0,1,0,0,0,0,0,0,0,0,0,high,0,0.6834168451431758,0.8943158214002292,736,1.7518686476309007
T00144,R0227,0.7306762728510527,0.5320363272775374,0.8242769148677271,2023-05-11,1.0,Arjun Nair,-0.8494235369021,2,Pune,2020-07-11,0.4817662632656365,-0.03135526956265735,0.20813872229078573,Zone_2,0.3225568228440141,-0.0059291052863966335,1.0,Residential,0,3,5,0,1,0,0,0,0,1,0,0,0,0,0,0,0,medium,0,1.5166613533670625,1.710947772225464,1034,-0.06508398772076049
T00145,R0182,0.8686695160219235,0.8384214955178226,0.8636553280696952,2023-09-26,0.0,Meera Patel,1.507266850755127,1,Jaipur,2020-09-30,-1.7303512901677411,-1.1126483389677455,0.7239458108438874,Zone_6,1.0,-2.392407628638726,0.24363636363636365,Mixed,0,1,9,0,0,1,0,0,0,0,0,0,0,1,0,0,0,low,0,-0.502019168568779,-0.4991213824482843,1091,0.643018758843983
T00146,R0288,0.7361039433248142,0.6298553735684329,0.8272429632796106,2024-07-17,0.0,Diya Ghosh,1.3763396069963922,1,Ahmedabad,2021-08-30,-1.482197077442843,-0.8775846282275089,1.0186927185885153,Zone_2,0.3225568228440141,-0.0059291052863966335,1.0,Residential,0,2,7,0,0,0,1,0,0,1,0,0,0,0,0,0,0,low,0,-0.49663027577599583,-0.5581194133150023,1052,0.5920836315111077
T00147,R0043,0.32040788593746217,0.23809181167737237,0.5499304321609588,2023-08-04,0.0,Diya Kumar,-0.4566418056258955,1,Ahmedabad,2021-12-10,-1.1844120221729653,-0.36044446459898855,1.2397528993969873,Zone_6,1.0,-2.392407628638726,0.24363636363636365,Mixed,0,4,8,0,0,0,1,0,0,0,0,0,0,1,0,0,0,low,0,-0.27052062959444656,-0.4643066955298516,602,0.30432354438424564
T00148,R0162,0.7556904523983013,0.6416508024912256,0.76818379595383,2023-06-10,0.0,Meera Patel,-0.19478731810842584,1,Hyderabad,2023-08-14,1.006435170169707,0.6738358626580523,0.5028856300354152,Zone_3,0.3749277083599486,0.6357961349550023,0.2581818181818183,Business,0,5,6,0,0,1,0,0,0,0,1,0,0,0,0,0,0,high,0,0.7508585498565947,0.7632720106793341,-65,0.6695273402900147
T00149,R0232,0.921927752379492,0.8494061329036199,0.8475547342687286,2023-09-24,1.0,Meera Das,0.8526306319614528,1,Jaipur,2022-12-08,-0.5675715505425042,-0.40745720674703584,-0.12345154892192248,Zone_4,0.13112332813653896,1.3108734070937318,0.6290909090909091,Business,0,6,9,0,1,0,0,0,0,0,0,1,0,0,0,0,0,low,0,-1.6243374980621952,-1.4933002428656035,290,0.7178957549186079
T00150,R0240,0.7230628468583358,0.538136341496628,0.7163687639375242,2023-06-12,1.0,Aarav Iyer,-0.19478731810842584,1,Surat,2020-05-18,-0.5533913098153671,-1.018622854671651,0.11603031362058941,Zone_9,0.7054238122589644,0.0957343172440192,0.9163636363636365,Business,0,0,6,0,0,0,1,0,0,0,0,0,0,0,0,0,1,medium,0,-1.306603183016332,-1.2945067102274026,1120,1.8406918153657006
T00151,R0260,0.7340791203035134,0.7085093716908565,0.8810088563685561,2023-05-30,0.0,Reyansh Das,3.0783937758599453,2,Mumbai,2019-07-17,-1.3403946701714726,-0.9716101125236036,0.42919890309925784,Zone_6,1.0,-2.392407628638726,0.24363636363636365,Mixed,0,1,5,0,0,0,1,0,0,0,0,0,0,1,0,0,0,low,0,-0.5476589370574003,-0.6572757083970285,1413,0.724868677968787
T00152,R0238,0.31678488686156947,0.22376217073518556,0.5698954013105311,2023-01-25,1.0,Reyansh Patel,-0.19478731810842584,1,Pune,2019-04-22,0.0017782793317680683,1.520065221322904,1.6634515792798927,Zone_7,0.7081316156560269,-0.0059291052863966335,0.52,Industrial,0,2,1,0,0,1,0,0,0,0,0,0,0,0,1,0,0,medium,0,178.1412409188851,320.47574929856944,1374,854.7955285582536
T00153,R0252,0.2183242865487139,0.19391231544977663,0.4994962499472588,2023-02-06,1.0,Reyansh Gupta,-0.002498701550705167,2,Ahmedabad,2021-01-31,0.9922549294425698,1.0969505419904781,1.516078125407578,Zone_10,0.0,-0.46361542252807086,0.44035034732709155,Industrial,0,0,2,0,0,1,0,0,1,0,0,0,0,0,0,0,0,high,0,0.22002842220331864,0.5033950803629329,736,1.1055128167584156
T00154,R0096,0.5683339594404089,0.39762875439943624,0.6216409268369325,2023-05-01,0.0,Reyansh Das,1.1144851194789225,1,Kolkata,2019-12-28,-0.9291676890844986,-0.9716101125236036,0.8344759012481227,Zone_8,0.3749277083599486,0.2886135378550845,0.0036363636363636598,Business,0,0,5,0,0,1,0,0,0,0,0,0,0,0,0,1,0,low,0,-0.611659193617014,-0.6690298577315256,1220,1.045677894246326
T00155,R0134,0.6792119273405319,0.5298676820839546,0.8317587626477736,2024-01-08,1.0,Aadhya Singh,0.32892165692651354,1,Jaipur,2022-07-30,1.1198770959868032,0.25072118332562654,-0.0009730452730406338,Zone_3,0.3749277083599486,0.6357961349550023,0.2581818181818183,Business,0,0,1,1,0,0,0,0,0,0,1,0,0,0,0,0,0,high,0,0.6065057761914758,0.7427232556398092,527,0.2238827673359087
T00156,R0272,0.7296484679080956,0.7196649360834391,0.8234748950398358,2023-02-14,0.0,Kavya Ghosh,-1.3731325119370394,1,Kolkata,2020-01-15,1.2758597439853105,-0.9245973703755562,1.4423913984714205,Zone_10,0.0,-0.46361542252807086,0.44035034732709155,Industrial,0,1,2,1,0,0,0,0,1,0,0,0,0,0,0,0,0,high,0,0.5718876791495479,0.6454274452359529,1126,-0.7246857460111238
T00157,R0191,0.7401163221387126,0.6349650366886262,0.8201915865815155,2023-02-01,0.0,Meera Gupta,0.19799441316777866,2,Surat,2020-08-14,-1.1702317814458283,-0.8305718860794616,1.0186927185885153,Zone_3,0.3749277083599486,0.6357961349550023,0.2581818181818183,Business,0,2,2,0,0,0,1,0,0,0,1,0,0,0,0,0,0,low,0,-0.6324527618146676,-0.7008796031570463,901,0.709749896771121
T00158,R0193,0.9192501111454565,0.869355701247283,0.921208773462918,2024-03-14,1.0,Kavya Singh,0.19799441316777866,0,Chennai,2022-01-03,0.9709845683518643,2.0842181270994717,0.7423674925779263,Zone_4,0.13112332813653896,1.3108734070937318,0.6290909090909091,Business,0,3,3,0,0,1,0,0,0,0,0,1,0,0,0,0,0,high,0,0.946719588660177,0.9487367806746557,801,2.1464997436954065
T00159,R0156,0.7216593198805882,0.574295685876383,0.8807864657595177,2024-02-27,0.0,Ishaan Gupta,0.19799441316777866,0,Jaipur,2022-07-07,0.02090843963368283,-0.2664189803028939,0.5028856300354152,Zone_9,0.7054238122589644,0.0957343172440192,0.9163636363636365,Business,0,1,2,0,0,0,1,0,0,0,0,0,0,0,0,0,1,medium,0,34.515216463978405,42.12588223659688,600,-12.742174211494072
T00160,R0284,0.8630156815468045,0.734169512011143,0.9541209513997848,2023-07-04,0.0,Vivaan Das,-0.4566418056258955,0,Surat,2019-07-31,-0.8299060039945394,-0.2194062381548466,1.7371383062160501,Zone_6,1.0,-2.392407628638726,0.24363636363636365,Mixed,0,1,7,0,0,0,1,0,0,0,0,0,0,1,0,0,0,low,0,-1.0398956958895347,-1.1496735133947322,1434,0.26437480521744755
T00161,R0052,0.7039580859272816,0.6938692400454819,0.7683196195172797,2023-11-24,1.0,Reyansh Singh,-1.1112780244195697,2,Hyderabad,2021-03-09,-1.5034674385335485,-0.7835591439314143,1.3502829898012243,Zone_9,0.7054238122589644,0.0957343172440192,0.9163636363636365,Business,0,4,11,0,0,1,0,0,0,0,0,0,0,0,0,0,1,low,0,-0.4682230342240787,-0.5110317655210963,990,0.5211680172439797
T00162,R0040,0.9041174080500067,0.861474758419284,0.8078288118882202,2023-11-05,1.0,Aarav Gupta,0.32892165692651354,2,Surat,2023-05-05,1.651636123254442,0.5798103783619577,0.7423674925779263,Zone_1,0.3749277083599486,-0.0059291052863966335,0.44035034732709155,Business,0,6,11,0,1,0,0,1,0,0,0,0,0,0,0,0,0,high,0,0.5474071409073458,0.4891082245745787,184,0.35105212958135046
T00163,R0200,0.2726432661321482,0.23571411715916013,0.5770585438490075,2023-12-31,0.0,Kavya Kumar,-0.19478731810842584,2,Bengaluru,2021-11-15,1.3538510679845643,0.0023974683897869183,-0.7497887278792594,Zone_2,0.3225568228440141,-0.0059291052863966335,1.0,Residential,0,6,12,1,0,0,0,0,0,1,0,0,0,0,0,0,0,high,0,0.2013834996917524,0.42623487730305254,776,0.0017708509055992063
T00164,R0098,0.5793898505544836,0.46111010817029097,0.7176445345570968,2023-09-08,0.0,Diya Singh,-1.3731325119370394,2,Bengaluru,2023-04-29,0.2407021709043069,1.520065221322904,-0.9340055452196528,Zone_9,0.7054238122589644,0.0957343172440192,0.9163636363636365,Business,0,4,9,0,0,0,1,0,0,0,0,0,0,0,0,0,1,medium,0,2.4070819485247794,2.9814626592728244,132,6.315128839977178
T00165,R0055,0.8537609435709809,0.7325091942108185,0.9601515570639343,2024-04-22,1.0,Kavya Singh,0.06706716940904384,1,Delhi,2021-11-07,1.226228901440331,-0.5484954331911778,0.3370904944290615,Zone_3,0.3749277083599486,0.6357961349550023,0.2581818181818183,Business,0,0,4,0,0,0,1,0,0,0,1,0,0,0,0,0,0,high,0,0.696249242346312,0.7830116839817903,897,-0.4473026467953201
T00166,R0230,0.6784903578695851,0.5499128442478945,0.8008169753594063,2023-02-24,1.0,Kavya Gupta,0.06706716940904384,1,Chennai,2022-11-22,-0.48958022654325045,-0.03135526956265735,-0.6576803192090631,Zone_8,0.3749277083599486,0.2886135378550845,0.0036363636363636598,Business,0,4,2,1,0,0,0,0,0,0,0,0,0,0,0,1,0,medium,0,-1.3858614402386327,-1.6357216487554784,94,0.06404521233229865
T00167,R0287,0.8476016382343013,0.695878623288373,0.9562872294595357,2024-03-27,1.0,Saanvi Singh,-1.765914243213244,2,Delhi,2021-12-17,0.4817662632656365,0.48578489406586306,-1.2471741346983212,Zone_9,0.7054238122589644,0.0957343172440192,0.9163636363636365,Business,0,2,3,0,0,1,0,0,0,0,0,0,0,0,0,0,1,medium,0,1.7593627924231598,1.984960970445242,831,1.0083414533283972
T00168,R0131,0.7747670251966742,0.624551101478647,0.8738403673439232,2024-01-19,1.0,Reyansh Ghosh,-0.9803507806608349,1,Surat,2019-10-22,-1.085150337083006,-0.7835591439314143,-0.7497887278792594,Zone_9,0.7054238122589644,0.0957343172440192,0.9163636363636365,Business,0,4,1,0,0,1,0,0,0,0,0,0,0,0,0,0,1,low,0,-0.7139720633357829,-0.8052712490445284,1550,0.7220742759364575
T00169,R0043,0.8492713700995075,0.7192128324859799,0.8952482957297694,2024-03-09,0.0,Diya Kumar,-0.4566418056258955,1,Ahmedabad,2021-12-10,-1.1844120221729653,-0.36044446459898855,1.2397528993969873,Zone_1,0.20357758267005824,1.2530096409104126,0.0,Residential,0,5,3,0,0,0,1,1,0,0,0,0,0,0,0,0,0,low,0,-0.7170404843927567,-0.7558588387910099,820,0.30432354438424564
T00170,R0120,0.8071765618288647,0.7984081991311323,0.9260399071534267,2024-08-05,1.0,Ishaan Gupta,-1.765914243213244,1,Surat,2020-07-12,0.41795517999351983,-0.40745720674703584,1.0002710368544763,Zone_10,0.0,-0.46361542252807086,0.44035034732709155,Industrial,0,0,8,0,0,0,1,0,1,0,0,0,0,0,0,0,0,medium,0,1.9312514845285074,2.21564404864604,1485,-0.9748825382505206
T00171,R0279,0.8151966962810063,0.810961676269926,0.9264308125906529,2023-10-17,0.0,Diya Singh,-0.8494235369021,2,Pune,2022-04-21,1.431842391983818,2.836422001468229,-0.5103068653367483,Zone_7,0.7081316156560269,-0.0059291052863966335,0.52,Industrial,0,1,10,0,1,0,0,0,0,0,0,0,0,0,1,0,0,high,0,0.5693340976946151,0.6470201034536229,544,1.9809596484556975
T00172,R0084,0.9085130394078273,0.6986267401364838,0.9777946544217773,2023-07-23,0.0,Kavya Sharma,0.8526306319614528,1,Jaipur,2019-07-21,0.8079117999897883,-0.8305718860794616,1.2213312176629485,Zone_9,0.7054238122589644,0.0957343172440192,0.9163636363636365,Business,0,6,7,1,0,0,0,0,0,0,0,0,0,0,0,0,1,high,0,1.1245200768441685,1.2102740106458851,1463,-1.0280477226473976
T00173,R0015,0.8539955363290371,0.7141306570532341,0.9289134072807907,2023-08-31,0.0,Saanvi Patel,-0.4566418056258955,2,Chennai,2022-12-19,-1.4609267163521376,-1.0656355968196982,-0.25240332106019747,Zone_7,0.7081316156560269,-0.0059291052863966335,0.52,Industrial,0,3,8,0,0,1,0,0,0,0,0,0,0,0,1,0,0,low,0,-0.5845574091912168,-0.6358384694341425,255,0.7294244022592304
T00174,R0080,0.8549322262942705,0.7619178527804908,0.8448627840704881,2023-09-23,1.0,Reyansh Kumar,-1.6349869994545092,0,Mumbai,2021-05-15,-1.5460081607149596,-0.8305718860794616,1.0923794455246727,Zone_7,0.7081316156560269,-0.0059291052863966335,0.52,Industrial,0,5,9,0,1,0,0,0,0,0,0,0,0,0,1,0,0,low,0,-0.5529933463604115,-0.5464801580864728,861,0.5372364177530339
T00175,R0300,0.7149089571967235,0.64926876833828,0.8323709280470859,2023-10-02,1.0,Saanvi Iyer,0.8526306319614528,0,Kolkata,2023-07-08,0.2761527727221495,-0.7835591439314143,-0.6208369557409844,Zone_2,0.3225568228440141,-0.0059291052863966335,1.0,Residential,0,0,10,0,0,0,1,0,0,1,0,0,0,0,0,0,0,medium,0,2.5888168717249407,3.0141682802677274,86,-2.837411828994347
T00176,R0040,0.5837095221125446,0.45086392868613084,0.6401525750782249,2023-09-04,1.0,Aarav Gupta,0.32892165692651354,2,Surat,2023-05-05,1.651636123254442,0.5798103783619577,0.7423674925779263,Zone_1,0.20357758267005824,1.2530096409104126,0.0,Residential,0,0,9,1,0,0,0,1,0,0,0,0,0,0,0,0,0,high,0,0.35341290608392767,0.38758693035657615,122,0.35105212958135046
T00177,R0147,0.5620898520160061,0.4113522038316321,0.7642328995493466,2023-06-06,0.0,Saanvi Nair,0.45984890068524836,2,Mumbai,2022-08-29,-0.09253348618341346,0.0023974683897869183,-0.1787165941240401,Zone_10,0.0,-0.46361542252807086,0.44035034732709155,Industrial,0,1,6,1,0,0,0,0,1,0,0,0,0,0,0,0,0,medium,0,-6.074448020923697,-8.258987433311841,281,-0.025909197725835408
T00178,R0019,0.8250807904531631,0.7815792795050995,0.8514425464841195,2023-04-26,0.0,Kavya Patel,-0.002498701550705167,2,Mumbai,2023-04-02,0.09889976363293652,0.015657472585389957,0.13445199535462835,Zone_3,0.3749277083599486,0.6357961349550023,0.2581818181818183,Business,0,2,4,1,0,0,0,0,0,0,1,0,0,0,0,0,0,medium,0,8.34259618167972,8.609146424699484,24,0.15831658246931907
T00179,R0270,0.5314702258992581,0.4637140099481336,0.7633794874157562,2024-01-02,0.0,Aadhya Reddy,0.45984890068524836,1,Hyderabad,2022-01-02,1.4389325123473864,1.8961671585072826,-1.7077161780493044,Zone_3,0.3749277083599486,0.6357961349550023,0.2581818181818183,Business,0,1,1,0,1,0,0,0,0,0,1,0,0,0,0,0,0,high,0,0.3693503491920202,0.530517922741509,730,1.3177596184924556
T00180,R0281,0.28758713743920866,0.2489654628039622,0.5756800330063967,2023-05-23,0.0,Arjun Iyer,-1.3731325119370394,0,Jaipur,2020-10-15,0.11308000436007357,-0.3134317224509412,1.3502829898012243,Zone_7,0.7081316156560269,-0.0059291052863966335,0.52,Industrial,0,1,5,0,0,0,1,0,0,0,0,0,0,0,1,0,0,medium,0,2.543218308724706,5.090909186502106,950,-2.7717696353539236
T00181,R0057,0.4607714170429718,0.3281955085480007,0.7174855730232133,2024-03-09,1.0,Aadhya Reddy,0.9835578757201877,1,Bengaluru,2023-06-04,1.0986067348960975,-0.5955081753392251,-0.6392586374750233,Zone_1,0.3749277083599486,-0.0059291052863966335,0.44035034732709155,Business,0,5,3,0,1,0,0,1,0,0,0,0,0,0,0,0,0,high,0,0.41941433854995436,0.6530868146289588,279,-0.5420576412136653
T00182,R0051,0.6628729496783452,0.5459355720613394,0.8011996467285647,2023-07-18,0.0,Aarav Nair,-1.3731325119370394,1,Kolkata,2020-04-05,-0.2768766156361949,-0.45446994889508313,0.023921904950391464,Zone_8,0.3749277083599486,0.2886135378550845,0.0036363636363636598,Business,0,1,7,0,1,0,0,0,0,0,0,0,0,0,0,1,0,medium,0,-2.394109550043527,-2.893706443527574,1199,1.641416873905447
T00183,R0023,0.5874429387664885,0.5386120354480894,0.7655311024114155,2024-03-11,1.0,Meera Iyer,-0.9803507806608349,1,Jaipur,2019-10-09,-0.5392110690882301,0.3917594097697685,-1.4682343155067934,Zone_7,0.7081316156560269,-0.0059291052863966335,0.52,Industrial,0,0,3,0,1,0,0,0,0,0,0,0,0,0,1,0,0,medium,0,-1.0894489606079771,-1.4197243830804094,1615,-0.7265418538833178
T00184,R0125,0.8844262667517093,0.8072031050010376,0.9609513374594276,2023-09-12,0.0,Saanvi Ghosh,1.638194094513862,1,Ahmedabad,2023-04-22,-1.085150337083006,-0.2194062381548466,-0.2155599575921188,Zone_7,0.7081316156560269,-0.0059291052863966335,0.52,Industrial,0,1,9,0,0,0,1,0,0,0,0,0,0,0,1,0,0,low,0,-0.8150264866793818,-0.885546734512899,143,0.20218971570762517
T00185,R0103,0.8052765209003158,0.7090321521130477,0.7471805154678519,2023-03-08,0.0,Ishaan Gupta,0.7217033882027181,2,Surat,2022-11-24,-0.5463011894517986,-0.45446994889508313,-1.7261378597833443,Zone_4,0.13112332813653896,1.3108734070937318,0.6290909090909091,Business,0,2,3,0,0,1,0,0,0,0,0,1,0,0,0,0,0,medium,0,-1.474052292854045,-1.367708015092611,104,0.8319036415628782
T00187,R0282,0.8627874800694461,0.8052972247874713,0.9176864333434256,2024-05-01,1.0,Reyansh Kumar,-1.2422052681783047,1,Bengaluru,2022-05-02,0.474676142902068,-0.9716101125236036,-0.0009730452730406338,Zone_9,0.7054238122589644,0.0957343172440192,0.9163636363636365,Business,0,2,5,0,0,0,1,0,0,0,0,0,0,0,0,0,1,medium,0,1.8176339657488338,1.9332895639812184,730,-2.046890552753269
T00188,R0050,0.8591144080446409,0.7770719470925695,0.851337178523818,2024-08-14,0.0,Diya Das,-0.002498701550705167,1,Ahmedabad,2022-10-06,0.5526674669013217,0.0023974683897869183,-1.0813789990919676,Zone_1,0.20357758267005824,1.2530096409104126,0.0,Residential,0,2,8,0,0,1,0,1,0,0,0,0,0,0,0,0,0,high,0,1.55448702790757,1.5404148597656164,678,0.004337994424077406
T00189,R0076,0.9762062021363788,0.7811614303241645,0.9416024546515092,2024-06-21,0.0,Reyansh Reddy,1.1144851194789225,1,Bengaluru,2022-01-02,-0.8157257632674023,-0.5014826910431305,-1.2287524529642824,Zone_10,0.0,-0.46361542252807086,0.44035034732709155,Industrial,0,4,6,1,0,0,0,0,1,0,0,0,0,0,0,0,0,low,0,-1.1967333215346412,-1.1543125116949915,901,0.6147687294249893
T00190,R0115,0.5869121987609452,0.46514720422669087,0.8044133502018813,2023-12-02,0.0,Aarav Ghosh,1.1144851194789225,0,Bengaluru,2020-03-01,-0.5817517912696412,-0.40745720674703584,0.7239458108438874,Zone_6,1.0,-2.392407628638726,0.24363636363636365,Mixed,0,5,12,0,0,1,0,0,0,0,0,0,0,1,0,0,0,low,0,-1.0088704625731222,-1.3827432287682235,1371,0.7003969955258461
T00191,R0272,0.12159961402927529,0.13734126782674203,0.3990461427526546,2024-07-01,0.0,Kavya Ghosh,-1.3731325119370394,1,Kolkata,2020-01-15,1.2758597439853105,-0.9245973703755562,1.4423913984714205,Zone_9,0.7054238122589644,0.0957343172440192,0.9163636363636365,Business,0,0,7,0,0,1,0,0,0,0,0,0,0,0,0,0,1,high,0,0.09530797926850752,0.3127664656196324,1629,-0.7246857460111238
T00192,R0110,0.6662234447065017,0.5569816807821554,0.7339287219154536,2023-03-24,0.0,Vivaan Patel,-1.6349869994545092,1,Kolkata,2023-02-04,-0.19888529163694124,0.2037084411775792,0.7792108560460042,Zone_2,0.3225568228440141,-0.0059291052863966335,1.0,Residential,0,4,3,1,0,0,0,0,0,1,0,0,0,0,0,0,0,medium,0,-3.349787403699372,-3.6902111557611663,48,-1.0242509111706584
T00193,R0158,0.5113510932843921,0.4251857044574365,0.7203472809087503,2023-10-18,1.0,Aarav Iyer,-0.5875690493846304,1,Ahmedabad,2020-07-26,1.3396708272574271,1.7081161899150934,-0.8050537730813778,Zone_7,0.7081316156560269,-0.0059291052863966335,0.52,Industrial,0,2,10,1,0,0,0,0,0,0,0,0,0,0,1,0,0,high,0,0.38169905836587453,0.5377046855483482,1179,1.2750267865516989
T00194,R0189,0.6611847267914666,0.46854318672485973,0.7632397571208145,2023-07-09,1.0,Ishaan Gupta,-0.3257145618671607,0,Delhi,2019-09-16,-0.09962360654698198,0.8618868312502416,-1.3392825433685185,Zone_10,0.0,-0.46361542252807086,0.44035034732709155,Industrial,0,6,7,0,1,0,0,0,1,0,0,0,0,0,0,0,0,medium,0,-6.636827853443102,-7.661233954232269,1392,-8.651431735145827
T00195,R0223,0.42530957879298265,0.33699775969720736,0.6321833371663279,2024-02-05,1.0,Ishaan Gupta,-0.19478731810842584,0,Surat,2019-11-29,-0.6668332356324634,-0.6425209174872724,0.06076526841847097,Zone_9,0.7054238122589644,0.0957343172440192,0.9163636363636365,Business,0,0,2,0,0,0,1,0,0,0,0,0,0,0,0,0,1,low,0,-0.6378050104080285,-0.9480381351519296,1529,0.9635406322809752
T00196,R0185,0.8008916174583449,0.7603754337889272,0.8515583777086688,2024-06-22,1.0,Vivaan Sharma,-0.5875690493846304,1,Delhi,2021-08-27,-0.36195805999901715,-0.5484954331911778,0.07918695015250991,Zone_7,0.7081316156560269,-0.0059291052863966335,0.52,Industrial,0,5,6,0,0,1,0,0,0,0,0,0,0,0,1,0,0,medium,0,-2.212664134238424,-2.3526437778757603,1030,1.5153563183333094
T00197,R0187,0.7930734911096892,0.7037692573864625,0.9006446488173869,2023-05-24,0.0,Saanvi Reddy,-0.002498701550705167,2,Surat,2022-08-05,0.7441007167176716,0.6738358626580523,1.295017944599106,Zone_5,0.012308197259374737,-0.9072376299335215,0.44035034732709155,Business,0,2,5,1,0,0,0,0,0,0,0,0,1,0,0,0,0,high,0,1.0658147120299024,1.2103800313353434,292,0.9055707749220199
T00198,R0247,0.7065463199659354,0.607793082230587,0.7859009725411976,2023-05-13,1.0,Aadhya Das,0.7217033882027181,1,Bengaluru,2021-05-11,-0.02163228254772828,1.0969505419904781,1.6818732610139318,Zone_4,0.13112332813653896,1.3108734070937318,0.6290909090909091,Business,0,5,5,0,0,1,0,0,0,0,0,1,0,0,0,0,0,medium,0,-32.66166288310309,-36.33000682231424,732,-50.708959610259654
T00199,R0051,0.7635171420971524,0.5619144163249794,0.908768337725345,2024-02-02,1.0,Aarav Nair,-1.3731325119370394,1,Kolkata,2020-04-05,-0.2768766156361949,-0.45446994889508313,0.023921904950391464,Zone_6,1.0,-2.392407628638726,0.24363636363636365,Mixed,0,4,2,0,0,1,0,0,0,0,0,0,0,1,0,0,0,medium,0,-2.7576078981707295,-3.2822141213956155,1398,1.641416873905447
T00200,R0223,0.6844552905178775,0.6293422490929077,0.8149594458442067,2023-09-08,1.0,Ishaan Gupta,-0.19478731810842584,0,Surat,2019-11-29,-0.6668332356324634,-0.6425209174872724,0.06076526841847097,Zone_1,0.3749277083599486,-0.0059291052863966335,0.44035034732709155,Business,0,4,9,0,1,0,0,1,0,0,0,0,0,0,0,0,0,low,0,-1.026426479581061,-1.2221338144180107,1379,0.9635406322809752
T00201,R0100,0.8253369021099932,0.697416974581457,0.8751048330174449,2023-12-12,0.0,Ishaan Gupta,-0.4566418056258955,1,Delhi,2021-05-24,0.9284438461704532,1.7081161899150934,-0.39977677493251224,Zone_10,0.0,-0.46361542252807086,0.44035034732709155,Industrial,0,1,12,0,0,1,0,0,1,0,0,0,0,0,0,0,0,high,0,0.8889464941948352,0.9425500924229124,932,1.8397625197911
T00202,R0295,0.7237623554801287,0.518897344450282,0.7601903546233355,2024-08-08,0.0,Kavya Gupta,-1.765914243213244,0,Delhi,2019-05-29,-1.0922404574465745,-0.2664189803028939,-0.7682104096132991,Zone_2,0.3225568228440141,-0.0059291052863966335,1.0,Residential,0,3,8,1,0,0,0,0,0,1,0,0,0,0,0,0,0,low,0,-0.6626401270395448,-0.695991756614197,1898,0.2439197142776827
T00203,R0098,0.6590621046283162,0.57853408294764,0.7402225178225574,2023-03-21,0.0,Diya Singh,-1.3731325119370394,2,Bengaluru,2023-04-29,0.2407021709043069,1.520065221322904,-0.9340055452196528,Zone_1,0.20357758267005824,1.2530096409104126,0.0,Residential,0,1,3,1,0,0,0,1,0,0,0,0,0,0,0,0,0,medium,0,2.7380812651263193,3.0752631562963297,-39,6.315128839977178
T00204,R0124,0.8473624068786412,0.6647436897824697,0.9160654946268099,2024-02-11,0.0,Aadhya Das,0.7217033882027181,2,Hyderabad,2022-06-09,1.1836881792589198,0.06267021473343727,-0.7682104096132991,Zone_6,1.0,-2.392407628638726,0.24363636363636365,Mixed,0,6,2,0,1,0,0,0,0,0,0,0,0,1,0,0,0,high,0,0.7158662405576741,0.7739077830449719,612,0.05294486827829409
T00205,R0024,0.7294425182943258,0.6630845986119175,0.9040659185253639,2024-08-06,0.0,Meera Kumar,1.2454123632376575,2,Chennai,2021-01-31,-0.7944554021766967,-0.36044446459898855,-0.0009730452730406338,Zone_2,0.3225568228440141,-0.0059291052863966335,1.0,Residential,0,1,8,0,0,1,0,0,0,1,0,0,0,0,0,0,0,low,0,-0.9181667294296889,-1.1379693763153345,1283,0.45370006121353207
T00206,R0167,0.892862381826118,0.8941040784172933,0.8856493086825474,2023-06-23,1.0,Kavya Nair,1.638194094513862,1,Hyderabad,2021-01-31,-0.9575281705387727,-0.8775846282275089,1.3687046715352633,Zone_5,0.012308197259374737,-0.9072376299335215,0.44035034732709155,Business,0,4,6,0,0,0,1,0,0,0,0,0,1,0,0,0,0,low,0,-0.9324659151528991,-0.9249329011220827,873,0.9165105061438746
T00207,R0246,0.4504504730049522,0.3993580358850061,0.685533527640271,2024-07-06,1.0,Vivaan Das,-0.3257145618671607,2,Mumbai,2021-03-31,-0.08544336581984495,0.48578489406586306,1.4423913984714205,Zone_2,0.3225568228440141,-0.0059291052863966335,1.0,Residential,0,5,7,1,0,0,0,0,0,1,0,0,0,0,0,0,0,medium,0,-5.271918640877455,-8.023250501223233,1193,-5.685460648754492
T00208,R0287,0.5963360369225261,0.5607709068145685,0.6379433299425246,2023-09-15,0.0,Saanvi Singh,-1.765914243213244,2,Delhi,2021-12-17,0.4817662632656365,0.48578489406586306,-1.2471741346983212,Zone_5,0.012308197259374737,-0.9072376299335215,0.44035034732709155,Business,0,4,9,1,0,0,0,0,0,0,0,0,1,0,0,0,0,medium,0,1.237811948226267,1.3241760135262421,637,1.0083414533283972
T00209,R0284,0.133732004744796,0.10350255606991396,0.3821529275400208,2023-08-11,0.0,Vivaan Das,-0.4566418056258955,0,Surat,2019-07-31,-0.8299060039945394,-0.2194062381548466,1.7371383062160501,Zone_7,0.7081316156560269,-0.0059291052863966335,0.52,Industrial,0,4,8,0,0,0,1,0,0,0,0,0,0,0,1,0,0,low,0,-0.16114114622753822,-0.46047736213574286,1472,0.26437480521744755
T00210,R0065,0.6649710326872575,0.6365919308994384,0.8567539892735863,2024-04-24,0.0,Meera Nair,1.507266850755127,2,Mumbai,2023-06-28,-0.5108505876339561,0.3917594097697685,0.9450059916523579,Zone_10,0.0,-0.46361542252807086,0.44035034732709155,Industrial,0,2,4,0,0,1,0,0,1,0,0,0,0,0,0,0,0,medium,0,-1.3016937804987603,-1.677112662709675,301,-0.7668766939942898
T00211,R0092,0.779219666620633,0.7083717368747955,0.740182632572119,2024-07-11,1.0,Aarav Nair,-1.3731325119370394,1,Surat,2019-07-18,-0.00036192145702272454,-0.03135526956265735,0.926584309918319,Zone_10,0.0,-0.46361542252807086,0.44035034732709155,Industrial,0,3,7,0,0,0,1,0,1,0,0,0,0,0,0,0,0,medium,0,-2153.007652629192,-2045.1471395509,1820,86.63556402705518
T00212,R0193,0.6864196404030072,0.593740524682351,0.8139827277953422,2023-01-16,1.0,Kavya Singh,0.19799441316777866,0,Chennai,2022-01-03,0.9709845683518643,2.0842181270994717,0.7423674925779263,Zone_5,0.012308197259374737,-0.9072376299335215,0.44035034732709155,Business,0,0,1,0,0,0,1,0,0,0,0,0,1,0,0,0,0,high,0,0.7069315649044005,0.8383065543224699,378,2.1464997436954065
T00213,R0070,0.9584042017718893,0.9805648804803299,0.9751309645271609,2023-09-08,1.0,Meera Reddy,0.19799441316777866,1,Bengaluru,2023-01-03,0.41086505962995135,-0.8305718860794616,-0.8603188182834954,Zone_1,0.20357758267005824,1.2530096409104126,0.0,Residential,0,4,9,1,0,0,0,1,0,0,0,0,0,0,0,0,0,medium,0,2.3326495629369974,2.3733606488841366,248,-2.021519880097671
T00214,R0127,0.6277992929295181,0.5045558101305256,0.707022204945444,2023-09-04,1.0,Ishaan Gupta,-0.002498701550705167,1,Chennai,2020-03-17,-1.482197077442843,-1.018622854671651,1.516078125407578,Zone_5,0.012308197259374737,-0.9072376299335215,0.44035034732709155,Business,0,0,9,0,1,0,0,0,0,0,0,0,1,0,0,0,0,low,0,-0.4235599317282607,-0.47700957970125835,1266,0.6872384719777127
T00215,R0132,0.4083242548577314,0.32214363701470994,0.6620824319213623,2023-02-12,0.0,Aadhya Iyer,-1.1112780244195697,1,Surat,2022-12-09,1.6445460028908734,0.06267021473343727,-0.0009730452730406338,Zone_1,0.3749277083599486,-0.0059291052863966335,0.44035034732709155,Business,0,6,2,0,0,0,1,1,0,0,0,0,0,0,0,0,0,high,0,0.24828995609727947,0.4025928315520012,65,0.038107912228221116
T00216,R0266,0.8008916174583449,0.7910902612921886,0.9153369650104859,2023-07-01,0.0,Diya Reddy,-0.3257145618671607,1,Chennai,2020-09-25,-1.0922404574465745,-0.5014826910431305,-0.19713827585807986,Zone_6,1.0,-2.392407628638726,0.24363636363636365,Mixed,0,5,7,0,0,0,1,0,0,0,0,0,0,1,0,0,0,low,0,-0.733255769824402,-0.8380361291050771,1009,0.45913213306114864
T00217,R0149,0.7374468862297444,0.529263804159824,0.8453652485769496,2023-12-03,1.0,Diya Reddy,-0.19478731810842584,1,Jaipur,2019-09-14,-1.156051540718691,-0.736546401783367,1.0371144003225559,Zone_4,0.13112332813653896,1.3108734070937318,0.6290909090909091,Business,0,6,12,0,0,0,1,0,0,0,0,1,0,0,0,0,0,low,0,-0.6379013912920269,-0.7312522139379747,1541,0.6371224602369137
T00218,R0091,0.7983989952635747,0.7864523435317976,0.8931134210823706,2023-05-09,0.0,Meera Das,1.2454123632376575,2,Surat,2022-04-16,0.5810279483555958,0.9088995733982889,-1.1182223625600463,Zone_10,0.0,-0.46361542252807086,0.44035034732709155,Industrial,0,1,5,1,0,0,0,0,1,0,0,0,0,0,0,0,0,high,0,1.3741146144917376,1.5371264387711947,388,1.5642957898507697
T00219,R0273,0.7622774047399289,0.6195165755824626,0.9109306029413413,2024-02-09,1.0,Aadhya Nair,1.507266850755127,1,Delhi,2022-09-17,0.26197253199501247,1.1439632841385254,-0.4550418201346307,Zone_8,0.3749277083599486,0.2886135378550845,0.0036363636363636598,Business,0,4,2,0,0,1,0,0,0,0,0,0,0,0,0,1,0,medium,0,2.9097608017715437,3.4771989109098045,510,4.366729883575369
T00220,R0166,0.7528262999891304,0.7361182563304405,0.8926234192126847,2024-04-06,1.0,Reyansh Sharma,-0.9803507806608349,2,Chennai,2021-03-16,0.0017782793317680683,1.8491544163592353,0.5213073117694542,Zone_1,0.20357758267005824,1.2530096409104126,0.0,Residential,0,5,4,0,1,0,0,1,0,0,0,0,0,0,0,0,0,medium,0,423.34535780755374,501.9590585496975,1117,1039.8559907462338
T00221,R0270,0.4128804012594688,0.3203272030095539,0.6039600295828289,2023-10-26,0.0,Aadhya Reddy,0.45984890068524836,1,Hyderabad,2022-01-02,1.4389325123473864,1.8961671585072826,-1.7077161780493044,Zone_1,0.20357758267005824,1.2530096409104126,0.0,Residential,0,3,10,0,0,1,0,1,0,0,0,0,0,0,0,0,0,high,0,0.2869352090640589,0.4197278360175249,662,1.3177596184924556
T00222,R0283,0.5426077956093424,0.35225143716506174,0.6930487493523405,2024-03-04,0.0,Diya Nair,-1.6349869994545092,1,Surat,2023-06-15,-0.04999276400200235,1.0029250576943836,-0.8418971365494565,Zone_1,0.20357758267005824,1.2530096409104126,0.0,Residential,0,0,3,0,0,1,0,1,0,0,0,0,0,0,0,0,0,medium,0,-10.853726663074868,-13.862981237136276,263,-20.061404439534762
T00223,R0260,0.5815568263385216,0.39518026887494007,0.6968391939710099,2023-06-16,1.0,Reyansh Das,3.0783937758599453,2,Mumbai,2019-07-17,-1.3403946701714726,-0.9716101125236036,0.42919890309925784,Zone_8,0.3749277083599486,0.2886135378550845,0.0036363636363636598,Business,0,4,6,0,0,0,1,0,0,0,0,0,0,0,0,1,0,low,0,-0.43386984392001854,-0.5198761301265584,1430,0.724868677968787
T00224,R0084,0.6411158825083926,0.5077057142486707,0.801238991711468,2023-03-13,0.0,Kavya Sharma,0.8526306319614528,1,Jaipur,2019-07-21,0.8079117999897883,-0.8305718860794616,1.2213312176629485,Zone_1,0.20357758267005824,1.2530096409104126,0.0,Residential,0,0,3,1,0,0,0,1,0,0,0,0,0,0,0,0,0,high,0,0.7935468729587759,0.9917406723377419,1331,-1.0280477226473976
T00225,R0230,0.564032623817522,0.40759555438400996,0.7906830766737087,2024-01-07,1.0,Kavya Gupta,0.06706716940904384,1,Chennai,2022-11-22,-0.48958022654325045,-0.03135526956265735,-0.6576803192090631,Zone_8,0.3749277083599486,0.2886135378550845,0.0036363636363636598,Business,0,6,1,0,0,1,0,0,0,0,0,0,0,0,0,1,0,medium,0,-1.1520739466950147,-1.6150224903003885,411,0.06404521233229865
T00226,R0282,0.7786294760327168,0.7611470163305187,0.7868954104820018,2023-08-30,1.0,Reyansh Kumar,-1.2422052681783047,1,Bengaluru,2022-05-02,0.474676142902068,-0.9716101125236036,-0.0009730452730406338,Zone_8,0.3749277083599486,0.2886135378550845,0.0036363636363636598,Business,0,2,8,0,0,1,0,0,0,0,0,0,0,0,0,1,0,medium,0,1.6403383394672912,1.657752179562032,485,-2.046890552753269
T00227,R0067,0.8052765209003158,0.5862112058985106,0.9405127571180112,2023-07-18,0.0,Saanvi Iyer,0.06706716940904384,1,Pune,2022-07-24,0.680289633445555,-0.6895336596353198,-1.155065726028125,Zone_6,1.0,-2.392407628638726,0.24363636363636365,Mixed,0,1,7,0,0,1,0,0,0,0,0,0,0,1,0,0,0,high,0,1.183725991562921,1.3825181376856632,359,-1.013588368446753
T00228,R0139,0.3874860355709591,0.3467587554553868,0.6469579428339289,2023-12-16,0.0,Diya Gupta,1.638194094513862,1,Kolkata,2021-01-31,-0.688103596723169,-0.7835591439314143,0.7055241291098469,Zone_9,0.7054238122589644,0.0957343172440192,0.9163636363636365,Business,0,5,12,0,0,1,0,0,0,0,0,0,0,0,0,0,1,low,0,-0.5631216540884448,-0.9402042743488327,1049,1.1387226395310472
T00229,R0202,0.8167773625983643,0.7958665606929158,0.819926735018321,2023-09-08,1.0,Aadhya Reddy,-0.5875690493846304,1,Ahmedabad,2021-10-28,0.46049590217493097,-1.1126483389677455,1.3134396263331447,Zone_2,0.3225568228440141,-0.0059291052863966335,1.0,Residential,0,4,9,1,0,0,0,0,0,1,0,0,0,0,0,0,0,medium,0,1.7736908379438538,1.7805299268588306,680,-2.416195961164228
T00230,R0040,0.803365363914808,0.6080582794415127,0.7742098308224399,2023-08-23,0.0,Aarav Gupta,0.32892165692651354,2,Surat,2023-05-05,1.651636123254442,0.5798103783619577,0.7423674925779263,Zone_5,0.012308197259374737,-0.9072376299335215,0.44035034732709155,Business,0,2,8,0,0,1,0,0,0,0,0,0,1,0,0,0,0,high,0,0.48640578430303916,0.4687532683027721,110,0.35105212958135046
T00231,R0026,0.7865084652370351,0.7643112627986361,0.7713313148319156,2023-08-22,1.0,Ishaan Gupta,-0.7184962931433652,0,Surat,2020-04-17,-1.4751069570792745,-0.8775846282275089,-1.5419210424429508,Zone_5,0.012308197259374737,-0.9072376299335215,0.44035034732709155,Business,0,1,8,0,0,1,0,0,0,0,0,0,1,0,0,0,0,low,0,-0.533187414961644,-0.5228985675446605,1222,0.5949294890216874
T00232,R0263,0.20492054371962623,0.15745177640872884,0.44442262789323195,2023-09-17,0.0,Ishaan Das,-0.06386007434969102,2,Chennai,2020-12-30,0.3186934949035606,-0.12538075385875197,-0.3076683662623159,Zone_8,0.3749277083599486,0.2886135378550845,0.0036363636363636598,Business,0,6,9,0,0,0,1,0,0,0,0,0,0,0,0,1,0,medium,0,0.6430019658281289,1.3945142746880292,991,-0.39342112676850616
T00233,R0089,0.7827385918672949,0.7344798692007294,0.887279445313673,2023-12-14,1.0,Saanvi Reddy,2.161903069548801,2,Surat,2022-09-21,0.3966848189028143,-0.8305718860794616,-0.1787165941240401,Zone_2,0.3225568228440141,-0.0059291052863966335,1.0,Residential,0,3,12,1,0,0,0,0,0,1,0,0,0,0,0,0,0,medium,0,1.9732002702605609,2.236736580360671,449,-2.0937828888353485
T00234,R0169,0.8633804726528915,0.6840418180947884,0.866315972954977,2024-03-02,0.0,Reyansh Kumar,0.06706716940904384,1,Delhi,2023-02-21,1.7367175676172641,2.6953837750240868,0.3370904944290615,Zone_6,1.0,-2.392407628638726,0.24363636363636365,Mixed,0,5,3,1,0,0,0,0,0,0,0,0,0,1,0,0,0,high,0,0.4971334940991179,0.498823751834066,375,1.5519989117874187
T00235,R0133,0.8509326107380061,0.8702606308691556,0.7775251895299431,2023-09-22,0.0,Diya Kumar,-0.8494235369021,0,Delhi,2019-07-13,-0.688103596723169,0.0023974683897869183,0.7239458108438874,Zone_7,0.7081316156560269,-0.0059291052863966335,0.52,Industrial,0,4,9,1,0,0,0,0,0,0,0,0,0,0,1,0,0,low,0,-1.236634446891788,-1.129953677371562,1532,-0.0034841677927625247
T00236,R0067,0.8201241032042846,0.7838736435218336,0.9221520779647663,2023-08-31,0.0,Saanvi Iyer,0.06706716940904384,1,Pune,2022-07-24,0.680289633445555,-0.6895336596353198,-1.155065726028125,Zone_1,0.3749277083599486,-0.0059291052863966335,0.44035034732709155,Business,0,3,8,0,0,1,0,1,0,0,0,0,0,0,0,0,0,high,0,1.2055513753024443,1.3555286346114341,403,-1.013588368446753
T00237,R0176,0.9179030147971082,0.8836163290412733,0.8082477023113968,2023-09-08,1.0,Kavya Gupta,1.507266850755127,1,Mumbai,2019-05-24,0.05635904145152542,-0.5014826910431305,-0.10502986718788272,Zone_8,0.3749277083599486,0.2886135378550845,0.0036363636363636598,Business,0,4,9,1,0,0,0,0,0,0,0,0,0,0,0,1,0,medium,0,16.286703803977918,14.341047709382584,1568,-8.897998939078075
T00238,R0073,0.7310181571329695,0.7107080786734831,0.857996078263251,2023-12-27,0.0,Meera Das,1.2454123632376575,2,Ahmedabad,2021-06-19,1.6870867250722845,0.29773392547367383,-1.8366679501875802,Zone_4,0.13112332813653896,1.3108734070937318,0.6290909090909091,Business,0,2,12,0,1,0,0,0,0,0,0,1,0,0,0,0,0,high,0,0.4333020622289873,0.5085666702916469,921,0.17647813894150416
T00239,R0121,0.7109361338618158,0.5923832088147574,0.8806974299953301,2024-07-22,1.0,Diya Iyer,-0.3257145618671607,1,Pune,2023-07-13,0.8929932443526105,-0.6425209174872724,0.30024713096098204,Zone_1,0.20357758267005824,1.2530096409104126,0.0,Residential,0,0,7,0,0,1,0,1,0,0,0,0,0,0,0,0,0,high,0,0.7961271133436402,0.986230786811613,375,-0.7195137494607565
T00240,R0062,0.8096033444414217,0.692041980345483,0.8129085478098836,2023-03-19,1.0,Kavya Sharma,0.8526306319614528,1,Jaipur,2019-05-13,-1.3829353923528838,-0.9716101125236036,-0.786632091347338,Zone_8,0.3749277083599486,0.2886135378550845,0.0036363636363636598,Business,0,6,3,0,1,0,0,0,0,0,0,0,0,0,0,1,0,low,0,-0.5854238375257628,-0.58781382869002,1406,0.7025708633217753
T00241,R0057,0.3952182403761872,0.3696313931484889,0.5620375813135576,2023-09-24,0.0,Aadhya Reddy,0.9835578757201877,1,Bengaluru,2023-06-04,1.0986067348960975,-0.5955081753392251,-0.6392586374750233,Zone_2,0.3225568228440141,-0.0059291052863966335,1.0,Residential,0,6,9,0,0,1,0,0,0,1,0,0,0,0,0,0,0,high,0,0.3597449640735778,0.5115912395773846,112,-0.5420576412136653
T00242,R0252,0.17634098195027192,0.13615515975648973,0.3239481696441109,2024-02-08,1.0,Reyansh Gupta,-0.002498701550705167,2,Ahmedabad,2021-01-31,0.9922549294425698,1.0969505419904781,1.516078125407578,Zone_2,0.3225568228440141,-0.0059291052863966335,1.0,Residential,0,3,2,0,0,1,0,0,0,1,0,0,0,0,0,0,0,high,0,0.17771741587551193,0.32647675514809377,1103,1.1055128167584156
T00243,R0162,0.6119547130891554,0.52920338088312,0.7480749006718015,2023-12-22,1.0,Meera Patel,-0.19478731810842584,1,Hyderabad,2023-08-14,1.006435170169707,0.6738358626580523,0.5028856300354152,Zone_2,0.3225568228440141,-0.0059291052863966335,1.0,Residential,0,4,12,0,0,1,0,0,0,1,0,0,0,0,0,0,0,high,0,0.6080418602481533,0.7432916921471054,130,0.6695273402900147
T00244,R0076,0.8803414898504142,0.8612844607435769,0.9552510081216403,2023-09-25,1.0,Reyansh Reddy,1.1144851194789225,1,Bengaluru,2022-01-02,-0.8157257632674023,-0.5014826910431305,-1.2287524529642824,Zone_1,0.20357758267005824,1.2530096409104126,0.0,Residential,0,0,9,0,0,1,0,1,0,0,0,0,0,0,0,0,0,low,0,-1.0792125607559488,-1.171044303290566,631,0.6147687294249893
T00245,R0202,0.6446958679437184,0.5946076737114858,0.6743476924759753,2023-01-25,0.0,Aadhya Reddy,-0.5875690493846304,1,Ahmedabad,2021-10-28,0.46049590217493097,-1.1126483389677455,1.3134396263331447,Zone_4,0.13112332813653896,1.3108734070937318,0.6290909090909091,Business,0,2,1,0,0,1,0,0,0,0,0,1,0,0,0,0,0,medium,0,1.400003485153304,1.4643945565878398,454,-2.416195961164228
T00246,R0157,0.9095038512124589,0.9597909976978306,0.9490032010895713,2023-12-16,0.0,Kavya Nair,0.5907761444439832,0,Hyderabad,2021-11-23,0.474676142902068,0.1566956990295319,1.1844878541948707,Zone_8,0.3749277083599486,0.2886135378550845,0.0036363636363636598,Business,0,5,12,0,1,0,0,0,0,0,0,0,0,0,0,1,0,medium,0,1.916051322175047,1.9992645834011575,753,0.3301107531369242
T00247,R0056,0.6263902164030515,0.5832951829217509,0.6856153806050775,2023-03-13,1.0,Meera Patel,1.1144851194789225,2,Hyderabad,2021-02-26,-1.1276910592644172,-0.5014826910431305,-1.394547588570636,Zone_1,0.20357758267005824,1.2530096409104126,0.0,Residential,0,0,3,1,0,0,0,1,0,0,0,0,0,0,0,0,0,low,0,-0.5554626076503969,-0.6079815699277588,745,0.4446986494423776
T00248,R0011,0.012565795404313376,0.013563647394989942,0.05461016812331611,2023-10-12,0.0,Vivaan Nair,-0.7184962931433652,1,Chennai,2021-01-31,-0.3123272174540375,0.48578489406586306,-0.012921458517686406,Zone_7,0.7081316156560269,-0.0059291052863966335,0.52,Industrial,0,3,10,1,0,0,0,0,0,0,0,0,0,0,1,0,0,medium,0,-0.040232790170336576,-0.1748492128495097,984,-1.5553716324365865
T00249,R0082,0.687982659660273,0.49454357589587483,0.7993034063062328,2023-09-12,0.0,Kavya Singh,-0.002498701550705167,2,Pune,2022-12-27,0.15562072654148468,-0.03135526956265735,-0.0009730452730406338,Zone_5,0.012308197259374737,-0.9072376299335215,0.44035034732709155,Business,0,1,9,1,0,0,0,0,0,0,0,0,1,0,0,0,0,medium,0,4.420893507889347,5.136227185606655,259,-0.20148517655390075
T00250,R0019,0.8592067399846434,0.7926579430812175,0.9423293214772575,2023-10-23,1.0,Kavya Patel,-0.002498701550705167,2,Mumbai,2023-04-02,0.09889976363293652,0.015657472585389957,0.13445199535462835,Zone_2,0.3225568228440141,-0.0059291052863966335,1.0,Residential,0,0,10,0,0,0,1,0,0,1,0,0,0,0,0,0,0,medium,0,8.687652107780188,9.528125112358046,204,0.15831658246931907
T00251,R0098,0.698341837539077,0.6061995992781858,0.775028272267565,2024-01-16,1.0,Diya Singh,-1.3731325119370394,2,Bengaluru,2023-04-29,0.2407021709043069,1.520065221322904,-0.9340055452196528,Zone_8,0.3749277083599486,0.2886135378550845,0.0036363636363636598,Business,0,1,1,0,1,0,0,0,0,0,0,0,0,0,0,1,0,medium,0,2.9012693774860403,3.2198640725001346,262,6.315128839977178
T00252,R0095,0.6933950741482451,0.5285987924757272,0.8441942303051311,2024-04-18,0.0,Kavya Iyer,-0.3257145618671607,0,Chennai,2020-10-07,1.623275641800168,2.5073328064318976,0.4660422665673357,Zone_9,0.7054238122589644,0.0957343172440192,0.9163636363636365,Business,0,3,4,0,1,0,0,0,0,0,0,0,0,0,0,0,1,high,0,0.42715793688574605,0.5200559957697283,1289,1.5446130908804463
T00253,R0183,0.6904680384701827,0.5440544787149754,0.8369979114002213,2024-05-18,0.0,Arjun Patel,1.507266850755127,2,Jaipur,2022-08-27,1.091516614532529,1.9901926428033772,-0.39977677493251224,Zone_2,0.3225568228440141,-0.0059291052863966335,1.0,Residential,0,5,5,0,0,1,0,0,0,1,0,0,0,0,0,0,0,high,0,0.6325767553853442,0.7668210453751891,630,1.8233278507223913
T00254,R0199,0.18735338658910208,0.1904701524506883,0.3705729685698529,2023-12-30,0.0,Aarav Das,-0.3257145618671607,1,Ahmedabad,2021-08-03,0.651929151991281,0.1566956990295319,-0.1787165941240401,Zone_5,0.012308197259374737,-0.9072376299335215,0.44035034732709155,Business,0,5,12,0,0,0,1,0,0,0,0,0,1,0,0,0,0,high,0,0.28738304770823897,0.5684252152829162,879,0.24035694454054354
T00255,R0189,0.8735652131238282,0.8229740161606277,0.9733981298456602,2023-11-18,1.0,Ishaan Gupta,-0.3257145618671607,0,Delhi,2019-09-16,-0.09962360654698198,0.8618868312502416,-1.3392825433685185,Zone_3,0.3749277083599486,0.6357961349550023,0.2581818181818183,Business,0,5,11,0,1,0,0,0,0,0,1,0,0,0,0,0,0,medium,0,-8.768656781280644,-9.770757791092523,1524,-8.651431735145827
T00256,R0089,0.5557240625946631,0.4214231961654145,0.6648392290271787,2024-02-14,1.0,Saanvi Reddy,2.161903069548801,2,Surat,2022-09-21,0.3966848189028143,-0.8305718860794616,-0.1787165941240401,Zone_9,0.7054238122589644,0.0957343172440192,0.9163636363636365,Business,0,2,2,0,0,1,0,0,0,0,0,0,0,0,0,0,1,medium,0,1.4009209228922184,1.6759885867728677,511,-2.0937828888353485
T00257,R0248,0.8659678846217359,0.7494589183027931,0.8925568720872403,2023-06-24,0.0,Vivaan Ghosh,-1.765914243213244,0,Chennai,2021-10-24,-1.0496997352651634,-0.5484954331911778,-0.6576803192090631,Zone_5,0.012308197259374737,-0.9072376299335215,0.44035034732709155,Business,0,5,6,0,0,0,1,0,0,0,0,0,1,0,0,0,0,low,0,-0.8249672316083655,-0.85029732036826,608,0.5225260279337148
T00258,R0036,0.698341837539077,0.6679045982425871,0.7600836316554993,2024-07-05,1.0,Aadhya Das,-0.19478731810842584,0,Surat,2022-03-16,-0.5321209487246615,-0.40745720674703584,1.6450298975458537,Zone_5,0.012308197259374737,-0.9072376299335215,0.44035034732709155,Business,0,4,7,0,1,0,0,0,0,0,0,0,1,0,0,0,0,medium,0,-1.312374262304084,-1.4284038872688583,842,0.7657229201811951
T00259,R0277,0.863471606814887,0.8711646578174149,0.9342733837963453,2024-04-28,0.0,Kavya Gupta,1.3763396069963922,0,Jaipur,2021-01-22,1.282949864348879,-0.36044446459898855,-1.7445595415173831,Zone_8,0.3749277083599486,0.2886135378550845,0.0036363636363636598,Business,0,6,4,0,1,0,0,0,0,0,0,0,0,0,0,1,0,high,0,0.6730361262036649,0.7282228322074819,1192,-0.2809497663277129
T00260,R0030,0.76842957153435,0.7457891200362096,0.8745706312008257,2024-01-22,0.0,Saanvi Patel,-0.8494235369021,2,Mumbai,2021-01-08,1.3467609476209956,1.6140907056189988,-0.5287285470707872,Zone_8,0.3749277083599486,0.2886135378550845,0.0036363636363636598,Business,0,0,1,0,0,1,0,0,0,0,0,0,0,0,0,1,0,high,0,0.5705760720874428,0.6493881729684269,1109,1.198498299546205
T00261,R0297,0.6914723469874183,0.6268221973703543,0.7857935399978624,2023-03-15,0.0,Saanvi Gupta,2.0309758257900663,1,Pune,2023-09-20,1.020615410896844,0.0023974683897869183,-0.25240332106019747,Zone_7,0.7081316156560269,-0.0059291052863966335,0.52,Industrial,0,2,3,0,0,1,0,0,0,0,0,0,0,0,1,0,0,high,0,0.6775052969068944,0.7699212961201155,-189,0.0023490419252832897
T00262,R0258,0.7499368132248322,0.6758654130093,0.8391135763186894,2023-10-21,0.0,Vivaan Nair,0.06706716940904384,0,Jaipur,2020-01-29,0.43213542072065686,0.7208486048060996,-0.4550418201346307,Zone_4,0.13112332813653896,1.3108734070937318,0.6290909090909091,Business,0,5,10,0,0,0,1,0,0,0,0,1,0,0,0,0,0,medium,0,1.7354208363067978,1.9417838392403233,1361,1.6681081213013411
T00263,R0171,0.15513368775729106,0.13635341119715844,0.3592365714179755,2024-04-14,0.0,Kavya Singh,-1.1112780244195697,0,Jaipur,2019-05-13,0.1698009672686217,-0.2194062381548466,0.5397289935034931,Zone_5,0.012308197259374737,-0.9072376299335215,0.44035034732709155,Business,0,6,4,0,0,1,0,0,0,0,0,0,1,0,0,0,0,medium,0,0.9136207540671585,2.1156332451844664,1798,-1.2921377403448495
T00264,R0194,0.7123863932984057,0.5502624846591256,0.8819132805456169,2023-08-26,1.0,Arjun Iyer,-0.19478731810842584,2,Jaipur,2023-02-10,-1.7161710494406042,-1.018622854671651,0.09760863188654885,Zone_8,0.3749277083599486,0.2886135378550845,0.0036363636363636598,Business,0,5,8,0,0,0,1,0,0,0,0,0,0,0,0,1,0,low,0,-0.4151022087982501,-0.5138842546219863,197,0.5935438982050635
T00265,R0247,0.9300173262932564,0.759774796828784,0.9909289586136325,2023-02-15,0.0,Aadhya Das,0.7217033882027181,1,Bengaluru,2021-05-11,-0.02163228254772828,1.0969505419904781,1.6818732610139318,Zone_10,0.0,-0.46361542252807086,0.44035034732709155,Industrial,0,2,2,1,0,0,0,0,1,0,0,0,0,0,0,0,0,medium,0,-42.992103317868434,-45.807877944793916,645,-50.708959610259654
T00266,R0029,0.8897243134915161,0.7675055551773634,0.9338209247529659,2023-08-18,1.0,Kavya Iyer,-0.19478731810842584,1,Surat,2022-07-24,-1.7587117716220153,-1.1126483389677455,-0.0009730452730406338,Zone_7,0.7081316156560269,-0.0059291052863966335,0.52,Industrial,0,4,8,0,0,0,1,0,0,0,0,0,0,0,1,0,0,low,0,-0.505895467266331,-0.5309687123386492,390,0.6326496228211278
T00267,R0276,0.45205969005989516,0.4049700938556217,0.6470260337123221,2023-07-26,0.0,Aadhya Ghosh,-0.7184962931433652,2,Chennai,2022-11-07,-0.39740866181685974,-1.0656355968196982,-0.6945236826771417,Zone_3,0.3749277083599486,0.6357961349550023,0.2581818181818183,Business,0,2,7,1,0,0,0,0,0,0,1,0,0,0,0,0,0,medium,0,-1.1375184627158947,-1.6281125598880255,261,2.681460418974918
T00268,R0181,0.7922246286098096,0.7527913047201097,0.7889880526037674,2023-09-16,0.0,Arjun Patel,0.06706716940904384,1,Hyderabad,2019-01-09,0.6873797538091235,0.3917594097697685,-0.4734635018686696,Zone_1,0.3749277083599486,-0.0059291052863966335,0.44035034732709155,Business,0,5,9,0,0,0,1,1,0,0,0,0,0,0,0,0,0,high,0,1.1525283138173432,1.1478197433537722,1711,0.5699315518079036
T00269,R0234,0.7534649520039948,0.654066482430324,0.825918752976333,2023-08-09,1.0,Saanvi Nair,0.06706716940904384,2,Surat,2022-12-01,-0.48958022654325045,0.3447466676217211,-0.049764821985765095,Zone_7,0.7081316156560269,-0.0059291052863966335,0.52,Industrial,0,2,8,0,1,0,0,0,0,0,0,0,0,0,1,0,0,medium,0,-1.5390020085654588,-1.686993690100288,251,-0.7041678747033007
T00270,R0129,0.8336778761290254,0.8205052764851714,0.8562013731643154,2023-05-25,1.0,Vivaan Singh,0.45984890068524836,1,Hyderabad,2022-10-08,0.0017782793317680683,-0.6425209174872724,-0.19713827585807986,Zone_4,0.13112332813653896,1.3108734070937318,0.6290909090909091,Business,0,3,5,0,1,0,0,0,0,0,0,1,0,0,0,0,0,medium,0,468.8115422789819,481.4774360072163,229,-361.3160801056158
T00271,R0186,0.7454560238188878,0.611917798000807,0.835573063579176,2023-11-14,1.0,Ishaan Sharma,-1.765914243213244,2,Hyderabad,2020-12-11,0.857542642534768,-0.2194062381548466,-1.3761259068365972,Zone_9,0.7054238122589644,0.0957343172440192,0.9163636363636365,Business,0,1,11,0,0,0,1,0,0,0,0,0,0,0,0,0,1,high,0,0.8692932419260587,0.9743807737762717,1068,-0.25585460975598195
T00272,R0268,0.6658065073154363,0.5816937965379692,0.7822105938136736,2024-06-12,0.0,Ishaan Kumar,0.32892165692651354,1,Chennai,2022-10-16,-1.7161710494406042,-1.1126483389677455,1.0923794455246727,Zone_5,0.012308197259374737,-0.9072376299335215,0.44035034732709155,Business,0,2,6,0,1,0,0,0,0,0,0,0,1,0,0,0,0,low,0,-0.3879604585641156,-0.455788246788477,605,0.6483318427556621
T00273,R0157,0.8920285067043904,0.8907564889362356,0.9028717858822126,2023-03-18,0.0,Kavya Nair,0.5907761444439832,0,Hyderabad,2021-11-23,0.474676142902068,0.1566956990295319,1.1844878541948707,Zone_9,0.7054238122589644,0.0957343172440192,0.9163636363636365,Business,0,5,3,0,0,1,0,0,0,0,0,0,0,0,0,0,1,medium,0,1.8792360223766875,1.902079553360842,480,0.3301107531369242
T00274,R0088,0.7483204299093935,0.5313143666129644,0.8914551599112983,2023-11-08,1.0,Diya Iyer,-1.2422052681783047,2,Jaipur,2019-07-07,1.3184004661667217,-1.1126483389677455,1.4239697167373817,Zone_10,0.0,-0.46361542252807086,0.44035034732709155,Industrial,0,2,11,0,1,0,0,0,1,0,0,0,0,0,0,0,0,high,0,0.5675972127688574,0.6761641722588462,1585,-0.8439380654975002
T00275,R0018,0.8842125471486958,0.8380698959372083,0.9428787225014958,2024-07-03,1.0,Aarav Reddy,2.2928303133075363,0,Delhi,2023-01-09,1.3751214290752698,2.9304474857643235,-1.3208608616344786,Zone_7,0.7081316156560269,-0.0059291052863966335,0.52,Industrial,0,2,7,1,0,0,0,0,0,0,0,0,0,0,1,0,0,high,0,0.6430068853943347,0.6856694271251049,541,2.131046338020466
T00276,R0099,0.8525854460753038,0.8839876467325337,0.9378321317389373,2024-03-13,0.0,Diya Gupta,0.45984890068524836,2,Mumbai,2021-08-21,-1.219862623990808,-0.736546401783367,-0.5655719105388659,Zone_3,0.3749277083599486,0.6357961349550023,0.2581818181818183,Business,0,2,3,0,0,0,1,0,0,0,1,0,0,0,0,0,0,low,0,-0.698919230172043,-0.7688014316487528,935,0.6037945480891438
T00277,R0250,0.6464712549308161,0.5392060996973765,0.7495780970881436,2023-09-27,1.0,Ishaan Gupta,0.32892165692651354,0,Jaipur,2021-02-01,0.0017782793317680683,0.3447466676217211,1.147644490726791,Zone_1,0.3749277083599486,-0.0059291052863966335,0.44035034732709155,Business,0,2,9,0,0,0,1,1,0,0,0,0,0,0,0,0,0,medium,0,363.53751819634374,421.51875900332806,968,193.86530645832454
T00278,R0045,0.6792920034290697,0.5677013112565712,0.6841636211918491,2023-02-02,1.0,Saanvi Iyer,0.32892165692651354,2,Ahmedabad,2023-07-12,-1.0780602167194375,0.0023974683897869183,1.6081865340777743,Zone_6,1.0,-2.392407628638726,0.24363636363636365,Mixed,0,3,2,0,0,1,0,0,0,0,0,0,0,1,0,0,0,low,0,-0.6301058075365875,-0.6346246810533228,-160,-0.0022238724262383697
T00279,R0254,0.9493184032183464,0.8022062070281702,0.867270873730716,2023-02-16,0.0,Meera Kumar,-1.765914243213244,1,Delhi,2020-03-09,0.7866414388990828,2.1782436113955663,-0.6024152740069446,Zone_1,0.3749277083599486,-0.0059291052863966335,0.44035034732709155,Business,0,3,2,0,0,1,0,1,0,0,0,0,0,0,0,0,0,high,0,1.2067993831432686,1.1024983313165848,1074,2.769042544267758
T00280,R0006,0.7444081627710729,0.5866501741120701,0.8834015331192298,2023-02-04,0.0,Aarav Das,1.7691213382725968,0,Jaipur,2023-06-30,-0.028722402911296796,-0.5014826910431305,1.16606617246083,Zone_8,0.3749277083599486,0.2886135378550845,0.0036363636363636598,Business,0,5,2,1,0,0,0,0,0,0,0,0,0,0,0,1,0,medium,0,-25.917335853480772,-30.75653300482668,-146,17.459635692454288
T00281,R0173,0.5327266520694708,0.44055513329149076,0.601458064875348,2023-07-13,1.0,Saanvi Ghosh,-0.7184962931433652,2,Mumbai,2020-01-15,0.9709845683518643,1.4730524791748567,0.5028856300354152,Zone_3,0.3749277083599486,0.6357961349550023,0.2581818181818183,Business,0,3,7,0,0,1,0,0,0,0,1,0,0,0,0,0,0,high,0,0.5486458481762626,0.6194311263836608,1275,1.517070947559131
T00282,R0234,0.3524151852809359,0.31100408192200085,0.5021738771482169,2024-01-11,1.0,Saanvi Nair,0.06706716940904384,2,Surat,2022-12-01,-0.48958022654325045,0.3447466676217211,-0.049764821985765095,Zone_8,0.3749277083599486,0.2886135378550845,0.0036363636363636598,Business,0,3,1,0,0,0,1,0,0,0,0,0,0,0,0,1,0,medium,0,-0.7198313293190219,-1.0257233644705908,406,-0.7041678747033007
T00283,R0232,0.8525854460753038,0.6758654130093,0.8085713145068734,2024-03-24,1.0,Meera Das,0.8526306319614528,1,Jaipur,2022-12-08,-0.5675715505425042,-0.40745720674703584,-0.12345154892192248,Zone_1,0.3749277083599486,-0.0059291052863966335,0.44035034732709155,Business,0,6,3,0,1,0,0,1,0,0,0,0,0,0,0,0,0,low,0,-1.5021638157521702,-1.4246156519543896,472,0.7178957549186079
T00284,R0129,0.7391178382185486,0.6800749953496983,0.7905636157138227,2024-01-03,1.0,Vivaan Singh,0.45984890068524836,1,Hyderabad,2022-10-08,0.0017782793317680683,-0.6425209174872724,-0.19713827585807986,Zone_1,0.20357758267005824,1.2530096409104126,0.0,Residential,0,2,1,0,0,0,1,1,0,0,0,0,0,0,0,0,0,medium,0,415.63652290985965,444.5666108753559,452,-361.3160801056158
T00285,R0133,0.5218897620997037,0.40209509864614296,0.7295322718164801,2024-06-12,0.0,Diya Kumar,-0.8494235369021,0,Delhi,2019-07-13,-0.688103596723169,0.0023974683897869183,0.7239458108438874,Zone_9,0.7054238122589644,0.0957343172440192,0.9163636363636365,Business,0,2,6,0,1,0,0,0,0,0,0,0,0,0,0,0,1,low,0,-0.7584464964069433,-1.0602070317472534,1796,-0.0034841677927625247
T00286,R0127,0.7675752116933965,0.6383668526086385,0.8661805132316116,2024-08-23,1.0,Ishaan Gupta,-0.002498701550705167,1,Chennai,2020-03-17,-1.482197077442843,-1.018622854671651,1.516078125407578,Zone_4,0.13112332813653896,1.3108734070937318,0.6290909090909091,Business,0,4,8,0,1,0,0,0,0,0,0,1,0,0,0,0,0,low,0,-0.5178631258790861,-0.5843895703302745,1620,0.6872384719777127
T00287,R0237,0.7391178382185486,0.710021678824314,0.8327231247335309,2023-09-02,1.0,Aadhya Nair,1.1144851194789225,1,Chennai,2022-12-13,-1.5318279199878226,-0.9716101125236036,-0.547150228804827,Zone_5,0.012308197259374737,-0.9072376299335215,0.44035034732709155,Business,0,5,9,0,1,0,0,0,0,0,0,0,1,0,0,0,0,low,0,-0.48250709402425845,-0.5436140142556944,263,0.6342815011044631
T00288,R0180,0.09969171489560386,0.09201417121972663,0.3195469609767684,2024-01-07,0.0,Diya Kumar,0.19799441316777866,1,Hyderabad,2019-12-03,-1.4751069570792745,-0.9245973703755562,0.9634276733863985,Zone_2,0.3225568228440141,-0.0059291052863966335,1.0,Residential,0,6,1,0,1,0,0,0,0,1,0,0,0,0,0,0,0,low,0,-0.06758270267601095,-0.21662629915967202,1496,0.6268002234944832
T00289,R0277,0.8036390718500113,0.8105179842523039,0.8212094031435344,2024-08-15,0.0,Kavya Gupta,1.3763396069963922,0,Jaipur,2021-01-22,1.282949864348879,-0.36044446459898855,-1.7445595415173831,Zone_1,0.20357758267005824,1.2530096409104126,0.0,Residential,0,3,8,0,1,0,0,1,0,0,0,0,0,0,0,0,0,high,0,0.626399436316144,0.6400946957972621,1301,-0.2809497663277129
T00290,R0068,0.892445710339073,0.8853231513477322,0.9181884640052558,2024-04-21,1.0,Meera Singh,-0.19478731810842584,0,Ahmedabad,2022-08-31,0.0017782793317680683,2.1782436113955663,1.773981669684128,Zone_1,0.20357758267005824,1.2530096409104126,0.0,Residential,0,6,4,0,0,0,1,1,0,0,0,0,0,0,0,0,0,medium,0,501.85912550181405,516.3353403496736,599,1224.9164529342138
T00292,R0190,0.7673918435148211,0.6391261049360477,0.8841365546679696,2024-08-05,1.0,Saanvi Iyer,0.45984890068524836,2,Surat,2021-01-31,0.15562072654148468,1.0969505419904781,0.20813872229078573,Zone_4,0.13112332813653896,1.3108734070937318,0.6290909090909091,Business,0,0,8,1,0,0,0,0,0,0,0,1,0,0,0,0,0,medium,0,4.931167335928439,5.68135475471052,1282,7.048871743302509
T00293,R0109,0.7509028180733405,0.6368965356808444,0.8969521674522007,2023-09-08,0.0,Vivaan Kumar,0.45984890068524836,0,Delhi,2022-11-19,-1.347484790535041,-0.8775846282275089,-1.2103307712302427,Zone_10,0.0,-0.46361542252807086,0.44035034732709155,Industrial,0,4,9,0,0,1,0,0,1,0,0,0,0,0,0,0,0,low,0,-0.5572625556502067,-0.6656491960076604,293,0.6512760918652369
T00294,R0094,0.9196339777014424,0.9689409087376705,0.8311562737472773,2023-01-12,1.0,Diya Iyer,1.2454123632376575,2,Delhi,2023-04-13,1.6161855214365994,1.802141674211188,1.5897648523437353,Zone_6,1.0,-2.392407628638726,0.24363636363636365,Mixed,0,3,1,0,0,0,1,0,0,0,0,0,0,1,0,0,0,high,0,0.5690151071790296,0.5142703376085667,-91,1.1150586676517775
T00295,R0229,0.7404484730585884,0.7012719724890007,0.7587440508785646,2023-04-08,1.0,Reyansh Ghosh,-1.2422052681783047,0,Mumbai,2020-11-23,-0.7519146799952856,-0.36044446459898855,0.7792108560460042,Zone_1,0.3749277083599486,-0.0059291052863966335,0.44035034732709155,Business,0,5,4,0,0,1,0,1,0,0,0,0,0,0,0,0,0,low,0,-0.9847506542407589,-1.0090826407104085,866,0.4793688355722068
T00296,R0084,0.757900893708948,0.6447182536795039,0.869962562346692,2023-12-18,1.0,Kavya Sharma,0.8526306319614528,1,Jaipur,2019-07-21,0.8079117999897883,-0.8305718860794616,1.2213312176629485,Zone_5,0.012308197259374737,-0.9072376299335215,0.44035034732709155,Business,0,0,12,1,0,0,0,0,0,0,0,0,1,0,0,0,0,high,0,0.9380985569446164,1.0768038817574987,1611,-1.0280477226473976
T00297,R0013,0.5705752745899254,0.49883923808755426,0.7523156117643568,2023-12-07,1.0,Ishaan Gupta,1.507266850755127,0,Kolkata,2019-04-01,-1.7445315308948781,-1.1126483389677455,-0.1787165941240401,Zone_7,0.7081316156560269,-0.0059291052863966335,0.52,Industrial,0,3,12,0,0,0,1,0,0,0,0,0,0,0,1,0,0,low,0,-0.3270650398031167,-0.4312421979432195,1711,0.6377920486177738
T00298,R0222,0.22482540462093706,0.17806682007017655,0.5082410284831893,2023-08-10,1.0,Aarav Singh,-0.5875690493846304,1,Surat,2022-08-28,1.5807349196187568,-0.5484954331911778,-1.0445356356238888,Zone_10,0.0,-0.46361542252807086,0.44035034732709155,Industrial,0,3,8,0,0,1,0,0,1,0,0,0,0,0,0,0,0,high,0,0.142228403909215,0.32152198460053466,347,-0.34698761087878316
T00299,R0110,0.8452014040593518,0.6710996789626734,0.8738033104437135,2023-12-07,0.0,Vivaan Patel,-1.6349869994545092,1,Kolkata,2023-02-04,-0.19888529163694124,0.2037084411775792,0.7792108560460042,Zone_3,0.3749277083599486,0.6357961349550023,0.2581818181818183,Business,0,3,12,0,0,0,1,0,0,0,1,0,0,0,0,0,0,medium,0,-4.249692861160593,-4.393503930088574,306,-1.0242509111706584
T00300,R0030,0.3094160691205491,0.22415628726544168,0.5511029930082121,2023-09-08,1.0,Saanvi Patel,-0.8494235369021,2,Mumbai,2021-01-08,1.3467609476209956,1.6140907056189988,-0.5287285470707872,Zone_10,0.0,-0.46361542252807086,0.44035034732709155,Industrial,0,4,9,0,0,1,0,0,1,0,0,0,0,0,0,0,0,high,0,0.22974832294262865,0.40920624701935077,973,1.198498299546205
T00301,R0037,0.8715712879004661,0.7585721608450267,0.9560851003328747,2024-01-21,1.0,Aadhya Iyer,0.06706716940904384,2,Ahmedabad,2020-11-21,1.679996604708716,-0.8305718860794616,-1.1919090894962037,Zone_10,0.0,-0.46361542252807086,0.44035034732709155,Industrial,0,6,1,0,0,0,1,0,1,0,0,0,0,0,0,0,0,high,0,0.5187934817591981,0.5690994241614222,1156,-0.49438902659179434
T00302,R0191,0.5231835079552819,0.38564922563281395,0.7114761676639885,2023-05-07,0.0,Meera Gupta,0.19799441316777866,2,Surat,2020-08-14,-1.1702317814458283,-0.8305718860794616,1.0186927185885153,Zone_8,0.3749277083599486,0.2886135378550845,0.0036363636363636598,Business,0,6,5,0,1,0,0,0,0,0,0,0,0,0,0,1,0,low,0,-0.4470768237971503,-0.6079788456821396,996,0.709749896771121
T00303,R0047,0.7563235347699996,0.7501456414425504,0.7569961145699506,2024-01-23,0.0,Reyansh Iyer,2.554684800825006,0,Bengaluru,2021-10-07,-1.2978539479900615,0.0023974683897869183,1.5713431706096965,Zone_2,0.3225568228440141,-0.0059291052863966335,1.0,Residential,0,1,1,1,0,0,0,0,0,1,0,0,0,0,0,0,0,low,0,-0.5827493424366355,-0.5832675670034233,838,-0.0018472559208220533
T00304,R0153,0.6356712497803232,0.5554822906704115,0.7741376236381707,2023-06-15,0.0,Aadhya Ghosh,-1.5040597556957742,1,Mumbai,2020-05-04,-1.2482231054450819,-0.45446994889508313,0.9818493551204374,Zone_4,0.13112332813653896,1.3108734070937318,0.6290909090909091,Business,0,3,6,1,0,0,0,0,0,0,0,1,0,0,0,0,0,low,0,-0.509260922191999,-0.6201917111301466,1137,0.36409352375594084
T00305,R0037,0.8753274312964077,0.81007405956416,0.8957963292355535,2023-05-15,1.0,Aadhya Iyer,0.06706716940904384,2,Ahmedabad,2020-11-21,1.679996604708716,-0.8305718860794616,-1.1919090894962037,Zone_6,1.0,-2.392407628638726,0.24363636363636365,Mixed,0,0,5,0,0,1,0,0,0,0,0,0,0,1,0,0,0,high,0,0.5210292859182147,0.5332131783628634,905,-0.49438902659179434
T00306,R0164,0.7616557672515692,0.5650478503544818,0.8081396979072706,2024-01-14,0.0,Aadhya Ghosh,0.7217033882027181,2,Ahmedabad,2022-07-06,-0.02163228254772828,-0.03135526956265735,0.023921904950391464,Zone_10,0.0,-0.46361542252807086,0.44035034732709155,Industrial,0,6,1,0,0,1,0,0,1,0,0,0,0,0,0,0,0,medium,0,-35.20921870223791,-37.358040979921356,557,1.449466531951809
T00308,R0074,0.41015434592742467,0.3567989874781708,0.59210406383375,2023-04-16,0.0,Vivaan Ghosh,-1.1112780244195697,1,Kolkata,2023-09-11,-0.3761383007261542,-0.07836801171070466,1.6266082158118131,Zone_3,0.3749277083599486,0.6357961349550023,0.2581818181818183,Business,0,6,4,0,1,0,0,0,0,0,1,0,0,0,0,0,0,medium,0,-1.0904349414446781,-1.574165839242276,-148,0.2083489279326546
T00309,R0080,0.7789247046127339,0.6272857817772741,0.8496851359070872,2023-01-19,1.0,Reyansh Kumar,-1.6349869994545092,0,Mumbai,2021-05-15,-1.5460081607149596,-0.8305718860794616,1.0923794455246727,Zone_4,0.13112332813653896,1.3108734070937318,0.6290909090909091,Business,0,3,1,0,0,0,1,0,0,0,0,1,0,0,0,0,0,low,0,-0.503829620312299,-0.5495993860175653,614,0.5372364177530339
T00310,R0004,0.719896388448406,0.6050818046442492,0.7275063735558405,2024-07-23,1.0,Aarav Nair,-1.6349869994545092,2,Kolkata,2019-07-28,1.5027435956195032,-0.8775846282275089,-1.505077678974872,Zone_5,0.012308197259374737,-0.9072376299335215,0.44035034732709155,Business,0,1,7,0,0,1,0,0,0,0,0,0,1,0,0,0,0,high,0,0.4790547040405985,0.48411876495532646,1822,-0.5839882670507914
T00311,R0007,0.7585297108454699,0.5852223933574502,0.78370856576305,2023-06-17,1.0,Ishaan Ghosh,-1.765914243213244,0,Mumbai,2021-03-26,1.460202873438092,2.7423965171721343,0.042343586684432034,Zone_1,0.20357758267005824,1.2530096409104126,0.0,Residential,0,5,6,0,1,0,0,1,0,0,0,0,0,0,0,0,0,high,0,0.519468715370686,0.5367121103643526,813,1.8780928096073926
T00312,R0027,0.9186734642145118,0.8653480615272426,0.8487462590180657,2023-02-26,1.0,Ishaan Iyer,-0.002498701550705167,1,Jaipur,2019-10-05,1.0702462534418236,1.7551289320631407,-0.049764821985765095,Zone_5,0.012308197259374737,-0.9072376299335215,0.44035034732709155,Business,0,6,2,1,0,0,0,0,0,0,0,0,1,0,0,0,0,high,0,0.8583757815176963,0.7930382902893309,1240,1.6399299940726642
T00313,R0017,0.803365363914808,0.7214255617097982,0.826563891890409,2023-12-01,0.0,Meera Das,2.2928303133075363,0,Mumbai,2023-03-18,0.0017782793317680683,-0.12538075385875197,-0.3260900479963549,Zone_8,0.3749277083599486,0.2886135378550845,0.0036363636363636598,Business,0,4,12,0,0,1,0,0,0,0,0,0,0,0,0,1,0,medium,0,451.76556324031253,464.8110547787739,258,-70.50678238164707
T00314,R0173,0.3795663652311983,0.3177299107882765,0.6122990881158068,2023-06-22,1.0,Saanvi Ghosh,-0.7184962931433652,2,Mumbai,2020-01-15,0.9709845683518643,1.4730524791748567,0.5028856300354152,Zone_3,0.3749277083599486,0.6357961349550023,0.2581818181818183,Business,0,3,6,0,0,1,0,0,0,0,1,0,0,0,0,0,0,high,0,0.39090875138774756,0.6305961063368029,1254,1.517070947559131
T00315,R0080,0.7961672502789681,0.7961949502133043,0.9029172626151967,2023-08-25,0.0,Reyansh Kumar,-1.6349869994545092,0,Mumbai,2021-05-15,-1.5460081607149596,-0.8305718860794616,1.0923794455246727,Zone_1,0.3749277083599486,-0.0059291052863966335,0.44035034732709155,Business,0,4,8,1,0,0,0,1,0,0,0,0,0,0,0,0,0,low,0,-0.5149825663991168,-0.5840313690178957,832,0.5372364177530339
T00316,R0212,0.6254474440270303,0.4288002149700556,0.7553036343029771,2024-05-05,0.0,Aadhya Iyer,0.5907761444439832,0,Ahmedabad,2023-09-11,-1.2694934665357875,-0.5484954331911778,-1.4498126337727537,Zone_1,0.20357758267005824,1.2530096409104126,0.0,Residential,0,6,5,0,0,1,0,1,0,0,0,0,0,0,0,0,0,low,0,-0.4926748033873388,-0.5949645698957875,237,0.432058492343344
T00317,R0113,0.6114623687584982,0.5798110060981506,0.7802881521390503,2024-08-23,0.0,Aadhya Singh,-0.7184962931433652,2,Chennai,2019-03-09,1.212048660713194,0.10968295688148458,1.1108011272587133,Zone_4,0.13112332813653896,1.3108734070937318,0.6290909090909091,Business,0,4,8,0,0,0,1,0,0,0,0,1,0,0,0,0,0,high,0,0.5044866502296215,0.64377625868578,1994,0.0904938559289731
T00318,R0102,0.8609561065185664,0.700066554376049,0.8915807057933254,2023-08-18,0.0,Aarav Nair,-1.765914243213244,0,Chennai,2023-05-13,-0.9149874483573616,-0.07836801171070466,0.17129535882270622,Zone_8,0.3749277083599486,0.2886135378550845,0.0036363636363636598,Business,0,4,8,0,0,0,1,0,0,0,0,0,0,0,0,1,0,low,0,-0.9409485431348863,-0.9744185096680208,97,0.08564927513639171
T00319,R0178,0.5783009482077258,0.48262938161888,0.7763136265027668,2023-12-24,1.0,Saanvi Ghosh,-0.5875690493846304,1,Delhi,2021-05-15,-1.3900255127164522,-0.7835591439314143,-1.6156077693791082,Zone_2,0.3225568228440141,-0.0059291052863966335,1.0,Residential,0,6,12,0,0,1,0,0,0,1,0,0,0,0,0,0,0,low,0,-0.41603621150635095,-0.5584887611060165,953,0.563701267899858
T00320,R0294,0.6338360179783742,0.49589371009232275,0.7136031105379614,2023-01-15,1.0,Arjun Reddy,-0.9803507806608349,1,Surat,2021-04-02,-1.49637731816998,-0.7835591439314143,-1.4866559972408324,Zone_6,1.0,-2.392407628638726,0.24363636363636365,Mixed,0,6,1,0,0,1,0,0,0,0,0,0,0,1,0,0,0,low,0,-0.42358034319414484,-0.4768871472942897,653,0.5236374104424955
T00321,R0040,0.7170557583615174,0.6755294905795225,0.7084876480912752,2024-02-03,0.0,Aarav Gupta,0.32892165692651354,2,Surat,2023-05-05,1.651636123254442,0.5798103783619577,0.7423674925779263,Zone_7,0.7081316156560269,-0.0059291052863966335,0.52,Industrial,0,5,2,0,1,0,0,0,0,0,0,0,0,0,1,0,0,high,0,0.4341487499974301,0.42896109991542575,274,0.35105212958135046
T00322,R0094,0.8779094735008053,0.8529478762117061,0.9262937526165955,2023-07-11,0.0,Diya Iyer,1.2454123632376575,2,Delhi,2023-04-13,1.6161855214365994,1.802141674211188,1.5897648523437353,Zone_7,0.7081316156560269,-0.0059291052863966335,0.52,Industrial,0,1,7,0,0,1,0,0,0,0,0,0,0,0,1,0,0,high,0,0.543198452069071,0.5731357819572774,89,1.1150586676517775
T00323,R0150,0.8028172590856287,0.736383613259894,0.75744829322907,2024-04-17,1.0,Ishaan Gupta,0.19799441316777866,1,Pune,2022-02-27,-0.2626963749090579,-0.36044446459898855,1.7371383062160501,Zone_7,0.7081316156560269,-0.0059291052863966335,0.52,Industrial,0,2,4,1,0,0,0,0,0,0,0,0,0,0,1,0,0,medium,0,-3.0560652363914564,-2.8833602804427314,780,1.3720953124068416
T00324,R0074,0.6658065073154363,0.4918976481775187,0.7235581457774334,2023-11-03,1.0,Vivaan Ghosh,-1.1112780244195697,1,Kolkata,2023-09-11,-0.3761383007261542,-0.07836801171070466,1.6266082158118131,Zone_2,0.3225568228440141,-0.0059291052863966335,1.0,Residential,0,4,11,0,0,1,0,0,0,1,0,0,0,0,0,0,0,medium,0,-1.770110903436483,-1.923649211953602,53,0.2083489279326546
T00325,R0075,0.6577818793390059,0.4452618710643456,0.8148165359542552,2024-02-28,1.0,Diya Reddy,-1.765914243213244,0,Mumbai,2021-04-30,-1.0213392538108894,-0.7835591439314143,1.516078125407578,Zone_6,1.0,-2.392407628638726,0.24363636363636365,Mixed,0,2,2,0,0,1,0,0,0,0,0,0,0,1,0,0,0,low,0,-0.6440385766870764,-0.7977922447550676,1034,0.7671879260566418
T00326,R0038,0.3734980098966616,0.3076414981368777,0.5872317975694359,2024-06-10,1.0,Aarav Singh,0.7217033882027181,2,Kolkata,2023-02-11,0.0017782793317680683,-0.7835591439314143,0.11603031362058941,Zone_3,0.3749277083599486,0.6357961349550023,0.2581818181818183,Business,0,0,6,0,0,1,0,0,0,0,1,0,0,0,0,0,0,medium,0,210.03337508585236,330.2247217739274,485,-440.6277067576073
T00327,R0059,0.53209904303578,0.4260735048245487,0.7005339273447784,2023-11-23,1.0,Aarav Sharma,1.507266850755127,1,Delhi,2021-08-02,0.7441007167176716,-0.5955081753392251,-1.3577042251025573,Zone_8,0.3749277083599486,0.2886135378550845,0.0036363636363636598,Business,0,3,11,0,0,0,1,0,0,0,0,0,0,0,0,1,0,high,0,0.7150900826744806,0.9414504133727055,843,-0.800305875212823
T00328,R0096,0.5638046612112337,0.4702326354558105,0.7468544921301321,2023-08-10,0.0,Reyansh Das,1.1144851194789225,1,Kolkata,2019-12-28,-0.9291676890844986,-0.9716101125236036,0.8344759012481227,Zone_9,0.7054238122589644,0.0957343172440192,0.9163636363636365,Business,0,3,8,0,0,1,0,0,0,0,0,0,0,0,0,0,1,low,0,-0.6067846179269814,-0.8037887034858064,1321,1.045677894246326
T00329,R0195,0.6828752613115558,0.49053726798396735,0.8365510282571642,2024-07-06,1.0,Aadhya Reddy,0.19799441316777866,1,Kolkata,2021-01-31,-1.276583586899356,-0.6425209174872724,1.773981669684128,Zone_7,0.7081316156560269,-0.0059291052863966335,0.52,Industrial,0,5,7,0,1,0,0,0,0,0,0,0,0,0,1,0,0,low,0,-0.5349240490943212,-0.6553045463235434,1252,0.5033128453796483
T00330,R0233,0.9541863864578913,0.9951424388996547,0.8518003217839651,2023-08-01,0.0,Ishaan Iyer,-0.19478731810842584,2,Hyderabad,2023-11-23,1.5381941974373456,0.8148740891021943,-0.0009730452730406338,Zone_1,0.3749277083599486,-0.0059291052863966335,0.44035034732709155,Business,0,1,8,0,0,1,0,1,0,0,0,0,0,0,0,0,0,high,0,0.620328946792011,0.5537664380759446,-114,0.5297602152314621
T00331,R0014,0.5574725256531283,0.4214231961654145,0.70110889850729,2023-07-22,0.0,Aarav Das,-0.7184962931433652,0,Ahmedabad,2021-06-08,0.5172168650834791,1.379026994878762,-1.8550896319216192,Zone_5,0.012308197259374737,-0.9072376299335215,0.44035034732709155,Business,0,5,7,0,1,0,0,0,0,0,0,0,1,0,0,0,0,high,0,1.077831299184631,1.3555414485452453,774,2.666245221250058
T00332,R0067,0.6526102082394812,0.5038983214085515,0.6773766941721289,2023-06-29,1.0,Saanvi Iyer,0.06706716940904384,1,Pune,2022-07-24,0.680289633445555,-0.6895336596353198,-1.155065726028125,Zone_3,0.3749277083599486,0.6357961349550023,0.2581818181818183,Business,0,3,6,0,0,1,0,0,0,0,1,0,0,0,0,0,0,high,0,0.9593122931098008,0.9957180895750644,340,-1.013588368446753
T00333,R0256,0.3795663652311983,0.32214363701470994,0.5105652774432115,2024-07-21,0.0,Aadhya Sharma,-0.06386007434969102,0,Delhi,2021-03-25,0.09180964326936801,-0.736546401783367,-0.6576803192090631,Zone_3,0.3749277083599486,0.6357961349550023,0.2581818181818183,Business,0,6,7,0,1,0,0,0,0,0,1,0,0,0,0,0,0,medium,0,4.134275569697583,5.561129084721756,1214,-8.022538543389738
T00334,R0178,0.8052765209003158,0.6097529626900535,0.8856752758435922,2024-01-27,1.0,Saanvi Ghosh,-0.5875690493846304,1,Delhi,2021-05-15,-1.3900255127164522,-0.7835591439314143,-1.6156077693791082,Zone_10,0.0,-0.46361542252807086,0.44035034732709155,Industrial,0,5,1,1,0,0,0,0,1,0,0,0,0,0,0,0,0,low,0,-0.5793249933424655,-0.6371647626184678,987,0.563701267899858
T00335,R0170,0.027622395901503,0.047445923723499095,0.19418982479170716,2024-05-14,1.0,Saanvi Kumar,-0.3257145618671607,2,Bengaluru,2021-01-31,-1.5885488828963708,-0.9716101125236036,-0.6024152740069446,Zone_2,0.3225568228440141,-0.0059291052863966335,1.0,Residential,0,1,5,0,0,1,0,0,0,1,0,0,0,0,0,0,0,low,0,-0.01738844564300698,-0.12224353111353084,1199,0.6116337513971151
T00336,R0224,0.4826835405176414,0.31011716518799015,0.709988313669679,2023-01-08,1.0,Ishaan Sharma,-0.3257145618671607,0,Ahmedabad,2020-08-04,-0.3690481803625857,-1.0656355968196982,0.558150675237532,Zone_2,0.3225568228440141,-0.0059291052863966335,1.0,Residential,0,6,1,1,0,0,0,0,0,1,0,0,0,0,0,0,0,medium,0,-1.3079147011195402,-1.9238363754351082,887,2.8875243220891194
T00337,R0115,0.8604966544012602,0.7885260660078194,0.951132588254231,2024-05-15,0.0,Aarav Ghosh,1.1144851194789225,0,Bengaluru,2020-03-01,-0.5817517912696412,-0.40745720674703584,0.7239458108438874,Zone_8,0.3749277083599486,0.2886135378550845,0.0036363636363636598,Business,0,2,5,0,0,0,1,0,0,0,0,0,0,0,0,1,0,low,0,-1.4791474084218525,-1.634945697680512,1536,0.7003969955258461
T00338,R0136,0.40463302460554496,0.298883553154734,0.6575595685380424,2023-02-11,1.0,Diya Ghosh,0.32892165692651354,1,Hyderabad,2019-01-19,0.6164785501734383,-0.5955081753392251,-0.3445117297303946,Zone_1,0.3749277083599486,-0.0059291052863966335,0.44035034732709155,Business,0,5,2,1,0,0,0,1,0,0,0,0,0,0,0,0,0,high,0,0.6563618871925173,1.066638195851334,1484,-0.965983609927201
T00339,R0152,0.7282730115536911,0.664889891637229,0.852188832759025,2024-05-08,1.0,Arjun Patel,0.32892165692651354,0,Bengaluru,2021-05-04,-0.7731850410859912,0.015657472585389957,-0.1787165941240401,Zone_5,0.012308197259374737,-0.9072376299335215,0.44035034732709155,Business,0,2,5,0,0,1,0,0,0,0,0,0,1,0,0,0,0,low,0,-0.941912961133834,-1.1021796691281915,1100,-0.020250614993013793
T00340,R0223,0.8314241043575167,0.7497110762659753,0.8832436243790125,2023-09-14,1.0,Ishaan Gupta,-0.19478731810842584,0,Surat,2019-11-29,-0.6668332356324634,-0.6425209174872724,0.06076526841847097,Zone_1,0.20357758267005824,1.2530096409104126,0.0,Residential,0,3,9,0,0,0,1,1,0,0,0,0,0,0,0,0,0,low,0,-1.2468246331017765,-1.3245344970565134,1385,0.9635406322809752
T00341,R0054,0.9118696097830943,0.8610179761768629,0.9276187079989293,2023-08-12,0.0,Meera Iyer,-0.8494235369021,2,Mumbai,2021-06-30,0.10598988399650505,-0.07836801171070466,-0.786632091347338,Zone_5,0.012308197259374737,-0.9072376299335215,0.44035034732709155,Business,0,5,8,1,0,0,0,0,0,0,0,0,1,0,0,0,0,medium,0,8.603364541970464,8.751955120825652,773,-0.7393914282733699
T00342,R0105,0.4775274181175916,0.3946095961956997,0.5942828644546216,2023-02-12,1.0,Diya Das,-0.06386007434969102,0,Jaipur,2020-09-28,0.666109392718418,-0.6895336596353198,-0.5839935922729057,Zone_5,0.012308197259374737,-0.9072376299335215,0.44035034732709155,Business,0,6,2,0,1,0,0,0,0,0,0,0,1,0,0,0,0,high,0,0.7168903836782482,0.8921700713892211,867,-1.0351657958481961
T00343,R0232,0.5722462265787295,0.5001148549661043,0.7354600913579759,2024-06-08,1.0,Meera Das,0.8526306319614528,1,Jaipur,2022-12-08,-0.5675715505425042,-0.40745720674703584,-0.12345154892192248,Zone_7,0.7081316156560269,-0.0059291052863966335,0.52,Industrial,0,5,6,0,0,1,0,0,0,0,0,0,0,0,1,0,0,low,0,-1.0082362761695103,-1.2958015437084507,548,0.7178957549186079
T00345,R0174,0.7065463199659354,0.6438647812377968,0.8148295326059656,2023-01-22,1.0,Aadhya Patel,0.06706716940904384,1,Kolkata,2019-02-07,0.4817662632656365,-0.7835591439314143,-0.3813550931984733,Zone_1,0.3749277083599486,-0.0059291052863966335,0.44035034732709155,Business,0,6,1,1,0,0,0,1,0,0,0,0,0,0,0,0,0,medium,0,1.4665749219894204,1.6913378846469467,1445,-1.6264300837922625
T00346,R0051,0.5395519229829854,0.3539191908191168,0.7533173222874812,2023-05-04,1.0,Aarav Nair,-1.3731325119370394,1,Kolkata,2020-04-05,-0.2768766156361949,-0.45446994889508313,0.023921904950391464,Zone_1,0.20357758267005824,1.2530096409104126,0.0,Residential,0,3,5,0,1,0,0,1,0,0,0,0,0,0,0,0,0,medium,0,-1.9487088923823583,-2.7207690348155325,1124,1.641416873905447
T00347,R0140,0.5450320768769195,0.4595963333221636,0.6086891421684577,2023-02-08,1.0,Aadhya Nair,-0.3257145618671607,1,Delhi,2020-04-17,1.7508978083444013,1.0029250576943836,1.6818732610139318,Zone_4,0.13112332813653896,1.3108734070937318,0.6290909090909091,Business,0,2,2,0,0,1,0,0,0,0,0,1,0,0,0,0,0,high,0,0.3112872003605317,0.34764401398389816,1027,0.5728061643087672
T00348,R0155,0.45763033128849717,0.39056148880760827,0.576753149026064,2023-06-30,1.0,Meera Reddy,-1.1112780244195697,1,Hyderabad,2019-02-10,0.7157402352633976,-0.736546401783367,-1.5971860876450683,Zone_3,0.3749277083599486,0.6357961349550023,0.2581818181818183,Business,0,4,6,0,0,0,1,0,0,0,1,0,0,0,0,0,0,high,0,0.6393804745657283,0.8058135069265943,1601,-1.0290694381772636
T00349,R0018,0.6197329472591988,0.5130688433670283,0.6339167329495978,2023-04-28,1.0,Aarav Reddy,2.2928303133075363,0,Delhi,2023-01-09,1.3751214290752698,2.9304474857643235,-1.3208608616344786,Zone_9,0.7054238122589644,0.0957343172440192,0.9163636363636365,Business,0,4,4,0,0,0,1,0,0,0,0,0,0,0,0,0,1,high,0,0.45067507069244905,0.4609896402937222,109,2.131046338020466
T00350,R0184,0.8657417368788485,0.749928388888903,0.9015477719128837,2023-10-19,0.0,Meera Nair,-0.3257145618671607,0,Surat,2020-03-04,0.2336120505407384,0.1566956990295319,-0.06818650371980403,Zone_1,0.20357758267005824,1.2530096409104126,0.0,Residential,0,3,10,1,0,0,0,1,0,0,0,0,0,0,0,0,0,medium,0,3.705895029280077,3.8591663821540214,1324,0.6707517812836737
T00351,R0278,0.8422976480371659,0.734213856408879,0.9529011486876573,2024-05-17,0.0,Aarav Reddy,-1.5040597556957742,0,Mumbai,2021-09-02,0.9213537258068847,1.6140907056189988,0.4844639483013747,Zone_7,0.7081316156560269,-0.0059291052863966335,0.52,Industrial,0,4,5,0,0,1,0,0,0,0,0,0,0,0,1,0,0,high,0,0.9141957366043268,1.0342402944679523,988,1.7518686476309007
T00352,R0190,0.3051654183883911,0.24716208070629336,0.5189974130986603,2024-07-31,0.0,Saanvi Iyer,0.45984890068524836,2,Surat,2021-01-31,0.15562072654148468,1.0969505419904781,0.20813872229078573,Zone_1,0.20357758267005824,1.2530096409104126,0.0,Residential,0,2,7,0,0,0,1,1,0,0,0,0,0,0,0,0,0,medium,0,1.9609561346382836,3.3350147157956385,1277,7.048871743302509
T00353,R0066,0.74799619127081,0.5341368243320799,0.8573659590053297,2023-06-11,1.0,Arjun Patel,-0.002498701550705167,0,Bengaluru,2022-06-03,-0.6030221523603467,0.2037084411775792,1.3134396263331447,Zone_1,0.20357758267005824,1.2530096409104126,0.0,Residential,0,6,6,0,1,0,0,1,0,0,0,0,0,0,0,0,0,low,0,-1.2404124597131407,-1.4217818626553462,373,-0.3378125337190756
T00354,R0094,0.6287353119124824,0.5892228884822421,0.7854862244517697,2023-10-03,1.0,Diya Iyer,1.2454123632376575,2,Delhi,2023-04-13,1.6161855214365994,1.802141674211188,1.5897648523437353,Zone_5,0.012308197259374737,-0.9072376299335215,0.44035034732709155,Business,0,1,10,1,0,0,0,0,0,0,0,0,1,0,0,0,0,high,0,0.38902422003732,0.4860124125809298,173,1.1150586676517775
T00355,R0042,0.8291546752270409,0.6764888487744211,0.7663225753530656,2024-07-01,0.0,Arjun Reddy,-1.765914243213244,0,Surat,2021-05-20,-1.6239994847142134,-0.9245973703755562,-1.7998245867195015,Zone_3,0.3749277083599486,0.6357961349550023,0.2581818181818183,Business,0,0,7,1,0,0,0,0,0,0,1,0,0,0,0,0,0,low,0,-0.5105633856607739,-0.47187365671358,1138,0.569333536788815
T00356,R0252,0.6816852038877494,0.6640122224986005,0.8669820619742423,2023-01-30,0.0,Reyansh Gupta,-0.002498701550705167,2,Ahmedabad,2021-01-31,0.9922549294425698,1.0969505419904781,1.516078125407578,Zone_6,1.0,-2.392407628638726,0.24363636363636365,Mixed,0,0,1,0,0,1,0,0,0,0,0,0,0,1,0,0,0,high,0,0.687006114719639,0.8737493120455412,729,1.1055128167584156
T00357,R0070,0.7726681718903994,0.7222818215519433,0.8613220875332219,2023-02-03,1.0,Meera Reddy,0.19799441316777866,1,Bengaluru,2023-01-03,0.41086505962995135,-0.8305718860794616,-0.8603188182834954,Zone_2,0.3225568228440141,-0.0059291052863966335,1.0,Residential,0,4,2,0,0,1,0,0,0,1,0,0,0,0,0,0,0,medium,0,1.8805886599028612,2.096362460971926,31,-2.021519880097671
T00358,R0262,0.6812875527107657,0.6279548322818181,0.7724287698149765,2023-10-29,0.0,Meera Singh,-0.19478731810842584,1,Ahmedabad,2019-04-21,-1.7445315308948781,0.0023974683897869183,-1.2103307712302427,Zone_4,0.13112332813653896,1.3108734070937318,0.6290909090909091,Business,0,6,10,0,0,1,0,0,0,0,0,1,0,0,0,0,0,low,0,-0.39052750875834913,-0.442771458202736,1652,-0.0013742763299652765
T00359,R0266,0.4414552252763549,0.36275318412590185,0.5599183274110433,2024-01-22,1.0,Diya Reddy,-0.3257145618671607,1,Chennai,2020-09-25,-1.0922404574465745,-0.5014826910431305,-0.19713827585807986,Zone_6,1.0,-2.392407628638726,0.24363636363636365,Mixed,0,0,1,0,0,1,0,0,0,0,0,0,0,1,0,0,0,low,0,-0.40417402804175845,-0.5126328397686468,1214,0.45913213306114864
T00360,R0135,0.719896388448406,0.5248966918191929,0.8194464542850957,2024-08-06,1.0,Reyansh Patel,0.8526306319614528,0,Ahmedabad,2022-02-24,-0.702283837450306,-0.736546401783367,-0.9892705904217705,Zone_8,0.3749277083599486,0.2886135378550845,0.0036363636363636598,Business,0,1,8,0,1,0,0,0,0,0,0,0,0,0,0,1,0,low,0,-1.0250789638873703,-1.1668308603828295,894,1.0487873456656127
T00361,R0205,0.31065580647777263,0.25383746738180657,0.4821540625183625,2024-04-13,1.0,Ishaan Gupta,-0.06386007434969102,2,Surat,2019-05-12,-1.0780602167194375,-0.45446994889508313,1.2029095359289095,Zone_8,0.3749277083599486,0.2886135378550845,0.0036363636363636598,Business,0,5,4,0,1,0,0,0,0,0,0,0,0,0,0,1,0,low,0,-0.2881618314634646,-0.447242236603043,1798,0.4215626751147963
T00362,R0011,0.8248244778456203,0.7729280154518113,0.9384981735780369,2024-04-20,1.0,Vivaan Nair,-0.7184962931433652,1,Chennai,2021-01-31,-0.3123272174540375,0.48578489406586306,-0.012921458517686406,Zone_1,0.3749277083599486,-0.0059291052863966335,0.44035034732709155,Business,0,5,4,0,0,1,0,1,0,0,0,0,0,0,0,0,0,medium,0,-2.6408984928346904,-3.004855552546097,1175,-1.5553716324365865
T00363,R0163,0.5563079240576051,0.49704824631755606,0.7686078936007656,2023-01-09,0.0,Kavya Gupta,0.19799441316777866,2,Ahmedabad,2020-02-20,0.3541440967214032,-0.12538075385875197,-0.8234754548154167,Zone_9,0.7054238122589644,0.0957343172440192,0.9163636363636365,Business,0,0,1,0,0,0,1,0,0,0,0,0,0,0,0,0,1,medium,0,1.5708518911025062,2.17032530180903,1054,-0.35403880798664294
T00364,R0289,0.5772084040403214,0.48519130792892073,0.6970590135987125,2023-10-20,0.0,Aarav Gupta,-1.3731325119370394,2,Chennai,2021-09-30,0.49594650399277357,-0.45446994889508313,0.30024713096098204,Zone_2,0.3225568228440141,-0.0059291052863966335,1.0,Residential,0,4,10,0,1,0,0,0,0,1,0,0,0,0,0,0,0,medium,0,1.1638521481517126,1.4055125058586346,750,-0.9163688930887296
T00365,R0025,0.7098441983552483,0.5111496656557918,0.8816300445648921,2024-03-19,1.0,Meera Das,-1.3731325119370394,0,Mumbai,2021-10-22,-1.4892871978064115,-0.9716101125236036,0.005500223216352529,Zone_6,1.0,-2.392407628638726,0.24363636363636365,Mixed,0,1,3,0,1,0,0,0,0,0,0,0,0,1,0,0,0,low,0,-0.47663351931097375,-0.5919812148143456,879,0.6523994256814263
T00366,R0096,0.8022682330714294,0.8111632776427617,0.793716658951473,2024-01-16,1.0,Reyansh Das,1.1144851194789225,1,Kolkata,2019-12-28,-0.9291676890844986,-0.9716101125236036,0.8344759012481227,Zone_6,1.0,-2.392407628638726,0.24363636363636365,Mixed,0,1,1,0,1,0,0,0,0,0,0,0,0,1,0,0,0,low,0,-0.8634267447051432,-0.8542232669901766,1480,1.045677894246326
T00367,R0289,0.678891426552935,0.6376574450812694,0.83001649547002,2024-05-24,1.0,Aarav Gupta,-1.3731325119370394,2,Chennai,2021-09-30,0.49594650399277357,-0.45446994889508313,0.30024713096098204,Zone_2,0.3225568228440141,-0.0059291052863966335,1.0,Residential,0,4,5,0,1,0,0,0,0,1,0,0,0,0,0,0,0,medium,0,1.368880355214334,1.673600859745377,967,-0.9163688930887296
T00368,R0046,0.923068628049773,0.7643112627986361,0.9704539328129302,2024-04-29,0.0,Vivaan Singh,-0.06386007434969102,0,Kolkata,2019-08-16,-1.5672785218056653,-0.9245973703755562,-0.25240332106019747,Zone_5,0.012308197259374737,-0.9072376299335215,0.44035034732709155,Business,0,0,4,1,0,0,0,0,0,0,0,0,1,0,0,0,0,low,0,-0.588962724370333,-0.6191968557668155,1718,0.5899381364011327
T00369,R0176,0.9236375751919442,0.7098385321815018,0.9093435401269501,2024-07-10,1.0,Kavya Gupta,1.507266850755127,1,Mumbai,2019-05-24,0.05635904145152542,-0.5014826910431305,-0.10502986718788272,Zone_3,0.3749277083599486,0.6357961349550023,0.2581818181818183,Business,0,2,7,0,1,0,0,0,0,0,1,0,0,0,0,0,0,medium,0,16.388454299499887,16.134829775433268,1874,-8.897998939078075
T00370,R0263,0.9300173262932564,0.904692751972822,0.8693933339657516,2023-07-30,1.0,Ishaan Das,-0.06386007434969102,2,Chennai,2020-12-30,0.3186934949035606,-0.12538075385875197,-0.3076683662623159,Zone_8,0.3749277083599486,0.2886135378550845,0.0036363636363636598,Business,0,6,7,0,0,1,0,0,0,0,0,0,0,0,0,1,0,medium,0,2.918218731055956,2.7279920923043552,942,-0.39342112676850616
T00371,R0122,0.6658065073154363,0.47252127882385286,0.7886561220019417,2023-04-09,1.0,Ishaan Patel,-0.5875690493846304,0,Kolkata,2022-11-22,0.5101267447199106,-0.3134317224509412,1.7924033514181685,Zone_2,0.3225568228440141,-0.0059291052863966335,1.0,Residential,0,6,4,0,0,0,1,0,0,1,0,0,0,0,0,0,0,high,0,1.3051785937649731,1.5460003423952218,138,-0.6144193098972561
T00372,R0039,0.14501924508623099,0.11159088567109993,0.37304973125435154,2023-08-02,0.0,Aadhya Iyer,-0.9803507806608349,1,Chennai,2023-11-18,-0.4399493839982708,-0.45446994889508313,0.3555121761631005,Zone_5,0.012308197259374737,-0.9072376299335215,0.44035034732709155,Business,0,2,8,0,0,1,0,0,0,0,0,0,1,0,0,0,0,medium,0,-0.32962711248346915,-0.8479378419946094,-108,1.0330050806409798
T00373,R0056,0.8803414898504142,0.8799694501156363,0.8846074367945012,2024-04-20,1.0,Meera Patel,1.1144851194789225,2,Hyderabad,2021-02-26,-1.1276910592644172,-0.5014826910431305,-1.394547588570636,Zone_7,0.7081316156560269,-0.0059291052863966335,0.52,Industrial,0,5,4,0,1,0,0,0,0,0,0,0,0,0,1,0,0,low,0,-0.7806583927557722,-0.7844412966894698,1149,0.4446986494423776
T00374,R0168,0.6254474440270303,0.5853323391246658,0.8285451755725766,2023-02-27,0.0,Diya Das,-1.1112780244195697,1,Pune,2019-10-08,1.5523744381644828,2.3662945799877555,0.042343586684432034,Zone_8,0.3749277083599486,0.2886135378550845,0.0036363636363636598,Business,0,0,2,1,0,0,0,0,0,0,0,0,0,0,0,1,0,high,0,0.4028972834457099,0.5337276595150864,1238,1.5243065859713887
T00375,R0129,0.7181238914163365,0.6326194413180634,0.8071917933115558,2023-09-08,0.0,Vivaan Singh,0.45984890068524836,1,Hyderabad,2022-10-08,0.0017782793317680683,-0.6425209174872724,-0.19713827585807986,Zone_2,0.3225568228440141,-0.0059291052863966335,1.0,Residential,0,4,9,0,0,0,1,0,0,1,0,0,0,0,0,0,0,medium,0,403.830758524498,453.91732271273656,335,-361.3160801056158
T00376,R0110,0.8090656152639455,0.6459213375278593,0.8574168596164076,2024-05-07,0.0,Vivaan Patel,-1.6349869994545092,1,Kolkata,2023-02-04,-0.19888529163694124,0.2037084411775792,0.7792108560460042,Zone_1,0.20357758267005824,1.2530096409104126,0.0,Residential,0,1,5,1,0,0,0,1,0,0,0,0,0,0,0,0,0,medium,0,-4.0680012513990675,-4.31111246366873,458,-1.0242509111706584
T00377,R0197,0.0,0.0,0.0,2024-03-11,0.0,Saanvi Das,-0.3257145618671607,1,Bengaluru,2020-10-08,1.5807349196187568,2.977460227912371,-0.25240332106019747,Zone_4,0.13112332813653896,1.3108734070937318,0.6290909090909091,Business,0,0,3,0,0,1,0,0,0,0,0,1,0,0,0,0,0,high,0,0.0,0.0,1250,1.8835923664104781
T00378,R0053,0.921927752379492,0.7322158244678563,0.9120501215935635,2023-06-30,0.0,Arjun Reddy,1.7691213382725968,0,Delhi,2019-09-16,-1.3403946701714726,-0.7835591439314143,1.552921488875656,Zone_6,1.0,-2.392407628638726,0.24363636363636365,Mixed,0,4,6,0,1,0,0,0,0,0,0,0,0,1,0,0,0,low,0,-0.687803206694005,-0.6804340108849342,1383,0.5845734553921913
T00379,R0288,0.8405917934999494,0.6761052605860791,0.8419128963907594,2023-04-21,0.0,Diya Ghosh,1.3763396069963922,1,Ahmedabad,2021-08-30,-1.482197077442843,-0.8775846282275089,1.0186927185885153,Zone_5,0.012308197259374737,-0.9072376299335215,0.44035034732709155,Business,0,4,4,0,0,1,0,0,0,0,0,0,1,0,0,0,0,low,0,-0.5671255235168716,-0.5680168374392343,599,0.5920836315111077
T00380,R0095,0.7696462224809494,0.7559026818367326,0.7783763099365684,2024-06-20,1.0,Kavya Iyer,-0.3257145618671607,0,Chennai,2020-10-07,1.623275641800168,2.5073328064318976,0.4660422665673357,Zone_3,0.3749277083599486,0.6357961349550023,0.2581818181818183,Business,0,3,6,0,0,0,1,0,0,0,1,0,0,0,0,0,0,high,0,0.47413156623691644,0.479509634650447,1352,1.5446130908804463
T00381,R0184,0.842540615992996,0.6335892701734458,0.9049592784399776,2023-01-16,1.0,Meera Nair,-0.3257145618671607,0,Surat,2020-03-04,0.2336120505407384,0.1566956990295319,-0.06818650371980403,Zone_10,0.0,-0.46361542252807086,0.44035034732709155,Industrial,0,0,1,0,1,0,0,0,1,0,0,0,0,0,0,0,0,medium,0,3.6065802857463027,3.873769680738993,1048,0.6707517812836737
T00382,R0012,0.7992319844141741,0.7177642787824715,0.7524643771178459,2023-05-25,1.0,Aarav Das,-0.06386007434969102,0,Hyderabad,2022-01-19,-0.028722402911296796,-0.5955081753392251,-1.2840174981663999,Zone_7,0.7081316156560269,-0.0059291052863966335,0.52,Industrial,0,3,5,0,0,1,0,0,0,0,0,0,0,0,1,0,0,medium,0,-27.82608359343878,-26.197821242243435,491,20.73322963884077
T00383,R0195,0.7317008541454033,0.7120333324871163,0.8463766970083417,2023-11-28,1.0,Aadhya Reddy,0.19799441316777866,1,Kolkata,2021-01-31,-1.276583586899356,-0.6425209174872724,1.773981669684128,Zone_6,1.0,-2.392407628638726,0.24363636363636365,Mixed,0,1,11,0,0,1,0,0,0,0,0,0,0,1,0,0,0,low,0,-0.5731711277305412,-0.6630013934802914,1031,0.5033128453796483
T00384,R0067,0.7116620683862303,0.5943368177813091,0.8085039448353744,2023-01-28,0.0,Saanvi Iyer,0.06706716940904384,1,Pune,2022-07-24,0.680289633445555,-0.6895336596353198,-1.155065726028125,Zone_4,0.13112332813653896,1.3108734070937318,0.6290909090909091,Business,0,5,1,0,1,0,0,0,0,0,0,1,0,0,0,0,0,high,0,1.0461162913534034,1.188470182531571,188,-1.013588368446753
T00385,R0110,0.5383215245357398,0.3515470781331843,0.7323086732004838,2024-04-30,1.0,Vivaan Patel,-1.6349869994545092,1,Kolkata,2023-02-04,-0.19888529163694124,0.2037084411775792,0.7792108560460042,Zone_3,0.3749277083599486,0.6357961349550023,0.2581818181818183,Business,0,1,4,1,0,0,0,0,0,0,1,0,0,0,0,0,0,medium,0,-2.706693492037755,-3.6820655121007637,451,-1.0242509111706584
T00386,R0009,0.7597837254432086,0.7488847395871331,0.90944929170849,2023-08-08,0.0,Diya Patel,1.3763396069963922,0,Ahmedabad,2019-12-15,-0.5675715505425042,-0.12538075385875197,0.1897170405567468,Zone_2,0.3225568228440141,-0.0059291052863966335,1.0,Residential,0,1,8,0,0,1,0,0,0,1,0,0,0,0,0,0,0,low,0,-1.338657169685446,-1.6023517930720936,1332,0.2209073970302225
T00387,R0275,0.7711606915892184,0.5549623847102046,0.7649091717715115,2024-03-04,1.0,Ishaan Das,-1.3731325119370394,2,Jaipur,2022-10-04,-0.03581252327486532,-0.3134317224509412,-1.7261378597833443,Zone_3,0.3749277083599486,0.6357961349550023,0.2581818181818183,Business,0,0,3,0,0,1,0,0,0,0,1,0,0,0,0,0,0,medium,0,-21.533268842032427,-21.358706447483296,517,8.75201448513739
T00388,R0112,0.8652889711770485,0.7809106182287116,0.8141393709945897,2024-08-07,0.0,Meera Nair,1.2454123632376575,0,Delhi,2020-11-13,0.41795517999351983,-0.5955081753392251,-1.412969270304675,Zone_7,0.7081316156560269,-0.0059291052863966335,0.52,Industrial,0,2,8,0,1,0,0,0,0,0,0,0,0,0,1,0,0,medium,0,2.0702912958046467,1.947910709007632,1363,-1.424813482030437
T00389,R0198,0.745717464730445,0.6644024334441361,0.8379451730810565,2023-05-25,1.0,Vivaan Kumar,-0.06386007434969102,2,Mumbai,2021-12-10,-0.35486793963544866,-0.03135526956265735,-0.2892466845282762,Zone_3,0.3749277083599486,0.6357961349550023,0.2581818181818183,Business,0,3,5,0,0,0,1,0,0,0,1,0,0,0,0,0,0,medium,0,-2.101394297542097,-2.361287339571636,531,0.08835757210095739
T00390,R0296,0.5011524376764747,0.3859245288303756,0.7296170582939636,2024-01-10,1.0,Reyansh Patel,0.7217033882027181,2,Hyderabad,2021-02-20,0.9780746887154328,0.0023974683897869183,-0.06818650371980403,Zone_10,0.0,-0.46361542252807086,0.44035034732709155,Industrial,0,2,1,0,0,1,0,0,1,0,0,0,0,0,0,0,0,high,0,0.5123866750244501,0.7459727428916658,1054,0.002451211975371395
T00391,R0094,0.030552194926178586,0.04061999886332601,0.08790700750582173,2024-05-15,0.0,Diya Iyer,1.2454123632376575,2,Delhi,2023-04-13,1.6161855214365994,1.802141674211188,1.5897648523437353,Zone_2,0.3225568228440141,-0.0059291052863966335,1.0,Residential,0,2,5,0,1,0,0,0,0,1,0,0,0,0,0,0,0,high,0,0.018903890995769636,0.05439165636608519,398,1.1150586676517775
T00392,R0014,0.6872020848526618,0.5611599457241542,0.8588057834239391,2023-05-07,0.0,Aarav Das,-0.7184962931433652,0,Ahmedabad,2021-06-08,0.5172168650834791,1.379026994878762,-1.8550896319216192,Zone_1,0.20357758267005824,1.2530096409104126,0.0,Residential,0,6,5,0,0,0,1,1,0,0,0,0,0,0,0,0,0,high,0,1.3286536678221947,1.6604365429679626,698,2.666245221250058
T00393,R0173,0.706177825396061,0.5752462999822086,0.8027442730653382,2023-06-03,1.0,Saanvi Ghosh,-0.7184962931433652,2,Mumbai,2020-01-15,0.9709845683518643,1.4730524791748567,0.5028856300354152,Zone_7,0.7081316156560269,-0.0059291052863966335,0.52,Industrial,0,5,6,0,0,1,0,0,0,0,0,0,0,0,1,0,0,high,0,0.7272801735610663,0.8267322666393198,1235,1.517070947559131
T00394,R0068,0.693011432998392,0.6584770737420311,0.782147898030632,2023-05-28,1.0,Meera Singh,-0.19478731810842584,0,Ahmedabad,2022-08-31,0.0017782793317680683,2.1782436113955663,1.773981669684128,Zone_4,0.13112332813653896,1.3108734070937318,0.6290909090909091,Business,0,6,5,1,0,0,0,0,0,0,0,1,0,0,0,0,0,medium,0,389.7089847573946,439.83410483266164,270,1224.9164529342138
T00395,R0051,0.09156635551334473,0.08711908734154789,0.21409608109566847,2024-08-15,1.0,Aarav Nair,-1.3731325119370394,1,Kolkata,2020-04-05,-0.2768766156361949,-0.45446994889508313,0.023921904950391464,Zone_9,0.7054238122589644,0.0957343172440192,0.9163636363636365,Business,0,3,8,1,0,0,0,0,0,0,0,0,0,0,0,0,1,medium,0,-0.3307117695835294,-0.7732544715043121,1593,1.641416873905447
T00396,R0208,0.8641543038273208,0.7530077689990806,0.8819132805456169,2023-01-22,1.0,Aadhya Iyer,-0.9803507806608349,2,Chennai,2020-01-08,0.7370105963541032,1.379026994878762,1.3687046715352633,Zone_3,0.3749277083599486,0.6357961349550023,0.2581818181818183,Business,0,6,1,0,1,0,0,0,0,0,1,0,0,0,0,0,0,high,0,1.172512726549905,1.1966086850152884,1110,1.8711087760483112
T00397,R0256,0.86392689664685,0.6612746317471009,0.932178299588333,2024-07-08,0.0,Aadhya Sharma,-0.06386007434969102,0,Delhi,2021-03-25,0.09180964326936801,-0.736546401783367,-0.6576803192090631,Zone_1,0.20357758267005824,1.2530096409104126,0.0,Residential,0,0,7,0,0,1,0,1,0,0,0,0,0,0,0,0,0,medium,0,9.409979887538636,10.153381130709079,1201,-8.022538543389738
T00398,R0124,0.5113510932843921,0.47151285538807475,0.7546991039407902,2023-10-02,0.0,Aadhya Das,0.7217033882027181,2,Hyderabad,2022-06-09,1.1836881792589198,0.06267021473343727,-0.7682104096132991,Zone_10,0.0,-0.46361542252807086,0.44035034732709155,Industrial,0,0,10,1,0,0,0,0,1,0,0,0,0,0,0,0,0,high,0,0.4319981412710714,0.6375826988601763,480,0.05294486827829409
T00399,R0129,0.8321770906337957,0.7208842669376114,0.925434676991467,2024-06-25,1.0,Vivaan Singh,0.45984890068524836,1,Hyderabad,2022-10-08,0.0017782793317680683,-0.6425209174872724,-0.19713827585807986,Zone_6,1.0,-2.392407628638726,0.24363636363636365,Mixed,0,1,6,0,0,0,1,0,0,0,0,0,0,1,0,0,0,medium,0,467.9675885376214,520.4101855423053,626,-361.3160801056158
T00400,R0254,0.8499843650749244,0.7690343136530967,0.9228527245666895,2024-01-01,0.0,Meera Kumar,-1.765914243213244,1,Delhi,2020-03-09,0.7866414388990828,2.1782436113955663,-0.6024152740069446,Zone_3,0.3749277083599486,0.6357961349550023,0.2581818181818183,Business,0,0,1,0,0,1,0,0,0,0,1,0,0,0,0,0,0,high,0,1.0805232511835265,1.173155492365412,1393,2.769042544267758
T00401,R0273,0.7181238914163365,0.6510109409314423,0.7759403866540062,2024-01-29,1.0,Aadhya Nair,1.507266850755127,1,Delhi,2022-09-17,0.26197253199501247,1.1439632841385254,-0.4550418201346307,Zone_2,0.3225568228440141,-0.0059291052863966335,1.0,Residential,0,0,1,0,0,1,0,0,0,1,0,0,0,0,0,0,0,medium,0,2.741218271807246,2.9619150555401697,499,4.366729883575369
T00402,R0258,0.4669644063385551,0.4128004040418222,0.6256886689689847,2024-06-20,1.0,Vivaan Nair,0.06706716940904384,0,Jaipur,2020-01-29,0.43213542072065686,0.7208486048060996,-0.4550418201346307,Zone_6,1.0,-2.392407628638726,0.24363636363636365,Mixed,0,3,6,0,0,0,1,0,0,0,0,0,0,1,0,0,0,medium,0,1.080597386716912,1.4478995216951804,1604,1.6681081213013411
T00403,R0009,0.9204003602266849,0.9916586952004288,0.8134464654004994,2024-03-08,0.0,Diya Patel,1.3763396069963922,0,Ahmedabad,2019-12-15,-0.5675715505425042,-0.12538075385875197,0.1897170405567468,Zone_3,0.3749277083599486,0.6357961349550023,0.2581818181818183,Business,0,4,3,0,1,0,0,0,0,0,1,0,0,0,0,0,0,low,0,-1.6216463974399966,-1.433205143251066,1545,0.2209073970302225
T00404,R0266,0.7738691673665267,0.7615753507742792,0.8357806204925893,2023-05-02,1.0,Diya Reddy,-0.3257145618671607,1,Chennai,2020-09-25,-1.0922404574465745,-0.5014826910431305,-0.19713827585807986,Zone_4,0.13112332813653896,1.3108734070937318,0.6290909090909091,Business,0,1,5,0,0,1,0,0,0,0,0,1,0,0,0,0,0,low,0,-0.7085153842182956,-0.7651983725694124,949,0.45913213306114864
T00405,R0079,0.6620299288193799,0.4549574511966948,0.7476015247011059,2024-03-01,1.0,Ishaan Nair,-0.8494235369021,1,Bengaluru,2020-09-23,-0.7519146799952856,0.2037084411775792,1.6818732610139318,Zone_4,0.13112332813653896,1.3108734070937318,0.6290909090909091,Business,0,4,3,0,0,0,1,0,0,0,0,1,0,0,0,0,0,low,0,-0.8804588425159232,-0.9942637703333485,1255,-0.2709196223949989
T00406,R0283,0.827887035291163,0.8504470246048396,0.9404685215644546,2024-02-27,1.0,Diya Nair,-1.6349869994545092,1,Surat,2023-06-15,-0.04999276400200235,1.0029250576943836,-0.8418971365494565,Zone_1,0.20357758267005824,1.2530096409104126,0.0,Residential,0,1,2,0,0,0,1,1,0,0,0,0,0,0,0,0,0,medium,0,-16.56013728822843,-18.812092916622618,257,-20.061404439534762
T00407,R0106,0.9211649489936461,0.7277123212360909,0.8441722670283496,2024-05-08,0.0,Aarav Patel,0.06706716940904384,2,Bengaluru,2021-11-25,-1.7445315308948781,-1.0656355968196982,0.042343586684432034,Zone_1,0.20357758267005824,1.2530096409104126,0.0,Residential,0,2,5,0,0,1,0,1,0,0,0,0,0,0,0,0,0,low,0,-0.5280299797855322,-0.48389625070022174,895,0.6108434143767341
T00408,R0132,0.6054956202002284,0.5030373184523828,0.7384387295525752,2024-02-15,0.0,Aadhya Iyer,-1.1112780244195697,1,Surat,2022-12-09,1.6445460028908734,0.06267021473343727,-0.0009730452730406338,Zone_5,0.012308197259374737,-0.9072376299335215,0.44035034732709155,Business,0,3,2,0,0,1,0,0,0,0,0,0,1,0,0,0,0,high,0,0.36818405756716743,0.4490228477978159,433,0.038107912228221116
T00409,R0186,0.8175648368283648,0.8366620810474247,0.8146344809896007,2023-10-10,1.0,Ishaan Sharma,-1.765914243213244,2,Hyderabad,2020-12-11,0.857542642534768,-0.2194062381548466,-1.3761259068365972,Zone_8,0.3749277083599486,0.2886135378550845,0.0036363636363636598,Business,0,1,10,0,0,1,0,0,0,0,0,0,0,0,0,1,0,high,0,0.9533809705506483,0.9499638158886919,1033,-0.25585460975598195
T00410,R0098,0.9505422166972586,0.8464696239333509,0.9557669944432909,2023-09-08,1.0,Diya Singh,-1.3731325119370394,2,Bengaluru,2023-04-29,0.2407021709043069,1.520065221322904,-0.9340055452196528,Zone_10,0.0,-0.46361542252807086,0.44035034732709155,Industrial,0,4,9,0,0,1,0,0,1,0,0,0,0,0,0,0,0,medium,0,3.9490388189110033,3.9707452195072386,132,6.315128839977178
T00411,R0103,0.3952182403761872,0.3444317739225831,0.604351813789106,2023-06-18,0.0,Ishaan Gupta,0.7217033882027181,2,Surat,2022-11-24,-0.5463011894517986,-0.45446994889508313,-1.7261378597833443,Zone_4,0.13112332813653896,1.3108734070937318,0.6290909090909091,Business,0,6,6,0,1,0,0,0,0,0,0,1,0,0,0,0,0,medium,0,-0.7234438584561387,-1.106261208026217,206,0.8319036415628782
T00412,R0153,0.5921811904328017,0.5431706131426963,0.6894197398478348,2023-01-07,0.0,Aadhya Ghosh,-1.5040597556957742,1,Mumbai,2020-05-04,-1.2482231054450819,-0.45446994889508313,0.9818493551204374,Zone_7,0.7081316156560269,-0.0059291052863966335,0.52,Industrial,0,5,1,1,0,0,0,0,0,0,0,0,0,0,1,0,0,low,0,-0.4744193468696017,-0.55232092471322,978,0.36409352375594084
T00413,R0172,0.5793898505544836,0.48734929676045513,0.6565311836191594,2024-01-02,0.0,Reyansh Reddy,-0.06386007434969102,2,Pune,2021-01-31,-0.5959320319967782,-0.45446994889508313,-0.5287285470707872,Zone_8,0.3749277083599486,0.2886135378550845,0.0036363636363636598,Business,0,1,1,0,0,1,0,0,0,0,0,0,0,0,0,1,0,low,0,-0.9722414964222227,-1.1016880254268808,1066,0.7626204407443903
T00414,R0049,0.6812875527107657,0.6437140572143667,0.8515794296626755,2024-02-08,0.0,Meera Iyer,0.9835578757201877,1,Mumbai,2020-05-19,0.8717228832619051,1.4730524791748567,0.7239458108438874,Zone_8,0.3749277083599486,0.2886135378550845,0.0036363636363636598,Business,0,3,2,0,0,0,1,0,0,0,0,0,0,0,0,1,0,high,0,0.7815414345456342,0.9768923656978528,1360,1.6898173805680456
T00415,R0245,0.6707749742176575,0.4611788066115226,0.8294318475763331,2023-07-01,0.0,Diya Sharma,0.45984890068524836,0,Surat,2020-03-04,0.0017782793317680683,1.1439632841385254,1.3318613080671853,Zone_10,0.0,-0.46361542252807086,0.44035034732709155,Industrial,0,5,7,0,0,1,0,0,1,0,0,0,0,0,0,0,0,medium,0,377.2045045087119,466.4238248507696,1214,643.2978574862763
T00416,R0123,0.7616557672515692,0.5441133552071996,0.9018083312018303,2024-05-26,1.0,Meera Ghosh,0.06706716940904384,1,Bengaluru,2023-06-24,-0.6810134763596005,0.10968295688148458,-1.2840174981663999,Zone_8,0.3749277083599486,0.2886135378550845,0.0036363636363636598,Business,0,6,5,1,0,0,0,0,0,0,0,0,0,0,0,1,0,low,0,-1.1184151176024402,-1.3242151036753373,337,-0.1610584234952318
T00417,R0030,0.5126871704088586,0.389358814724987,0.658486329579534,2024-04-23,0.0,Saanvi Patel,-0.8494235369021,2,Mumbai,2021-01-08,1.3467609476209956,1.6140907056189988,-0.5287285470707872,Zone_8,0.3749277083599486,0.2886135378550845,0.0036363636363636598,Business,0,1,4,1,0,0,0,0,0,0,0,0,0,0,0,1,0,high,0,0.3806816431041469,0.48894076617140275,1201,1.198498299546205
T00418,R0261,0.5728013166044841,0.4501338318286144,0.7803039963684382,2023-06-04,1.0,Aarav Kumar,-0.06386007434969102,1,Pune,2022-08-26,1.5949151603458938,2.7894092593201814,0.42919890309925784,Zone_3,0.3749277083599486,0.6357961349550023,0.2581818181818183,Business,0,6,6,0,1,0,0,0,0,0,1,0,0,0,0,0,0,high,0,0.35914218564469536,0.48924482992512996,282,1.7489389584303872
T00419,R0171,0.7619667338638705,0.6001616507813369,0.7398432388893368,2024-07-02,0.0,Kavya Singh,-1.1112780244195697,0,Jaipur,2019-05-13,0.1698009672686217,-0.2194062381548466,0.5397289935034931,Zone_1,0.20357758267005824,1.2530096409104126,0.0,Residential,0,1,7,1,0,0,0,1,0,0,0,0,0,0,0,0,0,medium,0,4.4874110325794225,4.357120284944665,1877,-1.2921377403448495
T00420,R0232,0.7381162930245507,0.696345131578915,0.8750864394975302,2023-05-16,1.0,Meera Das,0.8526306319614528,1,Jaipur,2022-12-08,-0.5675715505425042,-0.40745720674703584,-0.12345154892192248,Zone_10,0.0,-0.46361542252807086,0.44035034732709155,Industrial,0,1,5,1,0,0,0,0,1,0,0,0,0,0,0,0,0,low,0,-1.3004814852313054,-1.5418081450014414,159,0.7178957549186079
T00421,R0132,0.8405917934999494,0.7047381501121913,0.8449174700042985,2024-04-25,1.0,Aadhya Iyer,-1.1112780244195697,1,Surat,2022-12-09,1.6445460028908734,0.06267021473343727,-0.0009730452730406338,Zone_8,0.3749277083599486,0.2886135378550845,0.0036363636363636598,Business,0,3,4,0,0,0,1,0,0,0,0,0,0,0,0,1,0,high,0,0.5111391180437099,0.5137694345546163,503,0.038107912228221116
T00422,R0298,0.7783339803983172,0.6139703405532203,0.7764108621019212,2024-07-13,0.0,Vivaan Singh,0.45984890068524836,0,Ahmedabad,2020-03-25,-1.3262144294443357,-0.5955081753392251,-0.23398163932615854,Zone_1,0.20357758267005824,1.2530096409104126,0.0,Residential,0,5,7,1,0,0,0,1,0,0,0,0,0,0,0,0,0,low,0,-0.5868839631947209,-0.5854338822321711,1571,0.44902857495581183
T00423,R0126,0.827887035291163,0.7216509870655643,0.7732391002069097,2024-05-13,1.0,Ishaan Gupta,-0.3257145618671607,0,Surat,2022-09-25,1.1269672163503717,-0.1723934960067993,-0.6576803192090631,Zone_4,0.13112332813653896,1.3108734070937318,0.6290909090909091,Business,0,0,5,0,1,0,0,0,0,0,0,1,0,0,0,0,0,high,0,0.7346150121138704,0.6861238632220437,596,-0.15297117210302463
T00424,R0224,0.38255878678104493,0.29796445173797353,0.5152678521499163,2024-07-23,0.0,Ishaan Sharma,-0.3257145618671607,0,Ahmedabad,2020-08-04,-0.3690481803625857,-1.0656355968196982,0.558150675237532,Zone_9,0.7054238122589644,0.0957343172440192,0.9163636363636365,Business,0,1,7,1,0,0,0,0,0,0,0,0,0,0,0,0,1,medium,0,-1.0366093294517404,-1.3962075402828744,1449,2.8875243220891194
T00425,R0280,0.6329145211711154,0.49883923808755426,0.7152677635859064,2023-05-10,0.0,Saanvi Gupta,-0.7184962931433652,2,Chennai,2023-05-31,-0.5675715505425042,-0.03135526956265735,0.7792108560460042,Zone_7,0.7081316156560269,-0.0059291052863966335,0.52,Industrial,0,2,5,0,0,1,0,0,0,0,0,0,0,0,1,0,0,low,0,-1.1151272831877392,-1.2602248349168121,-21,0.05524461106742739
T00427,R0116,0.7756624220155217,0.6232054126421184,0.9077342659450165,2023-11-16,0.0,Ishaan Kumar,0.32892165692651354,0,Bengaluru,2020-02-08,-0.09962360654698198,0.29773392547367383,1.0555360820565947,Zone_7,0.7081316156560269,-0.0059291052863966335,0.52,Industrial,0,3,11,0,1,0,0,0,0,0,0,0,0,0,1,0,0,medium,0,-7.785929950746396,-9.111638269358716,1377,-2.9885881047005065
T00428,R0252,0.8248244778456203,0.7951683021828302,0.8953302012679958,2024-05-16,0.0,Reyansh Gupta,-0.002498701550705167,2,Ahmedabad,2021-01-31,0.9922549294425698,1.0969505419904781,1.516078125407578,Zone_6,1.0,-2.392407628638726,0.24363636363636365,Mixed,0,3,5,1,0,0,0,0,0,0,0,0,0,1,0,0,0,high,0,0.8312626658443423,0.9023187234463783,1201,1.1055128167584156
T00429,R0022,0.7572708638095984,0.5622570429842229,0.9039802262539491,2023-09-08,0.0,Aarav Nair,1.507266850755127,0,Kolkata,2020-09-14,-0.2272457730912153,-1.0656355968196982,-1.265595816432361,Zone_7,0.7081316156560269,-0.0059291052863966335,0.52,Industrial,0,4,9,0,0,1,0,0,0,0,0,0,0,0,1,0,0,medium,0,-3.332387016526084,-3.9779847781419284,1089,4.689352775736592
T00430,R0108,0.7806904948665543,0.5631697562569111,0.8611926493112927,2024-02-23,0.0,Reyansh Gupta,-1.765914243213244,1,Pune,2019-05-31,-0.48249010617968197,0.3917594097697685,1.6081865340777743,Zone_6,1.0,-2.392407628638726,0.24363636363636365,Mixed,0,4,2,1,0,0,0,0,0,0,0,0,0,1,0,0,0,medium,0,-1.6180445668575447,-1.784891831524064,1729,-0.8119532499260723
T00431,R0036,0.6666398506284735,0.6107570799395865,0.8154522348353224,2024-02-26,0.0,Aadhya Das,-0.19478731810842584,0,Surat,2022-03-16,-0.5321209487246615,-0.40745720674703584,1.6450298975458537,Zone_2,0.3225568228440141,-0.0059291052863966335,1.0,Residential,0,0,2,0,1,0,0,0,0,1,0,0,0,0,0,0,0,medium,0,-1.2527976059319117,-1.5324565529504584,712,0.7657229201811951
T00433,R0132,0.6301343307597963,0.46705177870430437,0.6975487755117016,2023-03-20,0.0,Aadhya Iyer,-1.1112780244195697,1,Surat,2022-12-09,1.6445460028908734,0.06267021473343727,-0.0009730452730406338,Zone_6,1.0,-2.392407628638726,0.24363636363636365,Mixed,0,0,3,0,0,0,1,0,0,0,0,0,0,1,0,0,0,high,0,0.38316613196110755,0.4241588707676842,101,0.038107912228221116
T00434,R0113,0.7043290915339452,0.6493684403521541,0.8315345493643465,2023-05-07,0.0,Aadhya Singh,-0.7184962931433652,2,Chennai,2019-03-09,1.212048660713194,0.10968295688148458,1.1108011272587133,Zone_6,1.0,-2.392407628638726,0.24363636363636365,Mixed,0,6,5,0,1,0,0,0,0,0,0,0,0,1,0,0,0,high,0,0.5811062825806875,0.6860570671107006,1520,0.0904938559289731
T00435,R0118,0.5270342841943049,0.44148588709713665,0.7628724311834929,2024-08-03,0.0,Reyansh Gupta,-0.3257145618671607,1,Surat,2023-09-26,-0.6172023930874838,0.015657472585389957,0.22656040402482466,Zone_3,0.3749277083599486,0.6357961349550023,0.2581818181818183,Business,0,5,8,1,0,0,0,0,0,0,1,0,0,0,0,0,0,low,0,-0.8539083614985299,-1.2360166449895171,312,-0.025368457350052154
T00436,R0155,0.8677714524967106,0.8782526333011427,0.9662314016898537,2023-07-05,0.0,Meera Reddy,-1.1112780244195697,1,Hyderabad,2019-02-10,0.7157402352633976,-0.736546401783367,-1.5971860876450683,Zone_1,0.20357758267005824,1.2530096409104126,0.0,Residential,0,2,7,0,1,0,0,1,0,0,0,0,0,0,0,0,0,high,0,1.2124111650330296,1.3499749686899654,1606,-1.0290694381772636
T00437,R0167,0.591658099205651,0.5178500274395095,0.7201907666629097,2024-02-03,1.0,Kavya Nair,1.638194094513862,1,Hyderabad,2021-01-31,-0.9575281705387727,-0.8775846282275089,1.3687046715352633,Zone_1,0.20357758267005824,1.2530096409104126,0.0,Residential,0,5,2,1,0,0,0,1,0,0,0,0,0,0,0,0,0,low,0,-0.6179015066185912,-0.7521353301362191,1098,0.9165105061438746
T00438,R0147,0.7002246692733377,0.5329374898450704,0.713579878037623,2023-11-17,0.0,Saanvi Nair,0.45984890068524836,2,Mumbai,2022-08-29,-0.09253348618341346,0.0023974683897869183,-0.1787165941240401,Zone_4,0.13112332813653896,1.3108734070937318,0.6290909090909091,Business,0,4,11,0,0,0,1,0,0,0,0,1,0,0,0,0,0,medium,0,-7.567256980736691,-7.711585367303837,445,-0.025909197725835408
T00439,R0177,0.5978805807056108,0.5404516419549806,0.6367559208206293,2023-01-29,1.0,Ishaan Reddy,0.32892165692651354,2,Bengaluru,2023-02-15,1.679996604708716,1.8491544163592353,0.8713192647162021,Zone_4,0.13112332813653896,1.3108734070937318,0.6290909090909091,Business,0,6,1,0,0,0,1,0,0,0,0,1,0,0,0,0,0,high,0,0.3558820172790013,0.3790221474471565,-17,1.100689377095407
T00440,R0125,0.6852424484928608,0.46894916990398283,0.8304447863291005,2023-09-22,0.0,Saanvi Ghosh,1.638194094513862,1,Ahmedabad,2023-04-22,-1.085150337083006,-0.2194062381548466,-0.2155599575921188,Zone_2,0.3225568228440141,-0.0059291052863966335,1.0,Residential,0,4,9,0,1,0,0,0,0,1,0,0,0,0,0,0,0,low,0,-0.6314723638522399,-0.7652808628907771,153,0.20218971570762517
T00441,R0259,0.6552062780737569,0.46800136713647,0.7915170184219804,2023-05-17,1.0,Aadhya Das,-0.002498701550705167,1,Jaipur,2019-06-25,-0.7235541985410116,0.1566956990295319,-0.8971621817515741,Zone_6,1.0,-2.392407628638726,0.24363636363636365,Mixed,0,2,5,0,1,0,0,0,0,0,0,0,0,1,0,0,0,low,0,-0.9055386305475488,-1.093929134842988,1422,-0.2165638722648505
T00442,R0229,0.7032148082424425,0.6603433611644485,0.8698299085907946,2023-01-12,1.0,Reyansh Ghosh,-1.2422052681783047,0,Mumbai,2020-11-23,-0.7519146799952856,-0.36044446459898855,0.7792108560460042,Zone_2,0.3225568228440141,-0.0059291052863966335,1.0,Residential,0,3,1,1,0,0,0,0,0,1,0,0,0,0,0,0,0,low,0,-0.9352321838520982,-1.1568199580785525,780,0.4793688355722068
T00443,R0015,0.7017231599814687,0.6027334159315515,0.8246212661778978,2024-08-02,0.0,Saanvi Patel,-0.4566418056258955,2,Chennai,2022-12-19,-1.4609267163521376,-1.0656355968196982,-0.25240332106019747,Zone_10,0.0,-0.46361542252807086,0.44035034732709155,Industrial,0,4,8,0,1,0,0,0,1,0,0,0,0,0,0,0,0,low,0,-0.4803274196625256,-0.5644508084819865,592,0.7294244022592304
T00444,R0188,0.6820823715981374,0.5290825149477464,0.8613220875332219,2024-06-10,0.0,Vivaan Gupta,-0.9803507806608349,1,Delhi,2020-07-16,1.3042202254395847,1.8961671585072826,-1.5787644059110295,Zone_6,1.0,-2.392407628638726,0.24363636363636365,Mixed,0,0,6,0,0,0,1,0,0,0,0,0,0,1,0,0,0,high,0,0.5229809799708044,0.6604115399628273,1425,1.4538703828704875
T00445,R0133,0.6792920034290697,0.49280262414562104,0.749010228873008,2024-04-07,1.0,Diya Kumar,-0.8494235369021,0,Delhi,2019-07-13,-0.688103596723169,0.0023974683897869183,0.7239458108438874,Zone_3,0.3749277083599486,0.6357961349550023,0.2581818181818183,Business,0,6,4,0,1,0,0,0,0,0,1,0,0,0,0,0,0,low,0,-0.9871943798345756,-1.0885137535102034,1730,-0.0034841677927625247
T00446,R0107,0.8897243134915161,0.8846927377872454,0.957127877176116,2024-08-13,0.0,Reyansh Gupta,-0.002498701550705167,1,Hyderabad,2020-01-11,-0.5179407079975246,-0.45446994889508313,-0.6392586374750233,Zone_4,0.13112332813653896,1.3108734070937318,0.6290909090909091,Business,0,1,8,0,0,1,0,0,0,0,0,1,0,0,0,0,0,medium,0,-1.71781113118409,-1.8479487369830188,1676,0.8774555501770971
T00447,R0081,0.841567658009249,0.6656204439507423,0.7773319045551994,2023-08-19,1.0,Diya Reddy,1.3763396069963922,2,Mumbai,2022-01-31,-0.9787985316294783,-1.018622854671651,-0.19713827585807986,Zone_4,0.13112332813653896,1.3108734070937318,0.6290909090909091,Business,0,5,8,0,1,0,0,0,0,0,0,1,0,0,0,0,0,low,0,-0.8597966086118143,-0.7941694633124525,565,1.0406869460417705
T00448,R0073,0.8422976480371659,0.7045536968450036,0.8959024647558222,2023-01-08,0.0,Meera Das,1.2454123632376575,2,Ahmedabad,2021-06-19,1.6870867250722845,0.29773392547367383,-1.8366679501875802,Zone_8,0.3749277083599486,0.2886135378550845,0.0036363636363636598,Business,0,6,1,0,0,0,1,0,0,0,0,0,0,0,0,1,0,high,0,0.4992616179829623,0.5310352167683832,568,0.17647813894150416
T00449,R0151,0.540777704539649,0.416498753792181,0.6461045545797837,2024-01-06,1.0,Meera Reddy,0.32892165692651354,1,Hyderabad,2023-02-25,0.0017782793317680683,1.520065221322904,1.8292467148862463,Zone_7,0.7081316156560269,-0.0059291052863966335,0.52,Industrial,0,5,1,0,0,1,0,0,0,0,0,0,0,0,1,0,0,medium,0,304.1016643892366,363.33130742592004,315,854.7955285582536
T00450,R0296,0.8842125471486958,0.9448970449197581,0.9636058305435298,2024-03-26,0.0,Reyansh Patel,0.7217033882027181,2,Hyderabad,2021-02-20,0.9780746887154328,0.0023974683897869183,-0.06818650371980403,Zone_3,0.3749277083599486,0.6357961349550023,0.2581818181818183,Business,0,1,3,1,0,0,0,0,0,0,1,0,0,0,0,0,0,high,0,0.9040337689445659,0.9852067962305558,1130,0.002451211975371395
T00451,R0064,0.8706811772637673,0.9139419198382644,0.9554367072346068,2024-06-13,1.0,Ishaan Nair,-1.3731325119370394,0,Bengaluru,2023-09-30,-0.26978649527262644,-1.018622854671651,0.3739338578971394,Zone_2,0.3225568228440141,-0.0059291052863966335,1.0,Residential,0,3,6,1,0,0,0,0,0,1,0,0,0,0,0,0,0,medium,0,-3.2272971127925465,-3.5414549059214866,257,3.775662876091353
T00452,R0087,0.5911341690186749,0.3917607817228918,0.641211593534561,2023-08-28,1.0,Saanvi Das,-0.7184962931433652,0,Jaipur,2021-05-11,0.0017782793317680683,0.43877215191781577,-0.8050537730813778,Zone_3,0.3749277083599486,0.6357961349550023,0.2581818181818183,Business,0,0,8,0,1,0,0,0,0,0,1,0,0,0,0,0,0,medium,0,332.4191866026667,360.57979310653707,839,246.73972422631886
T00453,R0230,0.9116731163025507,0.8522560376079887,0.8432141755635656,2023-01-08,1.0,Kavya Gupta,0.06706716940904384,1,Chennai,2022-11-22,-0.48958022654325045,-0.03135526956265735,-0.6576803192090631,Zone_4,0.13112332813653896,1.3108734070937318,0.6290909090909091,Business,0,6,1,0,1,0,0,0,0,0,0,1,0,0,0,0,0,medium,0,-1.8621526501173178,-1.7223207348817926,47,0.06404521233229865
T00454,R0168,0.5551391557212025,0.5160588424400046,0.6137883043069394,2023-06-18,1.0,Diya Das,-1.1112780244195697,1,Pune,2019-10-08,1.5523744381644828,2.3662945799877555,0.042343586684432034,Zone_9,0.7054238122589644,0.0957343172440192,0.9163636363636365,Business,0,6,6,0,1,0,0,0,0,0,0,0,0,0,0,0,1,high,0,0.357606478226732,0.3953867631527601,1349,1.5243065859713887
T00455,R0262,0.3213672710662507,0.19861742646092953,0.5405307786880218,2023-11-04,0.0,Meera Singh,-0.19478731810842584,1,Ahmedabad,2019-04-21,-1.7445315308948781,0.0023974683897869183,-1.2103307712302427,Zone_8,0.3749277083599486,0.2886135378550845,0.0036363636363636598,Business,0,5,11,0,1,0,0,0,0,0,0,0,0,0,0,1,0,low,0,-0.1842140800409618,-0.30984294013347535,1658,-0.0013742763299652765
T00456,R0134,0.8673214931947788,0.9048379694654133,0.8980681495004819,2024-04-11,0.0,Aadhya Singh,0.32892165692651354,1,Jaipur,2022-07-30,1.1198770959868032,0.25072118332562654,-0.0009730452730406338,Zone_5,0.012308197259374737,-0.9072376299335215,0.44035034732709155,Business,0,3,4,0,0,0,1,0,0,0,0,0,1,0,0,0,0,high,0,0.7744791783874464,0.8019345629255238,621,0.2238827673359087
T00457,R0035,0.6887613737395226,0.6415499952073772,0.8043305509599896,2024-06-06,0.0,Reyansh Das,0.9835578757201877,1,Kolkata,2022-03-20,0.9922549294425698,0.8148740891021943,-0.9524272269536918,Zone_4,0.13112332813653896,1.3108734070937318,0.6290909090909091,Business,0,3,6,0,0,1,0,0,0,0,0,1,0,0,0,0,0,high,0,0.6941375177913763,0.8106087731021376,809,0.8212346090938296
T00458,R0049,0.8528208842127413,0.828996600369347,0.9508708103589287,2024-08-12,1.0,Meera Iyer,0.9835578757201877,1,Mumbai,2020-05-19,0.8717228832619051,1.4730524791748567,0.7239458108438874,Zone_8,0.3749277083599486,0.2886135378550845,0.0036363636363636598,Business,0,0,8,0,0,1,0,0,0,0,0,0,0,0,0,1,0,high,0,0.9783165046919104,1.0907948255308608,1546,1.6898173805680456
T00459,R0044,0.5339782643345106,0.43940708876287654,0.6564022077753227,2023-09-08,0.0,Arjun Gupta,0.5907761444439832,0,Hyderabad,2020-08-01,0.1343503654507791,-0.8775846282275089,-1.4682343155067934,Zone_4,0.13112332813653896,1.3108734070937318,0.6290909090909091,Business,0,4,9,0,1,0,0,0,0,0,0,1,0,0,0,0,0,medium,0,3.9745203709932593,4.88574932842891,1133,-6.532059851739091
T00460,R0033,0.31678488686156947,0.28064185132536185,0.5408315399926025,2023-09-08,0.0,Diya Iyer,-1.765914243213244,0,Chennai,2019-05-22,1.5594645585280513,0.626823120510005,-1.412969270304675,Zone_1,0.3749277083599486,-0.0059291052863966335,0.44035034732709155,Business,0,4,9,0,0,1,0,1,0,0,0,0,0,0,0,0,0,high,0,0.20313695821377092,0.34680591940036326,1570,0.4019476538162889
T00461,R0045,0.8816369458834468,0.8226160911199579,0.9249793710416503,2023-10-14,1.0,Saanvi Iyer,0.32892165692651354,2,Ahmedabad,2023-07-12,-1.0780602167194375,0.0023974683897869183,1.6081865340777743,Zone_1,0.20357758267005824,1.2530096409104126,0.0,Residential,0,5,10,0,0,0,1,1,0,0,0,0,0,0,0,0,0,low,0,-0.8177993512888256,-0.8580034368176429,94,-0.0022238724262383697
T00462,R0170,0.213362109087122,0.20789543131585894,0.4200433395207388,2023-09-08,1.0,Saanvi Kumar,-0.3257145618671607,2,Bengaluru,2021-01-31,-1.5885488828963708,-0.9716101125236036,-0.6024152740069446,Zone_9,0.7054238122589644,0.0957343172440192,0.9163636363636365,Business,0,4,9,0,0,1,0,0,0,0,0,0,0,0,0,0,1,low,0,-0.134312586401561,-0.2644195240343387,950,0.6116337513971151
T00463,R0039,0.05035646447902582,0.0457928474985243,0.21813048812643776,2024-02-12,0.0,Aadhya Iyer,-0.9803507806608349,1,Chennai,2023-11-18,-0.4399493839982708,-0.45446994889508313,0.3555121761631005,Zone_8,0.3749277083599486,0.2886135378550845,0.0036363636363636598,Business,0,0,2,0,1,0,0,0,0,0,0,0,0,0,0,1,0,medium,0,-0.11445967720510263,-0.49580814534631806,86,1.0330050806409798
T00464,R0242,0.3094160691205491,0.2602472873260228,0.4221588501217372,2024-03-12,1.0,Kavya Iyer,0.32892165692651354,1,Ahmedabad,2022-06-05,1.3680313087117013,-0.736546401783367,0.9818493551204374,Zone_6,1.0,-2.392407628638726,0.24363636363636365,Mixed,0,1,3,0,0,0,1,0,0,0,0,0,0,1,0,0,0,high,0,0.22617616069907898,0.3085885881656404,646,-0.5383987903588153
T00465,R0294,0.6277992929295181,0.4814426761439322,0.8119202350726709,2023-10-12,0.0,Arjun Reddy,-0.9803507806608349,1,Surat,2021-04-02,-1.49637731816998,-0.7835591439314143,-1.4866559972408324,Zone_5,0.012308197259374737,-0.9072376299335215,0.44035034732709155,Business,0,3,10,1,0,0,0,0,0,0,0,0,1,0,0,0,0,low,0,-0.4195461166821854,-0.5425905787355976,923,0.5236374104424955
T00466,R0245,0.42963640233408845,0.3726512181001246,0.5958878622568442,2023-09-08,0.0,Diya Sharma,0.45984890068524836,0,Surat,2020-03-04,0.0017782793317680683,1.1439632841385254,1.3318613080671853,Zone_8,0.3749277083599486,0.2886135378550845,0.0036363636363636598,Business,0,4,9,0,0,1,0,0,0,0,0,0,0,0,0,1,0,medium,0,241.60231447267572,335.09238487542785,1283,643.2978574862763
T00467,R0251,0.43390666446884507,0.31705341993795605,0.6361410532704197,2023-09-06,1.0,Vivaan Iyer,1.9000485820313315,0,Mumbai,2020-01-13,-0.2768766156361949,0.10968295688148458,0.8713192647162021,Zone_8,0.3749277083599486,0.2886135378550845,0.0036363636363636598,Business,0,2,9,0,0,1,0,0,0,0,0,0,0,0,0,1,0,medium,0,-1.5671481084519665,-2.2975615033747894,1332,-0.3961438080621576
T00468,R0112,0.7046996762606472,0.49131505781324547,0.7977364424502675,2023-11-30,0.0,Meera Nair,1.2454123632376575,0,Delhi,2020-11-13,0.41795517999351983,-0.5955081753392251,-1.412969270304675,Zone_5,0.012308197259374737,-0.9072376299335215,0.44035034732709155,Business,0,3,11,0,1,0,0,0,0,0,0,0,1,0,0,0,0,medium,0,1.6860651811315586,1.9086650450477394,1112,-1.424813482030437
T00469,R0261,0.6221261477178784,0.5649910246384687,0.7041274278727117,2023-10-18,1.0,Aarav Kumar,-0.06386007434969102,1,Pune,2022-08-26,1.5949151603458938,2.7894092593201814,0.42919890309925784,Zone_1,0.20357758267005824,1.2530096409104126,0.0,Residential,0,2,10,1,0,0,0,1,0,0,0,0,0,0,0,0,0,high,0,0.3900684896511713,0.4414826853360686,418,1.7489389584303872
T00470,R0181,0.40555974977047626,0.32489846452429616,0.6676135992913785,2024-06-26,0.0,Arjun Patel,0.06706716940904384,1,Hyderabad,2019-01-09,0.6873797538091235,0.3917594097697685,-0.4734635018686696,Zone_5,0.012308197259374737,-0.9072376299335215,0.44035034732709155,Business,0,2,6,0,0,0,1,0,0,0,0,0,1,0,0,0,0,high,0,0.5900082851190508,0.97124420030091,1995,0.5699315518079036
T00472,R0120,0.7687341593434136,0.721290274287922,0.8315109311774245,2023-03-30,0.0,Ishaan Gupta,-1.765914243213244,1,Surat,2020-07-12,0.41795517999351983,-0.40745720674703584,1.0002710368544763,Zone_1,0.3749277083599486,-0.0059291052863966335,0.44035034732709155,Business,0,3,3,0,1,0,0,1,0,0,0,0,0,0,0,0,0,medium,0,1.8392741522077376,1.989473922037087,991,-0.9748825382505206
T00473,R0172,0.7206027031053102,0.5485121912397888,0.8350762302898447,2024-02-18,0.0,Reyansh Reddy,-0.06386007434969102,2,Pune,2021-01-31,-0.5959320319967782,-0.45446994889508313,-0.5287285470707872,Zone_6,1.0,-2.392407628638726,0.24363636363636365,Mixed,0,6,2,0,0,1,0,0,0,0,0,0,0,1,0,0,0,low,0,-1.2092028359187208,-1.4012944185795324,1113,0.7626204407443903
T00474,R0217,0.024666082498211814,0.031625517695221775,0.19418982479170716,2023-08-17,1.0,Kavya Iyer,0.9835578757201877,2,Jaipur,2023-03-03,-1.0496997352651634,-0.8775846282275089,-0.8971621817515741,Zone_4,0.13112332813653896,1.3108734070937318,0.6290909090909091,Business,0,3,8,0,0,0,1,0,0,0,0,1,0,0,0,0,0,low,0,-0.02349822684482334,-0.18499559280412042,167,0.836033961660306
T00475,R0010,0.6632936456818262,0.5550779588863638,0.7108400706783045,2023-01-12,1.0,Vivaan Gupta,-0.8494235369021,0,Surat,2023-05-14,0.0017782793317680683,-1.0656355968196982,-1.155065726028125,Zone_4,0.13112332813653896,1.3108734070937318,0.6290909090909091,Business,0,3,1,0,0,1,0,0,0,0,0,1,0,0,0,0,0,medium,0,372.9974441205147,399.73476493793925,-122,-599.2509600615903
T00476,R0070,0.719896388448406,0.587527183467184,0.8364018122034349,2023-06-09,0.0,Meera Reddy,0.19799441316777866,1,Bengaluru,2023-01-03,0.41086505962995135,-0.8305718860794616,-0.8603188182834954,Zone_10,0.0,-0.46361542252807086,0.44035034732709155,Industrial,0,4,6,0,1,0,0,0,1,0,0,0,0,0,0,0,0,medium,0,1.7521479901376524,2.035709273883611,157,-2.021519880097671
T00477,R0143,0.0031870535870354632,0.0027399758131106955,0.19418982479170716,2024-07-26,1.0,Meera Kumar,1.3763396069963922,2,Kolkata,2023-03-28,-1.262403346172219,-0.5014826910431305,1.0186927185885153,Zone_4,0.13112332813653896,1.3108734070937318,0.6290909090909091,Business,0,4,7,0,1,0,0,0,0,0,0,1,0,0,0,0,0,low,0,-0.002524592157252315,-0.15382549910099452,486,0.39724442474245264
T00478,R0237,0.7334013806381002,0.6210777655405699,0.8869859067660029,2023-08-21,1.0,Aadhya Nair,1.1144851194789225,1,Chennai,2022-12-13,-1.5318279199878226,-0.9716101125236036,-0.547150228804827,Zone_8,0.3749277083599486,0.2886135378550845,0.0036363636363636598,Business,0,0,8,0,0,1,0,0,0,0,0,0,0,0,0,1,0,low,0,-0.4787753056778926,-0.5790375636795118,251,0.6342815011044631
T00479,R0062,0.877298629777772,0.7399570504811079,0.847446988607782,2024-03-02,1.0,Kavya Sharma,0.8526306319614528,1,Jaipur,2019-05-13,-1.3829353923528838,-0.9716101125236036,-0.786632091347338,Zone_10,0.0,-0.46361542252807086,0.44035034732709155,Industrial,0,5,3,0,0,1,0,0,1,0,0,0,0,0,0,0,0,low,0,-0.6343742698530284,-0.6127885606904324,1755,0.7025708633217753
T00480,R0022,0.6411158825083926,0.4881969745015483,0.6756811679847385,2023-05-26,0.0,Aarav Nair,1.507266850755127,0,Kolkata,2020-09-14,-0.2272457730912153,-1.0656355968196982,-1.265595816432361,Zone_9,0.7054238122589644,0.0957343172440192,0.9163636363636365,Business,0,4,5,0,0,1,0,0,0,0,0,0,0,0,0,0,1,medium,0,-2.8212444781142394,-2.9733497736546393,984,4.689352775736592
T00481,R0259,0.6732311542215667,0.5726145096630866,0.8369979114002213,2023-11-19,1.0,Aadhya Das,-0.002498701550705167,1,Jaipur,2019-06-25,-0.7235541985410116,0.1566956990295319,-0.8971621817515741,Zone_6,1.0,-2.392407628638726,0.24363636363636365,Mixed,0,6,11,0,1,0,0,0,0,0,0,0,0,1,0,0,0,low,0,-0.9304502075712956,-1.1567867522404816,1608,-0.2165638722648505
T00482,R0004,0.37451726314649253,0.31589069588245766,0.6459676238314074,2023-01-12,0.0,Aarav Nair,-1.6349869994545092,2,Kolkata,2019-07-28,1.5027435956195032,-0.8775846282275089,-1.505077678974872,Zone_10,0.0,-0.46361542252807086,0.44035034732709155,Industrial,0,3,1,0,1,0,0,0,1,0,0,0,0,0,0,0,0,high,0,0.24922233189894147,0.4298588433278988,1264,-0.5839882670507914
T00483,R0257,0.21996173559901838,0.21534302293606994,0.49187186593190607,2023-04-14,1.0,Arjun Reddy,0.5907761444439832,2,Delhi,2023-03-11,1.4672929938016606,-0.2194062381548466,1.4976564436735391,Zone_6,1.0,-2.392407628638726,0.24363636363636365,Mixed,0,4,4,0,0,0,1,0,0,0,0,0,0,1,0,0,0,high,0,0.1499098929308671,0.33522402683699737,34,-0.1495313063455577
T00484,R0002,0.8623305983144756,0.8651206810180229,0.8298734976355109,2023-11-02,0.0,Ishaan Nair,0.9835578757201877,0,Mumbai,2019-11-23,-1.290763827626493,-0.8775846282275089,0.20813872229078573,Zone_1,0.3749277083599486,-0.0059291052863966335,0.44035034732709155,Business,0,3,11,0,0,1,0,1,0,0,0,0,0,0,0,0,0,low,0,-0.6680777535423833,-0.6429320994852441,1440,0.6798955854234355
T00485,R0196,0.5615162427350775,0.5216601604084306,0.7646840391508074,2023-06-15,0.0,Vivaan Das,-1.765914243213244,1,Hyderabad,2019-06-24,0.0017782793317680683,-0.6895336596353198,1.7002949427479706,Zone_4,0.13112332813653896,1.3108734070937318,0.6290909090909091,Business,0,3,6,0,0,1,0,0,0,0,0,1,0,0,0,0,0,medium,0,315.76380195387276,430.01345485498854,1452,-387.75328898961305
T00486,R0076,0.47379400146364775,0.4110467218135869,0.6564989486054671,2024-05-06,1.0,Reyansh Reddy,1.1144851194789225,1,Bengaluru,2022-01-02,-0.8157257632674023,-0.5014826910431305,-1.2287524529642824,Zone_4,0.13112332813653896,1.3108734070937318,0.6290909090909091,Business,0,0,5,0,0,1,0,0,0,0,0,1,0,0,0,0,0,low,0,-0.5808251042186757,-0.804803499126778,855,0.6147687294249893
T00487,R0242,0.5527889988109432,0.3630100468536991,0.712998056701923,2023-09-19,1.0,Kavya Iyer,0.32892165692651354,1,Ahmedabad,2022-06-05,1.3680313087117013,-0.736546401783367,0.9818493551204374,Zone_7,0.7081316156560269,-0.0059291052863966335,0.52,Industrial,0,1,9,0,0,1,0,0,0,0,0,0,0,0,1,0,0,high,0,0.4040762775608653,0.5211854817660317,471,-0.5383987903588153
T00488,R0086,0.7005999368637785,0.5581899646376334,0.7708134484904583,2024-05-18,1.0,Vivaan Patel,-1.1112780244195697,1,Hyderabad,2019-11-08,0.6022983094463014,-0.3134317224509412,1.0186927185885153,Zone_5,0.012308197259374737,-0.9072376299335215,0.44035034732709155,Business,0,5,5,0,0,0,1,0,0,0,0,0,1,0,0,0,0,high,0,1.1632108639120153,1.279786837188825,1653,-0.5203928311521944
T00489,R0037,0.37451726314649253,0.26254401508307235,0.610503461869657,2024-03-25,1.0,Aadhya Iyer,0.06706716940904384,2,Ahmedabad,2020-11-21,1.679996604708716,-0.8305718860794616,-1.1919090894962037,Zone_8,0.3749277083599486,0.2886135378550845,0.0036363636363636598,Business,0,0,3,0,0,1,0,0,0,0,0,0,0,0,0,1,0,high,0,0.22292739288686103,0.3633956522046116,1220,-0.49438902659179434
T00490,R0067,0.829407613994269,0.695878623288373,0.8478453152622096,2024-04-29,1.0,Saanvi Iyer,0.06706716940904384,1,Pune,2022-07-24,0.680289633445555,-0.6895336596353198,-1.155065726028125,Zone_2,0.3225568228440141,-0.0059291052863966335,1.0,Residential,0,0,4,1,0,0,0,0,0,1,0,0,0,0,0,0,0,high,0,1.2191977846163198,1.2463005072824829,645,-1.013588368446753
T00491,R0163,0.2510967503079017,0.17965624782497153,0.46259955749304776,2024-07-06,0.0,Kavya Gupta,0.19799441316777866,2,Ahmedabad,2020-02-20,0.3541440967214032,-0.12538075385875197,-0.8234754548154167,Zone_3,0.3749277083599486,0.6357961349550023,0.2581818181818183,Business,0,5,7,0,0,1,0,0,0,0,1,0,0,0,0,0,0,medium,0,0.7090242436129991,1.3062466995093354,1598,-0.35403880798664294
T00492,R0045,0.8281409571084986,0.6399855600366546,0.9537172508929239,2024-07-17,1.0,Saanvi Iyer,0.32892165692651354,2,Ahmedabad,2023-07-12,-1.0780602167194375,0.0023974683897869183,1.6081865340777743,Zone_1,0.20357758267005824,1.2530096409104126,0.0,Residential,0,2,7,0,0,1,0,1,0,0,0,0,0,0,0,0,0,low,0,-0.7681769016841664,-0.8846604633970334,371,-0.0022238724262383697
T00493,R0038,0.4218063773749467,0.3597441345521901,0.6428927506321598,2023-03-30,0.0,Aarav Singh,0.7217033882027181,2,Kolkata,2023-02-11,0.0017782793317680683,-0.7835591439314143,0.11603031362058941,Zone_4,0.13112332813653896,1.3108734070937318,0.6290909090909091,Business,0,3,3,0,1,0,0,0,0,0,0,1,0,0,0,0,0,medium,0,237.1991676670742,361.52517725826493,47,-440.6277067576073
T00494,R0296,0.8909831605273875,0.9562864031047017,0.8134726628603051,2023-07-11,0.0,Reyansh Patel,0.7217033882027181,2,Hyderabad,2021-02-20,0.9780746887154328,0.0023974683897869183,-0.06818650371980403,Zone_3,0.3749277083599486,0.6357961349550023,0.2581818181818183,Business,0,1,7,1,0,0,0,0,0,0,1,0,0,0,0,0,0,high,0,0.9109561578549505,0.8317081223405239,871,0.002451211975371395
T00495,R0167,0.7094794072491613,0.6474222141807637,0.8655210641742446,2024-02-10,1.0,Kavya Nair,1.638194094513862,1,Hyderabad,2021-01-31,-0.9575281705387727,-0.8775846282275089,1.3687046715352633,Zone_7,0.7081316156560269,-0.0059291052863966335,0.52,Industrial,0,5,2,0,1,0,0,0,0,0,0,0,0,0,1,0,0,low,0,-0.7409488609091869,-0.9039118542979697,1105,0.9165105061438746
T00496,R0295,0.5039033625778384,0.34308278752174926,0.6821050578666423,2024-05-09,1.0,Kavya Gupta,-1.765914243213244,0,Delhi,2019-05-29,-1.0922404574465745,-0.2664189803028939,-0.7682104096132991,Zone_10,0.0,-0.46361542252807086,0.44035034732709155,Industrial,0,3,5,0,0,0,1,0,1,0,0,0,0,0,0,0,0,low,0,-0.46134837722076066,-0.6245008168450916,1807,0.2439197142776827
T00497,R0043,0.8452014040593518,0.7524881548970033,0.857528788659013,2023-12-11,0.0,Diya Kumar,-0.4566418056258955,1,Ahmedabad,2021-12-10,-1.1844120221729653,-0.36044446459898855,1.2397528993969873,Zone_2,0.3225568228440141,-0.0059291052863966335,1.0,Residential,0,0,12,0,1,0,0,0,0,1,0,0,0,0,0,0,0,low,0,-0.7136042088704189,-0.7240122293640346,731,0.30432354438424564
T00498,R0113,0.24053373852886523,0.16523895884084971,0.5465707406282596,2024-01-17,1.0,Aadhya Singh,-0.7184962931433652,2,Chennai,2019-03-09,1.212048660713194,0.10968295688148458,1.1108011272587133,Zone_8,0.3749277083599486,0.2886135378550845,0.0036363636363636598,Business,0,2,1,0,1,0,0,0,0,0,0,0,0,0,0,1,0,high,0,0.19845221262596033,0.4509478524621663,1775,0.0904938559289731
T00499,R0100,0.5927034453826538,0.5021495530351757,0.7704114601887606,2023-04-02,1.0,Ishaan Gupta,-0.4566418056258955,1,Delhi,2021-05-24,0.9284438461704532,1.7081161899150934,-0.39977677493251224,Zone_5,0.012308197259374737,-0.9072376299335215,0.44035034732709155,Business,0,6,4,1,0,0,0,0,0,0,0,0,1,0,0,0,0,high,0,0.638383729750996,0.8297878900985474,678,1.8397625197911
T00500,R0033,0.7112993027725436,0.548921061482607,0.8374893041289244,2024-01-22,0.0,Diya Iyer,-1.765914243213244,0,Chennai,2019-05-22,1.5594645585280513,0.626823120510005,-1.412969270304675,Zone_9,0.7054238122589644,0.0957343172440192,0.9163636363636365,Business,0,0,1,1,0,0,0,0,0,0,0,0,0,0,0,0,1,high,0,0.45611764556158,0.5370364459705417,1706,0.4019476538162889
T00501,R0048,0.6883722487363293,0.49235032991111904,0.853432528092664,2024-05-28,1.0,Kavya Sharma,0.45984890068524836,1,Hyderabad,2019-05-31,-0.31941733781760606,-1.0656355968196982,-1.8182462684535405,Zone_10,0.0,-0.46361542252807086,0.44035034732709155,Industrial,0,1,5,0,0,0,1,0,1,0,0,0,0,0,0,0,0,medium,0,-2.155087301896568,-2.6718415910785396,1824,3.336185831678925
T00502,R0256,0.3567420088220418,0.24205039883002027,0.6134997293841846,2024-06-26,0.0,Aadhya Sharma,-0.06386007434969102,0,Delhi,2021-03-25,0.09180964326936801,-0.736546401783367,-0.6576803192090631,Zone_9,0.7054238122589644,0.0957343172440192,0.9163636363636365,Business,0,2,6,0,1,0,0,0,0,0,0,0,0,0,0,0,1,medium,0,3.8856703513743818,6.682301635615622,1189,-8.022538543389738
T00503,R0195,0.4775274181175916,0.308633898867362,0.6545864515072886,2024-07-22,0.0,Aadhya Reddy,0.19799441316777866,1,Kolkata,2021-01-31,-1.276583586899356,-0.6425209174872724,1.773981669684128,Zone_5,0.012308197259374737,-0.9072376299335215,0.44035034732709155,Business,0,0,7,0,0,1,0,0,0,0,0,0,1,0,0,0,0,low,0,-0.3740667066521192,-0.5127642703735429,1268,0.5033128453796483
T00504,R0092,0.7404484730585884,0.6437643022687018,0.734073377192296,2023-02-27,0.0,Aarav Nair,-1.3731325119370394,1,Surat,2019-07-18,-0.00036192145702272454,-0.03135526956265735,0.926584309918319,Zone_10,0.0,-0.46361542252807086,0.44035034732709155,Industrial,0,0,2,0,0,0,1,0,1,0,0,0,0,0,0,0,0,medium,0,-2045.8816649052578,-2028.2670810153281,1320,86.63556402705518
T00505,R0126,0.2795207917688893,0.26436875429795337,0.41764815287356105,2023-09-08,1.0,Ishaan Gupta,-0.3257145618671607,0,Surat,2022-09-25,1.1269672163503717,-0.1723934960067993,-0.6576803192090631,Zone_5,0.012308197259374737,-0.9072376299335215,0.44035034732709155,Business,0,4,9,0,0,1,0,0,0,0,0,0,1,0,0,0,0,high,0,0.24802921301837308,0.37059476692329546,348,-0.15297117210302463
T00506,R0058,0.8852797496710479,0.6781646247199167,0.8827250292435682,2023-07-07,1.0,Vivaan Reddy,1.9000485820313315,1,Kolkata,2021-05-31,1.6161855214365994,0.06267021473343727,0.5765723569715726,Zone_9,0.7054238122589644,0.0957343172440192,0.9163636363636365,Business,0,4,7,0,0,0,1,0,0,0,0,0,0,0,0,0,1,high,0,0.5477587429963722,0.5461780331127637,767,0.03877662180622111
T00507,R0146,0.7908049375376143,0.7120333324871163,0.8963768344782641,2024-02-21,1.0,Kavya Gupta,-0.19478731810842584,1,Surat,2020-04-15,-1.219862623990808,0.0023974683897869183,-0.2155599575921188,Zone_3,0.3749277083599486,0.6357961349550023,0.2581818181818183,Business,0,2,2,0,1,0,0,0,0,0,1,0,0,0,0,0,0,low,0,-0.648273766229904,-0.7348178531331234,1407,-0.0019653593303347117
T00508,R0027,0.6014563674814732,0.4653516118337173,0.7534467531148414,2024-02-22,1.0,Ishaan Iyer,-0.002498701550705167,1,Jaipur,2019-10-05,1.0702462534418236,1.7551289320631407,-0.049764821985765095,Zone_4,0.13112332813653896,1.3108734070937318,0.6290909090909091,Business,0,3,2,0,0,1,0,0,0,0,0,1,0,0,0,0,0,high,0,0.5619794187994017,0.7039938244976975,1601,1.6399299940726642
T00509,R0040,0.6687139553838203,0.5177266834480304,0.8194337974274679,2024-01-21,1.0,Aarav Gupta,0.32892165692651354,2,Surat,2023-05-05,1.651636123254442,0.5798103783619577,0.7423674925779263,Zone_3,0.3749277083599486,0.6357961349550023,0.2581818181818183,Business,0,6,1,0,1,0,0,0,0,0,1,0,0,0,0,0,0,high,0,0.4048797104692544,0.4961345818792257,261,0.35105212958135046
T00510,R0044,0.9433080639491653,0.8744342307968054,0.9586548155718408,2024-04-04,1.0,Arjun Gupta,0.5907761444439832,0,Hyderabad,2020-08-01,0.1343503654507791,-0.8775846282275089,-1.4682343155067934,Zone_6,1.0,-2.392407628638726,0.24363636363636365,Mixed,0,3,4,0,0,1,0,0,0,0,0,0,0,1,0,0,0,medium,0,7.021254172135153,7.135483497609507,1342,-6.532059851739091
T00511,R0255,0.8480795759955669,0.7021516101448612,0.8481890813376078,2023-01-04,1.0,Reyansh Sharma,0.7217033882027181,0,Bengaluru,2021-07-06,1.5807349196187568,0.8618868312502416,-1.634029451113147,Zone_1,0.20357758267005824,1.2530096409104126,0.0,Residential,0,2,1,0,0,0,1,1,0,0,0,0,0,0,0,0,0,high,0,0.5365096737409379,0.5365789486969611,547,0.5452443800369212
T00512,R0119,0.7738691673665267,0.5884576563858421,0.7992891986185366,2024-05-21,0.0,Saanvi Iyer,2.0309758257900663,1,Hyderabad,2023-05-05,-1.5743686421692338,-1.0656355968196982,0.7055241291098469,Zone_2,0.3225568228440141,-0.0059291052863966335,1.0,Residential,0,1,5,0,1,0,0,0,0,1,0,0,0,0,0,0,0,low,0,-0.49154254387349583,-0.507688718645489,382,0.6768653594061801
T00513,R0203,0.20662639825684267,0.17630470796902653,0.48259183868683514,2024-02-08,0.0,Kavya Gupta,2.2928303133075363,0,Surat,2023-07-25,-0.7093739578138746,-0.6895336596353198,-0.7497887278792594,Zone_7,0.7081316156560269,-0.0059291052863966335,0.52,Industrial,0,3,2,0,1,0,0,0,0,0,0,0,0,0,1,0,0,low,0,-0.2912799320877484,-0.6803066751619566,198,0.9720312566312724
T00514,R0257,0.921927752379492,0.7283828359659223,0.8555852930988515,2023-05-20,0.0,Arjun Reddy,0.5907761444439832,2,Delhi,2023-03-11,1.4672929938016606,-0.2194062381548466,1.4976564436735391,Zone_3,0.3749277083599486,0.6357961349550023,0.2581818181818183,Business,0,5,5,1,0,0,0,0,0,0,1,0,0,0,0,0,0,high,0,0.6283187858689608,0.5831045992266928,70,-0.1495313063455577
T00515,R0200,0.8616440753264841,0.7348344101276388,0.8121183464967896,2023-09-08,1.0,Kavya Kumar,-0.19478731810842584,2,Bengaluru,2021-11-15,1.3538510679845643,0.0023974683897869183,-0.7497887278792594,Zone_3,0.3749277083599486,0.6357961349550023,0.2581818181818183,Business,0,4,9,1,0,0,0,0,0,0,1,0,0,0,0,0,0,high,0,0.6364393364250815,0.5998579649575227,662,0.0017708509055992063
T00516,R0103,0.6832709856501412,0.6437140572143667,0.7560335980969757,2023-09-18,1.0,Ishaan Gupta,0.7217033882027181,2,Surat,2022-11-24,-0.5463011894517986,-0.45446994889508313,-1.7261378597833443,Zone_1,0.20357758267005824,1.2530096409104126,0.0,Residential,0,0,9,0,1,0,0,1,0,0,0,0,0,0,0,0,0,medium,0,-1.2507221269933329,-1.3839135127193096,298,0.8319036415628782
T00517,R0055,0.5921811904328017,0.4070562901407926,0.6439006464376034,2023-07-08,1.0,Kavya Singh,0.06706716940904384,1,Delhi,2021-11-07,1.226228901440331,-0.5484954331911778,0.3370904944290615,Zone_3,0.3749277083599486,0.6357961349550023,0.2581818181818183,Business,0,5,7,0,0,0,1,0,0,0,1,0,0,0,0,0,0,high,0,0.4829287498746967,0.5251064019786814,608,-0.4473026467953201
T00518,R0291,0.6752639573061757,0.5464048961146255,0.7852707806791299,2023-02-23,1.0,Arjun Ghosh,-1.1112780244195697,2,Pune,2021-04-19,1.7508978083444013,3.306549422948702,-0.0009730452730406338,Zone_5,0.012308197259374737,-0.9072376299335215,0.44035034732709155,Business,0,3,2,0,0,0,1,0,0,0,0,0,1,0,0,0,0,high,0,0.38566725829914994,0.4484960669530219,675,1.8884879558306604
T00519,R0180,0.3513244650637804,0.32950599937949204,0.4685765112080735,2023-09-08,0.0,Diya Kumar,0.19799441316777866,1,Hyderabad,2019-12-03,-1.4751069570792745,-0.9245973703755562,0.9634276733863985,Zone_7,0.7081316156560269,-0.0059291052863966335,0.52,Industrial,0,4,9,0,1,0,0,0,0,0,0,0,0,0,1,0,0,low,0,-0.2381688076093181,-0.3176559563761121,1375,0.6268002234944832
T00520,R0221,0.612446316495032,0.41884751479419097,0.7811101479716014,2024-04-23,0.0,Diya Patel,-1.3731325119370394,0,Surat,2021-01-13,-1.0355194945380264,-1.0656355968196982,-0.0009730452730406338,Zone_10,0.0,-0.46361542252807086,0.44035034732709155,Industrial,0,1,4,0,0,1,0,0,1,0,0,0,0,0,0,0,0,low,0,-0.5914387123810364,-0.7543171829131773,1196,1.0290830857753261
T00521,R0240,0.8268693696657865,0.8357614535429652,0.9332751014709137,2024-02-13,1.0,Aarav Iyer,-0.19478731810842584,1,Surat,2020-05-18,-0.5533913098153671,-1.018622854671651,0.11603031362058941,Zone_10,0.0,-0.46361542252807086,0.44035034732709155,Industrial,0,1,2,0,0,1,0,0,1,0,0,0,0,0,0,0,0,medium,0,-1.4941856783794858,-1.6864650472778306,1366,1.8406918153657006
T00522,R0131,0.2264306678096899,0.15298698650520795,0.4162462699132429,2024-07-25,0.0,Reyansh Ghosh,-0.9803507806608349,1,Surat,2019-10-22,-1.085150337083006,-0.7835591439314143,-0.7497887278792594,Zone_2,0.3225568228440141,-0.0059291052863966335,1.0,Residential,0,3,7,1,0,0,0,0,0,1,0,0,0,0,0,0,0,low,0,-0.20866294749385458,-0.38358396591587024,1738,0.7220742759364575
T00523,R0044,0.6486770053879126,0.55305213709979,0.7270123314645123,2024-01-20,0.0,Arjun Gupta,0.5907761444439832,0,Hyderabad,2020-08-01,0.1343503654507791,-0.8775846282275089,-1.4682343155067934,Zone_4,0.13112332813653896,1.3108734070937318,0.6290909090909091,Business,0,5,1,0,0,1,0,0,0,0,0,1,0,0,0,0,0,medium,0,4.828248908824616,5.411316366912765,1267,-6.532059851739091
T00524,R0100,0.7313596839822211,0.7191676072401586,0.7074077772288878,2024-01-08,1.0,Ishaan Gupta,-0.4566418056258955,1,Delhi,2021-05-24,0.9284438461704532,1.7081161899150934,-0.39977677493251224,Zone_1,0.3749277083599486,-0.0059291052863966335,0.44035034732709155,Business,0,0,1,0,0,0,1,1,0,0,0,0,0,0,0,0,0,high,0,0.787726352001638,0.7619284463424778,959,1.8397625197911
T00525,R0207,0.7296484679080956,0.6165400249052088,0.8615210357295189,2023-11-13,0.0,Ishaan Iyer,-0.06386007434969102,1,Mumbai,2023-12-06,-1.4538365959885688,0.0023974683897869183,-0.1418732306559614,Zone_3,0.3749277083599486,0.6357961349550023,0.2581818181818183,Business,0,0,11,0,0,0,1,0,0,0,1,0,0,0,0,0,0,low,0,-0.5018779069954246,-0.5925845023482218,-23,-0.0016490631728503888
T00526,R0207,0.3641787293667282,0.31579362875736966,0.554040967071604,2023-11-20,1.0,Ishaan Iyer,-0.06386007434969102,1,Mumbai,2023-12-06,-1.4538365959885688,0.0023974683897869183,-0.1418732306559614,Zone_3,0.3749277083599486,0.6357961349550023,0.2581818181818183,Business,0,0,11,0,0,0,1,0,0,0,1,0,0,0,0,0,0,low,0,-0.25049495271447386,-0.38108888481712166,-16,-0.0016490631728503888
T00527,R0292,0.3620711710786429,0.2668598214857637,0.638337341951134,2024-02-19,1.0,Ishaan Gupta,0.7217033882027181,0,Jaipur,2020-06-28,-0.7873652818131283,-0.2194062381548466,0.7055241291098469,Zone_1,0.20357758267005824,1.2530096409104126,0.0,Residential,0,0,2,0,1,0,0,1,0,0,0,0,0,0,0,0,0,low,0,-0.45985158279378663,-0.8107257923300659,1331,0.27865876642363824
T00528,R0257,0.8659678846217359,0.8760458985580201,0.9588653622886516,2023-05-08,1.0,Arjun Reddy,0.5907761444439832,2,Delhi,2023-03-11,1.4672929938016606,-0.2194062381548466,1.4976564436735391,Zone_3,0.3749277083599486,0.6357961349550023,0.2581818181818183,Business,0,0,5,1,0,0,0,0,0,0,1,0,0,0,0,0,0,high,0,0.5901806171500005,0.6534927695690101,58,-0.1495313063455577
T00529,R0015,0.3390798479387602,0.22871096455633005,0.5806821393792034,2024-01-28,0.0,Saanvi Patel,-0.4566418056258955,2,Chennai,2022-12-19,-1.4609267163521376,-1.0656355968196982,-0.25240332106019747,Zone_7,0.7081316156560269,-0.0059291052863966335,0.52,Industrial,0,6,1,0,0,0,1,0,0,0,0,0,0,0,1,0,0,low,0,-0.23209914922045233,-0.3974752004187714,405,0.7294244022592304
T00530,R0112,0.8565649985694861,0.7880288485402307,0.7942732260972547,2023-03-08,0.0,Meera Nair,1.2454123632376575,0,Delhi,2020-11-13,0.41795517999351983,-0.5955081753392251,-1.412969270304675,Zone_1,0.20357758267005824,1.2530096409104126,0.0,Residential,0,2,3,1,0,0,0,1,0,0,0,0,0,0,0,0,0,medium,0,2.0494183098359176,1.9003789499859038,845,-1.424813482030437
T00531,R0267,0.609485537300429,0.5275695037336577,0.7422367716980702,2024-04-24,1.0,Arjun Iyer,0.7217033882027181,1,Jaipur,2021-01-01,-0.8582664854488135,-0.5955081753392251,0.9081626281842801,Zone_2,0.3225568228440141,-0.0059291052863966335,1.0,Residential,0,2,4,0,0,1,0,0,0,1,0,0,0,0,0,0,0,low,0,-0.7101355437195134,-0.8648092221729154,1209,0.6938499701847449
T00532,R0263,0.7749463010092159,0.6922296025982498,0.9031679556024572,2023-06-03,1.0,Ishaan Das,-0.06386007434969102,2,Chennai,2020-12-30,0.3186934949035606,-0.12538075385875197,-0.3076683662623159,Zone_1,0.20357758267005824,1.2530096409104126,0.0,Residential,0,5,6,0,0,0,1,1,0,0,0,0,0,0,0,0,0,medium,0,2.431635139724836,2.8339704764785476,885,-0.39342112676850616
T00533,R0172,0.6240281641628116,0.43746345162976924,0.6691193854086119,2023-02-01,1.0,Reyansh Reddy,-0.06386007434969102,2,Pune,2021-01-31,-0.5959320319967782,-0.45446994889508313,-0.5287285470707872,Zone_7,0.7081316156560269,-0.0059291052863966335,0.52,Industrial,0,2,2,0,0,1,0,0,0,0,0,0,0,0,1,0,0,low,0,-1.0471465379565053,-1.1228115783046704,731,0.7626204407443903
T00534,R0284,0.37042102889087297,0.26254401508307235,0.6502635002021715,2024-06-07,1.0,Vivaan Das,-0.4566418056258955,0,Surat,2019-07-31,-0.8299060039945394,-0.2194062381548466,1.7371383062160501,Zone_8,0.3749277083599486,0.2886135378550845,0.0036363636363636598,Business,0,4,6,0,0,1,0,0,0,0,0,0,0,0,0,1,0,low,0,-0.4463409435622185,-0.783538734594394,1773,0.26437480521744755
T00535,R0268,0.8383853808988452,0.8033463273579369,0.9267114490098047,2023-11-20,1.0,Ishaan Kumar,0.32892165692651354,1,Chennai,2022-10-16,-1.7161710494406042,-1.1126483389677455,1.0923794455246727,Zone_5,0.012308197259374737,-0.9072376299335215,0.44035034732709155,Business,0,0,11,0,0,0,1,0,0,0,0,0,1,0,0,0,0,low,0,-0.4885208739374328,-0.5399878114200048,400,0.6483318427556621
T00536,R0008,0.7080161555235255,0.561285757003413,0.8677031959416799,2023-10-12,0.0,Ishaan Ghosh,-0.4566418056258955,0,Jaipur,2022-10-01,-0.2626963749090579,-0.03135526956265735,0.023921904950391464,Zone_6,1.0,-2.392407628638726,0.24363636363636365,Mixed,0,3,10,1,0,0,0,0,0,0,0,0,0,1,0,0,0,medium,0,-2.6951881455106927,-3.30306497850253,376,0.11935935383010954
T00537,R0183,0.9041174080500067,0.9774355028913874,0.8251487701771656,2023-03-22,0.0,Arjun Patel,1.507266850755127,2,Jaipur,2022-08-27,1.091516614532529,1.9901926428033772,-0.39977677493251224,Zone_6,1.0,-2.392407628638726,0.24363636363636365,Mixed,0,2,3,0,0,1,0,0,0,0,0,0,0,1,0,0,0,high,0,0.8283130059703389,0.755965378072195,207,1.8233278507223913
T00538,R0234,0.8427834033706186,0.8249597790759143,0.9050832098948214,2023-09-02,0.0,Saanvi Nair,0.06706716940904384,2,Surat,2022-12-01,-0.48958022654325045,0.3447466676217211,-0.049764821985765095,Zone_1,0.3749277083599486,-0.0059291052863966335,0.44035034732709155,Business,0,5,9,0,1,0,0,1,0,0,0,0,0,0,0,0,0,medium,0,-1.7214408541807509,-1.8486923303363123,275,-0.7041678747033007
T00539,R0172,0.6666398506284735,0.5228836948318519,0.7972311036372568,2024-03-03,0.0,Reyansh Reddy,-0.06386007434969102,2,Pune,2021-01-31,-0.5959320319967782,-0.45446994889508313,-0.5287285470707872,Zone_6,1.0,-2.392407628638726,0.24363636363636365,Mixed,0,6,3,0,0,1,0,0,0,0,0,0,0,1,0,0,0,low,0,-1.118650810554311,-1.3377886417113534,1127,0.7626204407443903
T00540,R0023,0.6173220846447711,0.5842320044582604,0.7047151320160938,2023-03-02,1.0,Meera Iyer,-0.9803507806608349,1,Jaipur,2019-10-09,-0.5392110690882301,0.3917594097697685,-1.4682343155067934,Zone_5,0.012308197259374737,-0.9072376299335215,0.44035034732709155,Business,0,3,3,0,1,0,0,0,0,0,0,0,1,0,0,0,0,medium,0,-1.1448616692691815,-1.3069374358499724,1240,-0.7265418538833178
T00541,R0288,0.7156261263136494,0.6444171503489861,0.7308628911222004,2023-10-21,1.0,Diya Ghosh,1.3763396069963922,1,Ahmedabad,2021-08-30,-1.482197077442843,-0.8775846282275089,1.0186927185885153,Zone_8,0.3749277083599486,0.2886135378550845,0.0036363636363636598,Business,0,5,10,1,0,0,0,0,0,0,0,0,0,0,0,1,0,low,0,-0.4828144227272946,-0.4930942735247595,782,0.5920836315111077
T00542,R0238,0.7576490275426127,0.6758174337962759,0.8414717634721187,2023-03-20,1.0,Reyansh Patel,-0.19478731810842584,1,Pune,2019-04-22,0.0017782793317680683,1.520065221322904,1.6634515792798927,Zone_2,0.3225568228440141,-0.0059291052863966335,1.0,Residential,0,0,3,0,0,0,1,0,0,1,0,0,0,0,0,0,0,medium,0,426.05737693038026,473.19436740879104,1428,854.7955285582536
T00543,R0005,0.49133756717352506,0.35557984198491094,0.6750736728685605,2023-02-19,0.0,Diya Reddy,-0.5875690493846304,1,Ahmedabad,2021-05-31,0.297423133812855,0.29773392547367383,-0.8787405000175352,Zone_10,0.0,-0.46361542252807086,0.44035034732709155,Industrial,0,6,2,0,1,0,0,0,1,0,0,0,0,0,0,0,0,medium,0,1.6519816763234199,2.269741644553215,629,1.0010449478385712
T00544,R0133,0.8366589194919449,0.7006695099782035,0.8463550070766359,2023-01-03,1.0,Diya Kumar,-0.8494235369021,0,Delhi,2019-07-13,-0.688103596723169,0.0023974683897869183,0.7239458108438874,Zone_3,0.3749277083599486,0.6357961349550023,0.2581818181818183,Business,0,1,1,1,0,0,0,0,0,0,1,0,0,0,0,0,0,low,0,-1.2158909261282953,-1.2299819549077768,1270,-0.0034841677927625247
T00545,R0051,0.6296686565518518,0.6017702192408142,0.6801007394865204,2024-08-07,1.0,Aarav Nair,-1.3731325119370394,1,Kolkata,2020-04-05,-0.2768766156361949,-0.45446994889508313,0.023921904950391464,Zone_5,0.012308197259374737,-0.9072376299335215,0.44035034732709155,Business,0,2,8,0,1,0,0,0,0,0,0,0,1,0,0,0,0,medium,0,-2.2741850376386132,-2.456331452635734,1585,1.641416873905447
T00546,R0178,0.6235536972652345,0.486957597474309,0.8286532553286172,2024-06-27,1.0,Saanvi Ghosh,-0.5875690493846304,1,Delhi,2021-05-15,-1.3900255127164522,-0.7835591439314143,-1.6156077693791082,Zone_4,0.13112332813653896,1.3108734070937318,0.6290909090909091,Business,0,3,6,0,0,0,1,0,0,0,0,1,0,0,0,0,0,low,0,-0.44859154854406735,-0.5961424792191221,1139,0.563701267899858
T00547,R0016,0.5947841556117504,0.41598522447053604,0.6398690799347357,2023-11-08,1.0,Aarav Iyer,-0.4566418056258955,0,Delhi,2022-01-24,0.7370105963541032,1.2850015105826673,-1.7445595415173831,Zone_9,0.7054238122589644,0.0957343172440192,0.9163636363636365,Business,0,2,11,0,0,1,0,0,0,0,0,0,0,0,0,0,1,high,0,0.8070225293287114,0.8681952241936357,653,1.7435319341938975
T00548,R0211,0.7509028180733405,0.6480216427774492,0.7496914490277691,2023-08-10,0.0,Arjun Reddy,0.5907761444439832,0,Mumbai,2021-04-04,1.297130105076016,-0.3134317224509412,-0.0009730452730406338,Zone_4,0.13112332813653896,1.3108734070937318,0.6290909090909091,Business,0,3,8,0,0,1,0,0,0,0,0,1,0,0,0,0,0,high,0,0.5788955287791545,0.5779616447833772,858,-0.2416347606338017
T00549,R0046,0.5527889988109432,0.4233306094005384,0.7127881246134626,2023-09-08,1.0,Vivaan Singh,-0.06386007434969102,0,Kolkata,2019-08-16,-1.5672785218056653,-0.9245973703755562,-0.25240332106019747,Zone_2,0.3225568228440141,-0.0059291052863966335,1.0,Residential,0,4,9,0,0,0,1,0,0,1,0,0,0,0,0,0,0,low,0,-0.35270629382075225,-0.4547935256537924,1484,0.5899381364011327
T00550,R0129,0.8286482093867478,0.7316376470744275,0.8158015295540224,2023-01-05,0.0,Vivaan Singh,0.45984890068524836,1,Hyderabad,2022-10-08,0.0017782793317680683,-0.6425209174872724,-0.19713827585807986,Zone_6,1.0,-2.392407628638726,0.24363636363636365,Mixed,0,3,1,0,0,1,0,0,0,0,0,0,0,1,0,0,0,medium,0,465.98315269337223,458.7589334139678,89,-361.3160801056158
T00552,R0005,0.7013491812324907,0.6264614074445072,0.7690816609632876,2024-07-27,1.0,Diya Reddy,-0.5875690493846304,1,Ahmedabad,2021-05-31,0.297423133812855,0.29773392547367383,-0.8787405000175352,Zone_2,0.3225568228440141,-0.0059291052863966335,1.0,Residential,0,5,7,0,1,0,0,0,0,1,0,0,0,0,0,0,0,medium,0,2.3580855068045734,2.5858165473006216,1153,1.0010449478385712
T00553,R0292,0.6211709704246114,0.43275127363317145,0.7113914887545174,2024-06-23,1.0,Ishaan Gupta,0.7217033882027181,0,Jaipur,2020-06-28,-0.7873652818131283,-0.2194062381548466,0.7055241291098469,Zone_7,0.7081316156560269,-0.0059291052863966335,0.52,Industrial,0,6,6,0,0,0,1,0,0,0,0,0,0,0,1,0,0,low,0,-0.7889234955777984,-0.9035088353354113,1456,0.27865876642363824
T00554,R0143,0.08913756810528023,0.09281193800745172,0.3159441742572233,2023-10-27,1.0,Meera Kumar,1.3763396069963922,2,Kolkata,2023-03-28,-1.262403346172219,-0.5014826910431305,1.0186927185885153,Zone_6,1.0,-2.392407628638726,0.24363636363636365,Mixed,0,4,10,0,0,0,1,0,0,0,0,0,0,1,0,0,0,low,0,-0.07060942002059613,-0.25027197148614155,213,0.39724442474245264
T00555,R0293,0.7202497366727485,0.6583787091450968,0.8381590202562794,2023-01-06,1.0,Arjun Kumar,0.9835578757201877,0,Delhi,2019-10-01,-0.028722402911296796,0.9559123155463362,-0.0009730452730406338,Zone_3,0.3749277083599486,0.6357961349550023,0.2581818181818183,Business,0,4,1,1,0,0,0,0,0,0,1,0,0,0,0,0,0,medium,0,-25.076235400537026,-29.181368384976714,1193,-33.281070476536165
T00556,R0175,0.3980712751186262,0.32828927136792907,0.6576876910220559,2024-06-09,1.0,Diya Patel,0.45984890068524836,1,Chennai,2022-08-18,-1.0922404574465745,-0.736546401783367,-0.9708489086877315,Zone_10,0.0,-0.46361542252807086,0.44035034732709155,Industrial,0,6,6,1,0,0,0,0,1,0,0,0,0,0,0,0,0,low,0,-0.3644538822973396,-0.6021455134152325,661,0.6743445518446145
T00557,R0196,0.6347549226674213,0.5386476966209179,0.7904291241822374,2023-01-05,1.0,Vivaan Das,-1.765914243213244,1,Hyderabad,2019-06-24,0.0017782793317680683,-0.6895336596353198,1.7002949427479706,Zone_10,0.0,-0.46361542252807086,0.44035034732709155,Industrial,0,3,1,1,0,0,0,0,1,0,0,0,0,0,0,0,0,medium,0,356.94894009498,444.49098072592847,1291,-387.75328898961305
T00558,R0145,0.737781761094082,0.7243957955283515,0.7550657362439446,2023-06-29,0.0,Saanvi Nair,0.5907761444439832,0,Jaipur,2022-12-09,-0.21306553236407827,0.9088995733982889,0.5397289935034931,Zone_1,0.3749277083599486,-0.0059291052863966335,0.44035034732709155,Business,0,3,6,0,0,0,1,1,0,0,0,0,0,0,0,0,0,medium,0,-3.4626987899356174,-3.5438192553534047,202,-4.2658217089998205
T00559,R0010,0.15711953218012942,0.13009763745861688,0.29899203823810744,2023-07-19,1.0,Vivaan Gupta,-0.8494235369021,0,Surat,2023-05-14,0.0017782793317680683,-1.0656355968196982,-1.155065726028125,Zone_1,0.20357758267005824,1.2530096409104126,0.0,Residential,0,2,7,0,1,0,0,1,0,0,0,0,0,0,0,0,0,medium,0,88.35480982839297,168.13558640465794,66,-599.2509600615903
T00560,R0106,0.7387843308883513,0.5158732156479141,0.7389215517965959,2023-03-08,0.0,Aarav Patel,0.06706716940904384,2,Bengaluru,2021-11-25,-1.7445315308948781,-1.0656355968196982,0.042343586684432034,Zone_1,0.3749277083599486,-0.0059291052863966335,0.44035034732709155,Business,0,2,3,0,0,1,0,1,0,0,0,0,0,0,0,0,0,low,0,-0.423485799943887,-0.4235644576842686,468,0.6108434143767341
T00561,R0278,0.7622774047399289,0.7101590093065181,0.8447424145801707,2023-09-18,1.0,Aarav Reddy,-1.5040597556957742,0,Mumbai,2021-09-02,0.9213537258068847,1.6140907056189988,0.4844639483013747,Zone_9,0.7054238122589644,0.0957343172440192,0.9163636363636365,Business,0,0,9,0,0,1,0,0,0,0,0,0,0,0,0,0,1,high,0,0.8273450070138446,0.9168491871462062,746,1.7518686476309007
T00562,R0242,0.34492544813234083,0.265163601423934,0.49344009504052283,2024-06-13,0.0,Kavya Iyer,0.32892165692651354,1,Ahmedabad,2022-06-05,1.3680313087117013,-0.736546401783367,0.9818493551204374,Zone_10,0.0,-0.46361542252807086,0.44035034732709155,Industrial,0,3,6,0,0,1,0,0,1,0,0,0,0,0,0,0,0,high,0,0.25213271504521567,0.3606935688520198,739,-0.5383987903588153
T00563,R0211,0.6310636924152349,0.564820515244314,0.7264089924805226,2023-05-08,0.0,Arjun Reddy,0.5907761444439832,0,Mumbai,2021-04-04,1.297130105076016,-0.3134317224509412,-0.0009730452730406338,Zone_5,0.012308197259374737,-0.9072376299335215,0.44035034732709155,Business,0,0,5,0,1,0,0,0,0,0,0,0,1,0,0,0,0,high,0,0.4865076293778969,0.5600124379488923,764,-0.2416347606338017
T00564,R0003,0.24358675515790143,0.2049369889622676,0.4731593625803778,2023-01-26,1.0,Kavya Reddy,0.32892165692651354,1,Pune,2023-05-04,-1.468016836715706,-0.6895336596353198,-0.4550418201346307,Zone_5,0.012308197259374737,-0.9072376299335215,0.44035034732709155,Business,0,3,1,0,0,0,1,0,0,0,0,0,1,0,0,0,0,low,0,-0.16592912905744422,-0.32231194543990715,-98,0.46970419029932
T00565,R0139,0.9167439228599883,0.7486671379364718,0.8950515652434858,2023-09-04,1.0,Diya Gupta,1.638194094513862,1,Kolkata,2021-01-31,-0.688103596723169,-0.7835591439314143,0.7055241291098469,Zone_9,0.7054238122589644,0.0957343172440192,0.9163636363636365,Business,0,0,9,0,0,1,0,0,0,0,0,0,0,0,0,0,1,low,0,-1.3322760224269015,-1.300751179772679,946,1.1387226395310472
T00566,R0028,0.7662894676602917,0.734169512011143,0.8751416142344928,2023-09-29,1.0,Ishaan Gupta,-1.5040597556957742,0,Surat,2023-11-11,-0.02163228254772828,-0.12538075385875197,-0.39977677493251224,Zone_3,0.3749277083599486,0.6357961349550023,0.2581818181818183,Business,0,4,9,0,0,0,1,0,0,0,1,0,0,0,0,0,0,medium,0,-35.423421729518964,-40.45535242541458,-43,5.796002043802765
T00567,R0177,0.6768811408146422,0.5443370314049627,0.8242522922905415,2024-02-06,1.0,Ishaan Reddy,0.32892165692651354,2,Bengaluru,2023-02-15,1.679996604708716,1.8491544163592353,0.8713192647162021,Zone_10,0.0,-0.46361542252807086,0.44035034732709155,Industrial,0,1,2,0,0,0,1,0,1,0,0,0,0,0,0,0,0,high,0,0.4029062552373446,0.49062735601983753,356,1.100689377095407
T00568,R0067,0.6800916865739616,0.6427586945262899,0.8376603947552803,2023-04-01,1.0,Saanvi Iyer,0.06706716940904384,1,Pune,2022-07-24,0.680289633445555,-0.6895336596353198,-1.155065726028125,Zone_7,0.7081316156560269,-0.0059291052863966335,0.52,Industrial,0,5,4,0,0,1,0,0,0,0,0,0,0,0,1,0,0,high,0,0.9997090255945973,1.2313290598192248,251,-1.013588368446753
T00569,R0077,0.8706811772637673,0.6650360630025665,0.9109904924955494,2023-09-16,0.0,Reyansh Das,-0.4566418056258955,1,Mumbai,2019-09-07,1.091516614532529,2.272269095691661,-0.0009730452730406338,Zone_3,0.3749277083599486,0.6357961349550023,0.2581818181818183,Business,0,5,9,1,0,0,0,0,0,0,1,0,0,0,0,0,0,high,0,0.7976801870639959,0.8346098267003524,1470,2.0817540158697634
T00570,R0167,0.6283612260982794,0.5346158523382422,0.8007888045679394,2023-09-08,0.0,Kavya Nair,1.638194094513862,1,Hyderabad,2021-01-31,-0.9575281705387727,-0.8775846282275089,1.3687046715352633,Zone_9,0.7054238122589644,0.0957343172440192,0.9163636363636365,Business,0,4,9,1,0,0,0,0,0,0,0,0,0,0,0,0,1,low,0,-0.6562326262889155,-0.8363083501943962,950,0.9165105061438746
T00571,R0167,0.7662894676602917,0.711622298210395,0.8779416603619661,2024-07-24,1.0,Kavya Nair,1.638194094513862,1,Hyderabad,2021-01-31,-0.9575281705387727,-0.8775846282275089,1.3687046715352633,Zone_10,0.0,-0.46361542252807086,0.44035034732709155,Industrial,0,2,7,0,1,0,0,0,1,0,0,0,0,0,0,0,0,low,0,-0.8002787711500158,-0.9168833746875295,1270,0.9165105061438746
T00572,R0086,0.9110829257146346,0.9851239082129774,0.9849659800050068,2024-04-19,0.0,Vivaan Patel,-1.1112780244195697,1,Hyderabad,2019-11-08,0.6022983094463014,-0.3134317224509412,1.0186927185885153,Zone_1,0.3749277083599486,-0.0059291052863966335,0.44035034732709155,Business,0,4,4,0,0,0,1,1,0,0,0,0,0,0,0,0,0,high,0,1.512677208993334,1.6353457490367116,1624,-0.5203928311521944
T00573,R0170,0.6415655321341756,0.6088532167237778,0.7883386883202168,2024-02-15,0.0,Saanvi Kumar,-0.3257145618671607,2,Bengaluru,2021-01-31,-1.5885488828963708,-0.9716101125236036,-0.6024152740069446,Zone_1,0.20357758267005824,1.2530096409104126,0.0,Residential,0,3,2,0,0,1,0,1,0,0,0,0,0,0,0,0,0,low,0,-0.4038689265667553,-0.49626341172633853,1110,0.6116337513971151
T00574,R0236,0.4064838533614254,0.3580143610024508,0.49701850280967214,2023-11-05,0.0,Arjun Gupta,-0.4566418056258955,1,Ahmedabad,2020-08-10,0.0017782793317680683,-1.0656355968196982,-1.1919090894962037,Zone_6,1.0,-2.392407628638726,0.24363636363636365,Mixed,0,6,11,0,0,0,1,0,0,0,0,0,0,1,0,0,0,medium,0,228.58267882879548,279.49405581602724,1182,-599.2509600615903
T00575,R0141,0.5113510932843921,0.37837771085640304,0.7520922253620181,2024-05-26,0.0,Arjun Das,-0.8494235369021,2,Jaipur,2019-07-08,-1.411295873807158,-1.1126483389677455,0.5213073117694542,Zone_8,0.3749277083599486,0.2886135378550845,0.0036363636363636598,Business,0,6,5,0,0,1,0,0,0,0,0,0,0,0,0,1,0,low,0,-0.3623273494770127,-0.5329089663765186,1784,0.7883877219638069
T00576,R0049,0.7996199869728757,0.7052912345418146,0.8341132023818187,2023-08-31,0.0,Meera Iyer,0.9835578757201877,1,Mumbai,2020-05-19,0.8717228832619051,1.4730524791748567,0.7239458108438874,Zone_10,0.0,-0.46361542252807086,0.44035034732709155,Industrial,0,3,8,0,0,0,1,0,1,0,0,0,0,0,0,0,0,high,0,0.9172869065691759,0.9568559210705191,1199,1.6898173805680456
T00577,R0055,0.7275831054861646,0.6458712514129259,0.7034146309648417,2023-01-09,0.0,Kavya Singh,0.06706716940904384,1,Delhi,2021-11-07,1.226228901440331,-0.5484954331911778,0.3370904944290615,Zone_6,1.0,-2.392407628638726,0.24363636363636365,Mixed,0,0,1,0,1,0,0,0,0,0,0,0,0,1,0,0,0,high,0,0.5933501523504657,0.5736405577609608,428,-0.4473026467953201
T00578,R0007,0.6044904797101277,0.5173564865200504,0.7343623280418157,2024-02-09,0.0,Ishaan Ghosh,-1.765914243213244,0,Mumbai,2021-03-26,1.460202873438092,2.7423965171721343,0.042343586684432034,Zone_10,0.0,-0.46361542252807086,0.44035034732709155,Industrial,0,4,2,0,1,0,0,0,1,0,0,0,0,0,0,0,0,high,0,0.41397705120716305,0.5029180132434182,1050,1.8780928096073926
T00579,R0249,0.8525854460753038,0.8965611066077174,0.8781948146308434,2024-05-23,1.0,Diya Nair,-1.5040597556957742,1,Surat,2023-03-24,1.020615410896844,1.1439632841385254,0.889740946450241,Zone_1,0.20357758267005824,1.2530096409104126,0.0,Residential,0,3,5,0,0,0,1,1,0,0,0,0,0,0,0,0,0,high,0,0.8353640724728159,0.860456157387579,426,1.1208563695244345
T00580,R0284,0.855399566004241,0.7987355887890694,0.7924652338415901,2024-06-21,1.0,Vivaan Das,-0.4566418056258955,0,Surat,2019-07-31,-0.8299060039945394,-0.2194062381548466,1.7371383062160501,Zone_1,0.3749277083599486,-0.0059291052863966335,0.44035034732709155,Business,0,4,6,0,0,1,0,1,0,0,0,0,0,0,0,0,0,low,0,-1.0307186137791449,-0.954885529237362,1787,0.26437480521744755
T00581,R0193,0.6109692812663053,0.43318822643867505,0.7863606490896422,2023-12-21,0.0,Kavya Singh,0.19799441316777866,0,Chennai,2022-01-03,0.9709845683518643,2.0842181270994717,0.7423674925779263,Zone_5,0.012308197259374737,-0.9072376299335215,0.44035034732709155,Business,0,3,12,0,0,1,0,0,0,0,0,0,1,0,0,0,0,high,0,0.6292265615542748,0.80985905926847,717,2.1464997436954065
T00582,R0177,0.45763033128849717,0.3076414981368777,0.600215747794892,2024-08-10,0.0,Ishaan Reddy,0.32892165692651354,2,Bengaluru,2023-02-15,1.679996604708716,1.8491544163592353,0.8713192647162021,Zone_5,0.012308197259374737,-0.9072376299335215,0.44035034732709155,Business,0,5,8,0,1,0,0,0,0,0,0,0,1,0,0,0,0,high,0,0.2723995572406783,0.35727200049845315,542,1.100689377095407
T00583,R0147,0.03918715762701876,0.06486062973368423,0.18959565541130577,2023-02-10,0.0,Saanvi Nair,0.45984890068524836,2,Mumbai,2022-08-29,-0.09253348618341346,0.0023974683897869183,-0.1787165941240401,Zone_5,0.012308197259374737,-0.9072376299335215,0.44035034732709155,Business,0,4,2,0,0,0,1,0,0,0,0,0,1,0,0,0,0,medium,0,-0.42349163792818406,-2.048941018341213,165,-0.025909197725835408
T00584,R0104,0.215024557466665,0.17582158819081392,0.39547912095679155,2024-03-04,0.0,Diya Gupta,2.6856120445837406,1,Kolkata,2021-05-27,0.5384872261741847,-1.0656355968196982,-0.5655719105388659,Zone_5,0.012308197259374737,-0.9072376299335215,0.44035034732709155,Business,0,0,3,1,0,0,0,0,0,0,0,0,1,0,0,0,0,high,0,0.3993122715173023,0.7344261882803991,1012,-1.978943129980574
T00585,R0088,0.6594877338762225,0.6060932264809826,0.7195857487325195,2023-08-03,1.0,Diya Iyer,-1.2422052681783047,2,Jaipur,2019-07-07,1.3184004661667217,-1.1126483389677455,1.4239697167373817,Zone_9,0.7054238122589644,0.0957343172440192,0.9163636363636365,Business,0,3,8,0,0,0,1,0,0,0,0,0,0,0,0,0,1,high,0,0.5002180678786451,0.5458021042913697,1488,-0.8439380654975002
T00586,R0040,0.4870392104009052,0.44312817636695134,0.5712151001882997,2024-06-26,1.0,Aarav Gupta,0.32892165692651354,2,Surat,2023-05-05,1.651636123254442,0.5798103783619577,0.7423674925779263,Zone_3,0.3749277083599486,0.6357961349550023,0.2581818181818183,Business,0,2,6,0,0,1,0,0,0,0,1,0,0,0,0,0,0,high,0,0.29488287616356196,0.3458480304140826,418,0.35105212958135046
T00587,R0176,0.9429510470813299,0.9030211367175072,0.9966442861795888,2024-02-04,0.0,Kavya Gupta,1.507266850755127,1,Mumbai,2019-05-24,0.05635904145152542,-0.5014826910431305,-0.10502986718788272,Zone_9,0.7054238122589644,0.0957343172440192,0.9163636363636365,Business,0,6,2,0,0,0,1,0,0,0,0,0,0,0,0,0,1,medium,0,16.73114060842154,17.68384025900805,1717,-8.897998939078075
T00588,R0103,0.7216593198805882,0.6780211408843853,0.8227809520255893,2023-06-22,0.0,Ishaan Gupta,0.7217033882027181,2,Surat,2022-11-24,-0.5463011894517986,-0.45446994889508313,-1.7261378597833443,Zone_7,0.7081316156560269,-0.0059291052863966335,0.52,Industrial,0,3,6,1,0,0,0,0,0,0,0,0,0,0,1,0,0,medium,0,-1.320991668725374,-1.5060940153749842,210,0.8319036415628782
T00589,R0149,0.3192046786782979,0.27066985780959146,0.5518215715153472,2023-10-05,0.0,Diya Reddy,-0.19478731810842584,1,Jaipur,2019-09-14,-1.156051540718691,-0.736546401783367,1.0371144003225559,Zone_1,0.3749277083599486,-0.0059291052863966335,0.44035034732709155,Business,0,3,10,0,1,0,0,1,0,0,0,0,0,0,0,0,0,low,0,-0.2761163040186388,-0.47733301853677923,1482,0.6371224602369137
T00590,R0067,0.9010861113077042,0.9178528203909357,0.8299211766183758,2024-06-17,1.0,Saanvi Iyer,0.06706716940904384,1,Pune,2022-07-24,0.680289633445555,-0.6895336596353198,-1.155065726028125,Zone_6,1.0,-2.392407628638726,0.24363636363636365,Mixed,0,0,6,0,1,0,0,0,0,0,0,0,0,1,0,0,0,high,0,1.3245624613502507,1.2199527022261998,694,-1.013588368446753
T00591,R0028,0.7394510054086253,0.6114432102979145,0.7917990587219899,2023-08-24,0.0,Ishaan Gupta,-1.5040597556957742,0,Surat,2023-11-11,-0.02163228254772828,-0.12538075385875197,-0.39977677493251224,Zone_4,0.13112332813653896,1.3108734070937318,0.6290909090909091,Business,0,3,8,1,0,0,0,0,0,0,0,1,0,0,0,0,0,medium,0,-34.18275458343988,-36.60265887222062,-79,5.796002043802765
T00592,R0098,0.8191341131923437,0.6972306796498231,0.788897588754848,2023-02-05,0.0,Diya Singh,-1.3731325119370394,2,Bengaluru,2023-04-29,0.2407021709043069,1.520065221322904,-0.9340055452196528,Zone_5,0.012308197259374737,-0.9072376299335215,0.44035034732709155,Business,0,6,2,0,1,0,0,0,0,0,0,0,1,0,0,0,0,medium,0,3.40310230736555,3.277484310968182,-83,6.315128839977178
T00593,R0154,0.816251323190724,0.595473632009064,0.9085711213208219,2023-08-24,0.0,Kavya Patel,-1.765914243213244,2,Kolkata,2019-03-25,1.5169238363466402,2.601358290727992,1.2397528993969873,Zone_4,0.13112332813653896,1.3108734070937318,0.6290909090909091,Business,0,3,8,0,0,0,1,0,0,0,0,1,0,0,0,0,0,high,0,0.5380964446814838,0.5989563217023637,1613,1.714890509594143
T00594,R0187,0.7610329445623238,0.7138574256413355,0.9094266360567156,2024-07-23,1.0,Saanvi Reddy,-0.002498701550705167,2,Surat,2022-08-05,0.7441007167176716,0.6738358626580523,1.295017944599106,Zone_9,0.7054238122589644,0.0957343172440192,0.9163636363636365,Business,0,1,7,1,0,0,0,0,0,0,0,0,0,0,0,0,1,high,0,1.0227552903313177,1.2221821799451005,718,0.9055707749220199
T00595,R0175,0.7947646272500989,0.7062581406559163,0.8172814748784769,2023-09-08,1.0,Diya Patel,0.45984890068524836,1,Chennai,2022-08-18,-1.0922404574465745,-0.736546401783367,-0.9708489086877315,Zone_2,0.3225568228440141,-0.0059291052863966335,1.0,Residential,0,4,9,1,0,0,0,0,0,1,0,0,0,0,0,0,0,low,0,-0.7276462081509866,-0.748261492518879,386,0.6743445518446145
T00596,R0290,0.7518659747461723,0.5943368177813091,0.8638418220425799,2023-09-09,0.0,Ishaan Gupta,0.32892165692651354,2,Chennai,2020-05-06,-0.5888419116332098,-0.9245973703755562,0.5028856300354152,Zone_10,0.0,-0.46361542252807086,0.44035034732709155,Industrial,0,5,9,0,0,1,0,0,1,0,0,0,0,0,0,0,0,low,0,-1.2768554002224461,-1.4670182352452315,1221,1.5701962650910775
T00597,R0019,0.3999595485933616,0.3343329408358315,0.6686088765198339,2023-07-11,0.0,Kavya Patel,-0.002498701550705167,2,Mumbai,2023-04-02,0.09889976363293652,0.015657472585389957,0.13445199535462835,Zone_1,0.3749277083599486,-0.0059291052863966335,0.44035034732709155,Business,0,1,7,1,0,0,0,1,0,0,0,0,0,0,0,0,0,medium,0,4.044090035217873,6.760469913774066,100,0.15831658246931907
T00598,R0077,0.7717645187510763,0.5896051535369826,0.7804306983740406,2023-10-08,0.0,Reyansh Das,-0.4566418056258955,1,Mumbai,2019-09-07,1.091516614532529,2.272269095691661,-0.0009730452730406338,Zone_8,0.3749277083599486,0.2886135378550845,0.0036363636363636598,Business,0,6,10,0,1,0,0,0,0,0,0,0,0,0,0,1,0,high,0,0.707057051148603,0.7149966276127466,1492,2.0817540158697634
T00599,R0077,0.8584210853898561,0.864627826317583,0.8035419899592529,2023-08-18,1.0,Reyansh Das,-0.4566418056258955,1,Mumbai,2019-09-07,1.091516614532529,2.272269095691661,-0.0009730452730406338,Zone_8,0.3749277083599486,0.2886135378550845,0.0036363636363636598,Business,0,4,8,0,0,1,0,0,0,0,0,0,0,0,0,1,0,high,0,0.7864480246665762,0.7361701867482714,1441,2.0817540158697634
T00600,R0058,0.6707749742176575,0.6040154233936135,0.7348359954322028,2023-09-10,1.0,Vivaan Reddy,1.9000485820313315,1,Kolkata,2021-05-31,1.6161855214365994,0.06267021473343727,0.5765723569715726,Zone_9,0.7054238122589644,0.0957343172440192,0.9163636363636365,Business,0,6,9,0,0,0,1,0,0,0,0,0,0,0,0,0,1,high,0,0.4150358763401229,0.4546730469278179,832,0.03877662180622111
T00601,R0070,0.7986768943884194,0.77377199499787,0.9269369993220482,2024-05-04,1.0,Meera Reddy,0.19799441316777866,1,Bengaluru,2023-01-03,0.41086505962995135,-0.8305718860794616,-0.8603188182834954,Zone_3,0.3749277083599486,0.6357961349550023,0.2581818181818183,Business,0,5,5,0,0,1,0,0,0,0,1,0,0,0,0,0,0,medium,0,1.9438910067158148,2.2560618811365973,487,-2.021519880097671
T00602,R0268,0.8352214781853926,0.7924106116020446,0.8949284958216424,2023-07-25,1.0,Ishaan Kumar,0.32892165692651354,1,Chennai,2022-10-16,-1.7161710494406042,-1.1126483389677455,1.0923794455246727,Zone_10,0.0,-0.46361542252807086,0.44035034732709155,Industrial,0,1,7,0,0,1,0,0,1,0,0,0,0,0,0,0,0,low,0,-0.48667729155414774,-0.5214681229550804,282,0.6483318427556621
T00603,R0021,0.9391786221871241,0.957902800469024,0.9230497988054149,2023-04-09,0.0,Diya Ghosh,0.7217033882027181,0,Pune,2019-05-08,0.9071734850797476,-0.3134317224509412,-0.1787165941240401,Zone_10,0.0,-0.46361542252807086,0.44035034732709155,Industrial,0,6,4,0,0,0,1,0,1,0,0,0,0,0,0,0,0,high,0,1.035280062340626,1.0175008573186768,1432,-0.3455036193252365
T00604,R0290,0.6620299288193799,0.5790340642444758,0.6653302414344666,2023-06-02,1.0,Ishaan Gupta,0.32892165692651354,2,Chennai,2020-05-06,-0.5888419116332098,-0.9245973703755562,0.5028856300354152,Zone_6,1.0,-2.392407628638726,0.24363636363636365,Mixed,0,4,6,0,1,0,0,0,0,0,0,0,0,1,0,0,0,low,0,-1.1242914536826636,-1.1298962052295312,1122,1.5701962650910775
T00605,R0134,0.6534778592184919,0.5944451741168256,0.8427940404340584,2023-07-10,1.0,Aadhya Singh,0.32892165692651354,1,Jaipur,2022-07-30,1.1198770959868032,0.25072118332562654,-0.0009730452730406338,Zone_2,0.3225568228440141,-0.0059291052863966335,1.0,Residential,0,0,7,0,0,0,1,0,0,1,0,0,0,0,0,0,0,high,0,0.5835264079962865,0.7525772635714214,345,0.2238827673359087
T00606,R0190,0.6895382359404983,0.49839205284572885,0.7346508006087933,2024-06-01,1.0,Saanvi Iyer,0.45984890068524836,2,Surat,2021-01-31,0.15562072654148468,1.0969505419904781,0.20813872229078573,Zone_1,0.20357758267005824,1.2530096409104126,0.0,Residential,0,5,6,0,0,1,0,1,0,0,0,0,0,0,0,0,0,medium,0,4.430889453254701,4.72077734718038,1217,7.048871743302509
T00607,R0232,0.6922427964048218,0.6337422726727814,0.8484786074603601,2024-06-28,1.0,Meera Das,0.8526306319614528,1,Jaipur,2022-12-08,-0.5675715505425042,-0.40745720674703584,-0.12345154892192248,Zone_7,0.7081316156560269,-0.0059291052863966335,0.52,Industrial,0,4,6,0,0,1,0,0,0,0,0,0,0,0,1,0,0,low,0,-1.2196573202852619,-1.4949280080182936,568,0.7178957549186079
T00608,R0180,0.47454410604479,0.31569653484405735,0.6794802291655881,2023-09-26,1.0,Diya Kumar,0.19799441316777866,1,Hyderabad,2019-12-03,-1.4751069570792745,-0.9245973703755562,0.9634276733863985,Zone_10,0.0,-0.46361542252807086,0.44035034732709155,Industrial,0,1,9,1,0,0,0,0,1,0,0,0,0,0,0,0,0,low,0,-0.3217014900291649,-0.46063116027258477,1393,0.6268002234944832
T00609,R0088,0.5672075086636943,0.3916010703336581,0.6056082715444826,2024-02-17,0.0,Diya Iyer,-1.2422052681783047,2,Jaipur,2019-07-07,1.3184004661667217,-1.1126483389677455,1.4239697167373817,Zone_9,0.7054238122589644,0.0957343172440192,0.9163636363636365,Business,0,5,2,0,0,1,0,0,0,0,0,0,0,0,0,0,1,high,0,0.4302239897660705,0.4593507717008793,1686,-0.8439380654975002
T00610,R0157,0.7616557672515692,0.7051069189263424,0.7367178953254199,2023-09-18,1.0,Kavya Nair,0.5907761444439832,0,Hyderabad,2021-11-23,0.474676142902068,0.1566956990295319,1.1844878541948707,Zone_6,1.0,-2.392407628638726,0.24363636363636365,Mixed,0,0,9,0,0,0,1,0,0,0,0,0,0,1,0,0,0,medium,0,1.604579835411507,1.5520432327213347,664,0.3301107531369242
T00611,R0099,0.7098441983552483,0.6117069130619648,0.8371466181673675,2024-01-28,1.0,Diya Gupta,0.45984890068524836,2,Mumbai,2021-08-21,-1.219862623990808,-0.736546401783367,-0.5655719105388659,Zone_4,0.13112332813653896,1.3108734070937318,0.6290909090909091,Business,0,6,1,0,0,1,0,0,0,0,0,1,0,0,0,0,0,low,0,-0.5819050312673546,-0.6862630280683767,890,0.6037945480891438
T00612,R0247,0.519286796920755,0.4847324030828235,0.7423628777824656,2024-03-07,0.0,Aadhya Das,0.7217033882027181,1,Bengaluru,2021-05-11,-0.02163228254772828,1.0969505419904781,1.6818732610139318,Zone_8,0.3749277083599486,0.2886135378550845,0.0036363636363636598,Business,0,3,3,0,1,0,0,0,0,0,0,0,0,0,0,1,0,medium,0,-24.005178176414308,-34.31736230999003,1031,-50.708959610259654
T00613,R0148,0.5609416244663274,0.4772676016304801,0.7672642076901277,2024-08-01,1.0,Aarav Kumar,1.638194094513862,1,Ahmedabad,2019-09-30,1.1340573367139402,0.48578489406586306,-1.1919090894962037,Zone_3,0.3749277083599486,0.6357961349550023,0.2581818181818183,Business,0,3,8,1,0,0,0,0,0,0,1,0,0,0,0,0,0,high,0,0.4946325078163327,0.6765656222580093,1767,0.42836008228074246
T00614,R0252,0.6393110690691587,0.4325326444259145,0.7326838694724795,2024-02-10,0.0,Reyansh Gupta,-0.002498701550705167,2,Ahmedabad,2021-01-31,0.9922549294425698,1.0969505419904781,1.516078125407578,Zone_5,0.012308197259374737,-0.9072376299335215,0.44035034732709155,Business,0,5,2,0,0,1,0,0,0,0,0,0,1,0,0,0,0,high,0,0.6443012275366691,0.7384028516583814,1105,1.1055128167584156
T00615,R0249,0.5186328019044136,0.34082374615413785,0.7307366022753479,2023-11-30,0.0,Diya Nair,-1.5040597556957742,1,Surat,2023-03-24,1.020615410896844,1.1439632841385254,0.889740946450241,Zone_1,0.20357758267005824,1.2530096409104126,0.0,Residential,0,3,11,0,0,0,1,1,0,0,0,0,0,0,0,0,0,high,0,0.5081569378309467,0.7159764534941019,251,1.1208563695244345
T00616,R0182,0.6014563674814732,0.4511865071670727,0.7835842253664225,2024-01-15,1.0,Meera Patel,1.507266850755127,1,Jaipur,2020-09-30,-1.7303512901677411,-1.1126483389677455,0.7239458108438874,Zone_4,0.13112332813653896,1.3108734070937318,0.6290909090909091,Business,0,0,1,0,1,0,0,0,0,0,0,1,0,0,0,0,0,low,0,-0.34759205884902583,-0.4528469044516743,1202,0.643018758843983
T00617,R0215,0.5947841556117504,0.5349150407464496,0.7461235212087429,2024-05-26,1.0,Saanvi Gupta,-0.7184962931433652,0,Hyderabad,2020-02-28,1.3184004661667217,1.1439632841385254,-1.412969270304675,Zone_7,0.7081316156560269,-0.0059291052863966335,0.52,Industrial,0,6,5,1,0,0,0,0,0,0,0,0,0,0,1,0,0,high,0,0.45114073521310133,0.5659308687732139,1549,0.8676902909968045
T00618,R0282,0.8432684374635189,0.8398654776333297,0.8128033944159221,2024-03-17,1.0,Reyansh Kumar,-1.2422052681783047,1,Bengaluru,2022-05-02,0.474676142902068,-0.9716101125236036,-0.0009730452730406338,Zone_2,0.3225568228440141,-0.0059291052863966335,1.0,Residential,0,6,3,0,0,0,1,0,0,1,0,0,0,0,0,0,0,medium,0,1.7765132081590551,1.7123325167484018,685,-2.046890552753269
T00619,R0026,0.8574943602249246,0.7381944514760918,0.8650345782592266,2024-07-08,1.0,Ishaan Gupta,-0.7184962931433652,0,Surat,2020-04-17,-1.4751069570792745,-0.8775846282275089,-1.5419210424429508,Zone_8,0.3749277083599486,0.2886135378550845,0.0036363636363636598,Business,0,0,7,0,1,0,0,0,0,0,0,0,0,0,0,1,0,low,0,-0.5813099559389046,-0.5864215975036842,1543,0.5949294890216874
T00620,R0120,0.7761984844229868,0.7564631563569807,0.8518423647492568,2024-07-20,1.0,Ishaan Gupta,-1.765914243213244,1,Surat,2020-07-12,0.41795517999351983,-0.40745720674703584,1.0002710368544763,Zone_9,0.7054238122589644,0.0957343172440192,0.9163636363636365,Business,0,5,7,0,1,0,0,0,0,0,0,0,0,0,0,0,1,medium,0,1.8571333041859208,2.038118931227181,1469,-0.9748825382505206
T00621,R0261,0.7806904948665543,0.6206618111232144,0.8773253218336934,2023-12-11,0.0,Aarav Kumar,-0.06386007434969102,1,Pune,2022-08-26,1.5949151603458938,2.7894092593201814,0.42919890309925784,Zone_4,0.13112332813653896,1.3108734070937318,0.6290909090909091,Business,0,0,12,0,1,0,0,0,0,0,0,1,0,0,0,0,0,high,0,0.489487161622593,0.5500764828415233,472,1.7489389584303872
T00622,R0117,0.5480373455569046,0.42139332972359794,0.7679968655462315,2023-07-24,1.0,Aadhya Gupta,-1.3731325119370394,0,Ahmedabad,2021-06-12,0.8291821610804939,0.626823120510005,-1.5603427241769898,Zone_3,0.3749277083599486,0.6357961349550023,0.2581818181818183,Business,0,0,7,1,0,0,0,0,0,0,1,0,0,0,0,0,0,high,0,0.6609372117253053,0.9262100676954592,772,0.7559534562263157
T00623,R0236,0.8509326107380061,0.7270501692532159,0.8468531938220025,2023-06-23,0.0,Arjun Gupta,-0.4566418056258955,1,Ahmedabad,2020-08-10,0.0017782793317680683,-1.0656355968196982,-1.1919090894962037,Zone_3,0.3749277083599486,0.6357961349550023,0.2581818181818183,Business,0,4,6,0,0,0,1,0,0,0,1,0,0,0,0,0,0,medium,0,478.514593031883,476.22056821636227,1047,-599.2509600615903
T00624,R0199,0.6486770053879126,0.5272664138149037,0.8444137109726761,2023-01-31,0.0,Aarav Das,-0.3257145618671607,1,Ahmedabad,2021-08-03,0.651929151991281,0.1566956990295319,-0.1787165941240401,Zone_7,0.7081316156560269,-0.0059291052863966335,0.52,Industrial,0,1,1,0,0,1,0,0,0,0,0,0,0,0,1,0,0,high,0,0.9950115030238564,1.2952537992716875,546,0.24035694454054354
T00625,R0099,0.7156261263136494,0.5186510948247196,0.805252917050644,2023-06-06,1.0,Diya Gupta,0.45984890068524836,2,Mumbai,2021-08-21,-1.219862623990808,-0.736546401783367,-0.5655719105388659,Zone_1,0.3749277083599486,-0.0059291052863966335,0.44035034732709155,Business,0,1,6,1,0,0,0,1,0,0,0,0,0,0,0,0,0,low,0,-0.5866448501983466,-0.6601177060546711,654,0.6037945480891438
T00626,R0254,0.892862381826118,0.8985366967691427,0.9214838444619744,2023-09-08,1.0,Meera Kumar,-1.765914243213244,1,Delhi,2020-03-09,0.7866414388990828,2.1782436113955663,-0.6024152740069446,Zone_6,1.0,-2.392407628638726,0.24363636363636365,Mixed,0,4,9,0,0,0,1,0,0,0,0,0,0,1,0,0,0,high,0,1.1350309526989744,1.1714153347319278,1278,2.769042544267758
T00627,R0215,0.7261989067983445,0.6313412034816486,0.8804924749506837,2023-06-11,0.0,Saanvi Gupta,-0.7184962931433652,0,Hyderabad,2020-02-28,1.3184004661667217,1.1439632841385254,-1.412969270304675,Zone_1,0.20357758267005824,1.2530096409104126,0.0,Residential,0,6,6,0,0,0,1,1,0,0,0,0,0,0,0,0,0,high,0,0.5508181508079891,0.6678490318732478,1199,0.8676902909968045
T00628,R0011,0.7534649520039948,0.567542885271395,0.8610032972743913,2023-01-17,0.0,Vivaan Nair,-0.7184962931433652,1,Chennai,2021-01-31,-0.3123272174540375,0.48578489406586306,-0.012921458517686406,Zone_9,0.7054238122589644,0.0957343172440192,0.9163636363636365,Business,0,1,1,0,0,0,1,0,0,0,0,0,0,0,0,0,1,medium,0,-2.412421684366575,-2.7567347613600073,716,-1.5553716324365865
T00629,R0202,0.21001161405896548,0.2162923569198945,0.3620532565834167,2023-07-30,1.0,Aadhya Reddy,-0.5875690493846304,1,Ahmedabad,2021-10-28,0.46049590217493097,-1.1126483389677455,1.3134396263331447,Zone_2,0.3225568228440141,-0.0059291052863966335,1.0,Residential,0,6,7,0,1,0,0,0,0,1,0,0,0,0,0,0,0,medium,0,0.4560553374461675,0.786224708783362,640,-2.416195961164228
T00630,R0014,0.7896647255543533,0.7131647934176862,0.9228806919262988,2024-04-02,0.0,Aarav Das,-0.7184962931433652,0,Ahmedabad,2021-06-08,0.5172168650834791,1.379026994878762,-1.8550896319216192,Zone_9,0.7054238122589644,0.0957343172440192,0.9163636363636365,Business,0,1,4,0,0,0,1,0,0,0,0,0,0,0,0,0,1,high,0,1.5267574954790017,1.784320570786773,1029,2.666245221250058
T00631,R0223,0.45445874907902756,0.36556963824397415,0.679931728384511,2023-01-12,1.0,Ishaan Gupta,-0.19478731810842584,0,Surat,2019-11-29,-0.6668332356324634,-0.6425209174872724,0.06076526841847097,Zone_1,0.20357758267005824,1.2530096409104126,0.0,Residential,0,3,1,0,0,1,0,1,0,0,0,0,0,0,0,0,0,low,0,-0.6815178440348619,-1.0196428312989292,1140,0.9635406322809752
T00632,R0296,0.8570300098957718,0.7832485451034681,0.895395697994855,2024-08-04,0.0,Reyansh Patel,0.7217033882027181,2,Hyderabad,2021-02-20,0.9780746887154328,0.0023974683897869183,-0.06818650371980403,Zone_1,0.20357758267005824,1.2530096409104126,0.0,Residential,0,6,8,1,0,0,0,1,0,0,0,0,0,0,0,0,0,high,0,0.8762418860070527,0.915467610322106,1261,0.002451211975371395
T00633,R0073,0.6760735497938,0.4922856848396908,0.8328403656400918,2023-10-16,1.0,Meera Das,1.2454123632376575,2,Ahmedabad,2021-06-19,1.6870867250722845,0.29773392547367383,-1.8366679501875802,Zone_5,0.012308197259374737,-0.9072376299335215,0.44035034732709155,Business,0,0,10,0,0,0,1,0,0,0,0,0,1,0,0,0,0,high,0,0.4007343189573334,0.49365592963480176,849,0.17647813894150416
T00634,R0154,0.4607714170429718,0.3884746881733931,0.6136646878451799,2024-03-16,1.0,Kavya Patel,-1.765914243213244,2,Kolkata,2019-03-25,1.5169238363466402,2.601358290727992,1.2397528993969873,Zone_1,0.3749277083599486,-0.0059291052863966335,0.44035034732709155,Business,0,5,3,0,1,0,0,1,0,0,0,0,0,0,0,0,0,high,0,0.30375382468291473,0.4045454841840511,1818,1.714890509594143
T00635,R0275,0.6388583033673587,0.5749668611290175,0.6722692634291929,2024-07-02,1.0,Ishaan Das,-1.3731325119370394,2,Jaipur,2022-10-04,-0.03581252327486532,-0.3134317224509412,-1.7261378597833443,Zone_10,0.0,-0.46361542252807086,0.44035034732709155,Industrial,0,1,7,0,1,0,0,0,1,0,0,0,0,0,0,0,0,medium,0,-17.838963718474854,-18.77190440532345,637,8.75201448513739
T00636,R0156,0.7602839864928189,0.6164876835227837,0.8565597500149065,2023-02-15,0.0,Ishaan Gupta,0.19799441316777866,0,Jaipur,2022-07-07,0.02090843963368283,-0.2664189803028939,0.5028856300354152,Zone_10,0.0,-0.46361542252807086,0.44035034732709155,Industrial,0,2,2,0,0,1,0,0,1,0,0,0,0,0,0,0,0,medium,0,36.36254066841151,40.96717713143051,223,-12.742174211494072
T00637,R0097,0.7893790496274857,0.7542188732090725,0.859440789005729,2023-06-23,0.0,Aarav Iyer,-1.1112780244195697,2,Bengaluru,2021-01-25,1.6020052807094625,-0.8775846282275089,-1.3392825433685185,Zone_9,0.7054238122589644,0.0957343172440192,0.9163636363636365,Business,0,4,6,1,0,0,0,0,0,0,0,0,0,0,0,0,1,high,0,0.492744349305704,0.5364781248568156,879,-0.5478038298593265
T00638,R0074,0.8146681032828968,0.7996761196289004,0.939174414696992,2024-07-10,1.0,Vivaan Ghosh,-1.1112780244195697,1,Kolkata,2023-09-11,-0.3761383007261542,-0.07836801171070466,1.6266082158118131,Zone_1,0.3749277083599486,-0.0059291052863966335,0.44035034732709155,Business,0,2,7,1,0,0,0,1,0,0,0,0,0,0,0,0,0,medium,0,-2.16587383340154,-2.4968858871427555,303,0.2083489279326546
T00639,R0291,0.6455847675440418,0.5606564353325059,0.7221482239850383,2023-09-19,0.0,Arjun Ghosh,-1.1112780244195697,2,Pune,2021-04-19,1.7508978083444013,3.306549422948702,-0.0009730452730406338,Zone_2,0.3225568228440141,-0.0059291052863966335,1.0,Residential,0,1,9,0,0,0,1,0,0,1,0,0,0,0,0,0,0,high,0,0.36871641763861035,0.4124445301967,883,1.8884879558306604
T00640,R0105,0.8570300098957718,0.8355263541779172,0.9157307492047846,2023-12-14,1.0,Diya Das,-0.06386007434969102,0,Jaipur,2020-09-28,0.666109392718418,-0.6895336596353198,-0.5839935922729057,Zone_2,0.3225568228440141,-0.0059291052863966335,1.0,Residential,0,3,12,1,0,0,0,0,0,1,0,0,0,0,0,0,0,high,0,1.2866205149850831,1.374745288409239,1172,-1.0351657958481961
T00641,R0298,0.7054395868862705,0.5593384313528525,0.7805731281126624,2024-08-07,0.0,Vivaan Singh,0.45984890068524836,0,Ahmedabad,2020-03-25,-1.3262144294443357,-0.5955081753392251,-0.23398163932615854,Zone_2,0.3225568228440141,-0.0059291052863966335,1.0,Residential,0,2,8,1,0,0,0,0,0,1,0,0,0,0,0,0,0,low,0,-0.5319197041023294,-0.5885723385167142,1596,0.44902857495581183
T00642,R0064,0.5462375040807096,0.38855513939132447,0.7513455292710516,2024-06-01,1.0,Ishaan Nair,-1.3731325119370394,0,Bengaluru,2023-09-30,-0.26978649527262644,-1.018622854671651,0.3739338578971394,Zone_6,1.0,-2.392407628638726,0.24363636363636365,Mixed,0,5,6,1,0,0,0,0,0,0,0,0,0,1,0,0,0,medium,0,-2.0247029175004556,-2.784963452347001,245,3.775662876091353
T00643,R0216,0.3971230294555446,0.27299964942664545,0.49790174110247815,2023-01-13,1.0,Ishaan Gupta,1.638194094513862,1,Chennai,2019-08-01,0.5881180687191643,0.015657472585389957,-1.1182223625600463,Zone_2,0.3225568228440141,-0.0059291052863966335,1.0,Residential,0,4,1,1,0,0,0,0,0,1,0,0,0,0,0,0,0,high,0,0.675243714787442,0.8466016733456869,1261,0.026623008912971605
T00644,R0113,0.32160667774721463,0.2822555937821695,0.5452939686099216,2023-01-07,0.0,Aadhya Singh,-0.7184962931433652,2,Chennai,2019-03-09,1.212048660713194,0.10968295688148458,1.1108011272587133,Zone_3,0.3749277083599486,0.6357961349550023,0.2581818181818183,Business,0,5,1,1,0,0,0,0,0,0,1,0,0,0,0,0,0,high,0,0.26534139112696575,0.44989445249587556,1400,0.0904938559289731
T00645,R0115,0.8509326107380061,0.638164240913503,0.8889250607786026,2024-02-23,1.0,Aarav Ghosh,1.1144851194789225,0,Bengaluru,2020-03-01,-0.5817517912696412,-0.40745720674703584,0.7239458108438874,Zone_1,0.20357758267005824,1.2530096409104126,0.0,Residential,0,4,2,0,1,0,0,1,0,0,0,0,0,0,0,0,0,low,0,-1.4627073324190247,-1.528014308023999,1454,0.7003969955258461
T00646,R0174,0.8351717982519755,0.628006269783674,0.9330773945852409,2024-02-10,0.0,Aadhya Patel,0.06706716940904384,1,Kolkata,2019-02-07,0.4817662632656365,-0.7835591439314143,-0.3813550931984733,Zone_7,0.7081316156560269,-0.0059291052863966335,0.52,Industrial,0,5,2,0,0,1,0,0,0,0,0,0,0,0,1,0,0,medium,0,1.7335622311757395,1.93678442375854,1829,-1.6264300837922625
T00647,R0056,0.5270342841943049,0.47959126113658634,0.7279562355992024,2024-02-10,1.0,Meera Patel,1.1144851194789225,2,Hyderabad,2021-02-26,-1.1276910592644172,-0.5014826910431305,-1.394547588570636,Zone_6,1.0,-2.392407628638726,0.24363636363636365,Mixed,0,5,2,0,0,1,0,0,0,0,0,0,0,1,0,0,0,low,0,-0.4673569767752567,-0.6455280722665673,1079,0.4446986494423776
T00648,R0110,0.8757665044828775,0.7749099740728068,0.8858915185209497,2023-03-20,0.0,Vivaan Patel,-1.6349869994545092,1,Kolkata,2023-02-04,-0.19888529163694124,0.2037084411775792,0.7792108560460042,Zone_8,0.3749277083599486,0.2886135378550845,0.0036363636363636598,Business,0,0,3,0,0,1,0,0,0,0,0,0,0,0,0,1,0,medium,0,-4.403374916640701,-4.454283729226777,44,-1.0242509111706584
T00649,R0278,0.7293051463824806,0.6683411444908556,0.8845464682435802,2024-07-30,1.0,Aarav Reddy,-1.5040597556957742,0,Mumbai,2021-09-02,0.9213537258068847,1.6140907056189988,0.4844639483013747,Zone_10,0.0,-0.46361542252807086,0.44035034732709155,Industrial,0,1,7,0,0,0,1,0,1,0,0,0,0,0,0,0,0,high,0,0.7915582538549831,0.9600508941003412,1062,1.7518686476309007
T00650,R0183,0.6240281641628116,0.5607136738183934,0.7969289237637036,2023-02-09,0.0,Arjun Patel,1.507266850755127,2,Jaipur,2022-08-27,1.091516614532529,1.9901926428033772,-0.39977677493251224,Zone_3,0.3749277083599486,0.6357961349550023,0.2581818181818183,Business,0,3,2,1,0,0,0,0,0,0,1,0,0,0,0,0,0,high,0,0.5717074351910514,0.7301115834182786,166,1.8233278507223913
T00651,R0253,0.5527889988109432,0.48910832796181547,0.5941907023154933,2023-09-16,0.0,Ishaan Gupta,-0.7184962931433652,1,Surat,2021-08-19,-0.5604814301789357,0.015657472585389957,-1.5603427241769898,Zone_1,0.3749277083599486,-0.0059291052863966335,0.44035034732709155,Business,0,5,9,1,0,0,0,1,0,0,0,0,0,0,0,0,0,low,0,-0.9862753144818078,-1.0601434237094989,758,-0.027935756195153965
T00652,R0051,0.5263956321794405,0.4635773008307135,0.7511770808436895,2024-03-14,0.0,Aarav Nair,-1.3731325119370394,1,Kolkata,2020-04-05,-0.2768766156361949,-0.45446994889508313,0.023921904950391464,Zone_2,0.3225568228440141,-0.0059291052863966335,1.0,Residential,0,3,3,1,0,0,0,0,0,1,0,0,0,0,0,0,0,medium,0,-1.9011920922607053,-2.7130390882511612,1439,1.641416873905447
T00653,R0076,0.7873722922760173,0.6085883465535898,0.7755012131304744,2023-10-31,1.0,Reyansh Reddy,1.1144851194789225,1,Bengaluru,2022-01-02,-0.8157257632674023,-0.5014826910431305,-1.2287524529642824,Zone_7,0.7081316156560269,-0.0059291052863966335,0.52,Industrial,0,1,10,0,0,0,1,0,0,0,0,0,0,0,1,0,0,low,0,-0.9652414178046619,-0.9506886358770773,667,0.6147687294249893
T00654,R0091,0.7645055555639486,0.6944305542013531,0.8795178748933337,2024-07-13,1.0,Meera Das,1.2454123632376575,2,Surat,2022-04-16,0.5810279483555958,0.9088995733982889,-1.1182223625600463,Zone_6,1.0,-2.392407628638726,0.24363636363636365,Mixed,0,5,7,0,1,0,0,0,0,0,0,0,0,1,0,0,0,high,0,1.3157810355381776,1.5137273127437556,819,1.5642957898507697
T00655,R0299,0.7518659747461723,0.6534425869395767,0.8463658523799178,2023-12-19,0.0,Ishaan Gupta,0.19799441316777866,2,Kolkata,2020-09-04,1.4531127530745236,-1.1126483389677455,-0.16029491239000115,Zone_4,0.13112332813653896,1.3108734070937318,0.6290909090909091,Business,0,1,12,0,0,0,1,0,0,0,0,1,0,0,0,0,0,high,0,0.5174175047017928,0.582450226652516,1201,-0.7656999338926611
T00656,R0073,0.3785627687381368,0.2442525353082976,0.6125066862356847,2023-02-08,1.0,Meera Das,1.2454123632376575,2,Ahmedabad,2021-06-19,1.6870867250722845,0.29773392547367383,-1.8366679501875802,Zone_10,0.0,-0.46361542252807086,0.44035034732709155,Industrial,0,2,2,0,1,0,0,0,1,0,0,0,0,0,0,0,0,high,0,0.22438844613747821,0.3630558388807436,599,0.17647813894150416
T00657,R0101,0.7610329445623238,0.6412979113582431,0.8397342875499771,2023-07-18,0.0,Aarav Singh,0.7217033882027181,0,Delhi,2020-11-01,-0.17052481018266716,0.25072118332562654,-1.7998245867195015,Zone_6,1.0,-2.392407628638726,0.24363636363636365,Mixed,0,1,7,0,1,0,0,0,0,0,0,0,0,1,0,0,0,medium,0,-4.4628869180214945,-4.924411214124496,989,-1.4702915256557245
T00658,R0034,0.8006155968237954,0.7277570405311883,0.8626507241404688,2024-06-29,1.0,Arjun Iyer,-0.7184962931433652,2,Chennai,2021-01-31,1.6445460028908734,1.1439632841385254,-1.6708728145812257,Zone_4,0.13112332813653896,1.3108734070937318,0.6290909090909091,Business,0,5,6,0,0,1,0,0,0,0,0,1,0,0,0,0,0,high,0,0.4868307699610891,0.5245525042315958,1245,0.695610388598193
T00659,R0235,0.5592116800797912,0.4944791980839135,0.6616134785456707,2023-03-24,1.0,Aarav Ghosh,0.32892165692651354,2,Delhi,2021-02-15,0.22652193017716984,-0.736546401783367,0.09760863188654885,Zone_8,0.3749277083599486,0.2886135378550845,0.0036363636363636598,Business,0,4,3,1,0,0,0,0,0,0,0,0,0,0,0,1,0,medium,0,2.4686867167448834,2.9207480177667664,767,-3.2515456724533967
T00660,R0298,0.7191885433143426,0.5171095509227709,0.8038467697843588,2023-05-08,1.0,Vivaan Singh,0.45984890068524836,0,Ahmedabad,2020-03-25,-1.3262144294443357,-0.5955081753392251,-0.23398163932615854,Zone_4,0.13112332813653896,1.3108734070937318,0.6290909090909091,Business,0,0,5,0,1,0,0,0,0,0,0,1,0,0,0,0,0,low,0,-0.5422867730489647,-0.6061212666198774,1139,0.44902857495581183
T00661,R0232,0.2684461582696835,0.2343279995909281,0.45610519239581415,2024-05-24,0.0,Meera Das,0.8526306319614528,1,Jaipur,2022-12-08,-0.5675715505425042,-0.40745720674703584,-0.12345154892192248,Zone_1,0.20357758267005824,1.2530096409104126,0.0,Residential,0,4,5,1,0,0,0,1,0,0,0,0,0,0,0,0,0,low,0,-0.47297324542270225,-0.8036082709921829,533,0.7178957549186079
T00662,R0263,0.33565918420631624,0.2172381324522893,0.6071127206541,2023-09-08,1.0,Ishaan Das,-0.06386007434969102,2,Chennai,2020-12-30,0.3186934949035606,-0.12538075385875197,-0.3076683662623159,Zone_1,0.20357758267005824,1.2530096409104126,0.0,Residential,0,4,9,0,0,1,0,1,0,0,0,0,0,0,0,0,0,medium,0,1.0532351289689474,1.9050050608589222,982,-0.39342112676850616
T00663,R0219,0.6464712549308161,0.48164064930767847,0.7627147684688882,2023-05-12,0.0,Vivaan Sharma,-0.8494235369021,0,Pune,2021-04-13,1.7438076879808329,2.7894092593201814,-0.0009730452730406338,Zone_1,0.20357758267005824,1.2530096409104126,0.0,Residential,0,4,5,0,0,0,1,1,0,0,0,0,0,0,0,0,0,high,0,0.37072393899086986,0.4373846805045578,759,1.5996083046004104
T00664,R0164,0.6495551521574605,0.48728403390638386,0.8433024961538407,2024-05-09,0.0,Aadhya Ghosh,0.7217033882027181,2,Ahmedabad,2022-07-06,-0.02163228254772828,-0.03135526956265735,0.023921904950391464,Zone_1,0.20357758267005824,1.2530096409104126,0.0,Residential,0,3,5,0,0,0,1,1,0,0,0,0,0,0,0,0,0,medium,0,-30.027120380122522,-38.98351892793673,673,1.449466531951809
T00665,R0068,0.7696462224809494,0.6696007610071593,0.8753713211361147,2023-03-14,0.0,Meera Singh,-0.19478731810842584,0,Ahmedabad,2022-08-31,0.0017782793317680683,2.1782436113955663,1.773981669684128,Zone_6,1.0,-2.392407628638726,0.24363636363636365,Mixed,0,1,3,1,0,0,0,0,0,0,0,0,0,1,0,0,0,medium,0,432.8038957275191,492.25749042799134,195,1224.9164529342138
T00666,R0078,0.359949927251262,0.33927983114450705,0.48860796960550096,2023-10-30,1.0,Saanvi Sharma,-0.19478731810842584,2,Jaipur,2023-01-02,-1.099330577810143,-0.6895336596353198,-0.7129453644111807,Zone_6,1.0,-2.392407628638726,0.24363636363636365,Mixed,0,0,10,0,0,1,0,0,0,0,0,0,0,1,0,0,0,low,0,-0.3274264670853413,-0.444459546080128,301,0.6272304924046276
T00667,R0169,0.6424629788567408,0.6013416645956372,0.8328638043599215,2024-03-28,0.0,Reyansh Kumar,0.06706716940904384,1,Delhi,2023-02-21,1.7367175676172641,2.6953837750240868,0.3370904944290615,Zone_8,0.3749277083599486,0.2886135378550845,0.0036363636363636598,Business,0,3,3,1,0,0,0,0,0,0,0,0,0,0,0,1,0,high,0,0.36992945245448566,0.4795620312072913,401,1.5519989117874187
T00668,R0131,0.6074966702646807,0.5308325486695392,0.7813622917552057,2023-04-12,1.0,Reyansh Ghosh,-0.9803507806608349,1,Surat,2019-10-22,-1.085150337083006,-0.7835591439314143,-0.7497887278792594,Zone_10,0.0,-0.46361542252807086,0.44035034732709155,Industrial,0,2,4,0,0,1,0,0,1,0,0,0,0,0,0,0,0,low,0,-0.5598271958314027,-0.7200498078962834,1268,0.7220742759364575
T00669,R0079,0.7953263993602628,0.6438647812377968,0.8670976441168872,2024-06-22,1.0,Ishaan Nair,-0.8494235369021,1,Bengaluru,2020-09-23,-0.7519146799952856,0.2037084411775792,1.6818732610139318,Zone_5,0.012308197259374737,-0.9072376299335215,0.44035034732709155,Business,0,5,6,0,1,0,0,0,0,0,0,0,1,0,0,0,0,low,0,-1.0577349006741688,-1.1531862153859316,1368,-0.2709196223949989
T00670,R0225,0.9014919131009499,0.8544833709834853,0.8141263227707953,2024-03-19,0.0,Ishaan Sharma,0.9835578757201877,0,Delhi,2020-06-15,1.5098337159830717,-0.6895336596353198,0.13445199535462835,Zone_2,0.3225568228440141,-0.0059291052863966335,1.0,Residential,0,1,3,0,0,0,1,0,0,1,0,0,0,0,0,0,0,high,0,0.5970802635798719,0.5392158846053504,1373,-0.4566950998218739
T00671,R0083,0.9303887537369715,0.9706727043989541,0.9024147922037946,2023-11-30,1.0,Kavya Patel,1.7691213382725968,0,Mumbai,2021-12-31,0.0017782793317680683,0.7208486048060996,0.7239458108438874,Zone_5,0.012308197259374737,-0.9072376299335215,0.44035034732709155,Business,0,3,11,0,1,0,0,0,0,0,0,0,1,0,0,0,0,medium,0,523.1960677470873,507.46515245530156,699,405.3629775303018
T00672,R0033,0.042015490459993594,0.0634972320744246,0.2266905327813113,2023-02-08,1.0,Diya Iyer,-1.765914243213244,0,Chennai,2019-05-22,1.5594645585280513,0.626823120510005,-1.412969270304675,Zone_1,0.3749277083599486,-0.0059291052863966335,0.44035034732709155,Business,0,2,2,0,0,0,1,1,0,0,0,0,0,0,0,0,0,high,0,0.02694225414115933,0.1453643377412053,1358,0.4019476538162889
T00673,R0226,0.7024698355101046,0.5334175267575231,0.7695709946274418,2023-11-25,1.0,Aarav Iyer,-0.002498701550705167,2,Surat,2021-07-30,0.09889976363293652,-1.018622854671651,-1.394547588570636,Zone_7,0.7081316156560269,-0.0059291052863966335,0.52,Industrial,0,5,11,0,0,0,1,0,0,0,0,0,0,0,1,0,0,medium,0,7.102846454894474,7.7813228905549385,848,-10.299547918559632
T00674,R0155,0.3971230294555446,0.298883553154734,0.6631407442349568,2023-03-24,0.0,Meera Reddy,-1.1112780244195697,1,Hyderabad,2019-02-10,0.7157402352633976,-0.736546401783367,-1.5971860876450683,Zone_9,0.7054238122589644,0.0957343172440192,0.9163636363636365,Business,0,4,3,0,1,0,0,0,0,0,0,0,0,0,0,0,1,high,0,0.5548423993649043,0.9265103616690157,1503,-1.0290694381772636
T00675,R0299,0.6994728383280007,0.5333575442760603,0.807991082478184,2023-09-01,0.0,Ishaan Gupta,0.19799441316777866,2,Kolkata,2020-09-04,1.4531127530745236,-1.1126483389677455,-0.16029491239000115,Zone_5,0.012308197259374737,-0.9072376299335215,0.44035034732709155,Business,0,4,9,0,1,0,0,0,0,0,0,0,1,0,0,0,0,high,0,0.4813617090952115,0.5560415602771506,1092,-0.7656999338926611
T00676,R0222,0.7801029580147298,0.6720168021802472,0.8026662511781812,2024-04-22,1.0,Aarav Singh,-0.5875690493846304,1,Surat,2022-08-28,1.5807349196187568,-0.5484954331911778,-1.0445356356238888,Zone_5,0.012308197259374737,-0.9072376299335215,0.44035034732709155,Business,0,0,4,0,0,0,1,0,0,0,0,0,1,0,0,0,0,high,0,0.49350650025677667,0.5077804261904767,603,-0.34698761087878316
T00677,R0237,0.7258519387343352,0.5514845874816982,0.863281740357442,2023-12-01,0.0,Aadhya Nair,1.1144851194789225,1,Chennai,2022-12-13,-1.5318279199878226,-0.9716101125236036,-0.547150228804827,Zone_5,0.012308197259374737,-0.9072376299335215,0.44035034732709155,Business,0,4,12,0,1,0,0,0,0,0,0,0,1,0,0,0,0,low,0,-0.4738469179619767,-0.5635631320548752,353,0.6342815011044631
T00678,R0285,0.7020967110816985,0.6338442549241685,0.7653067722835665,2023-02-19,0.0,Diya Iyer,-0.3257145618671607,0,Chennai,2019-01-10,-0.05708288436557087,-0.36044446459898855,1.773981669684128,Zone_5,0.012308197259374737,-0.9072376299335215,0.44035034732709155,Business,0,6,2,0,1,0,0,0,0,0,0,0,1,0,0,0,0,medium,0,-12.299601165654535,-13.406939414315154,1501,6.314405247825704
T00679,R0247,0.9077182205204556,0.8077295033061713,0.9618816624576674,2023-10-22,0.0,Aadhya Das,0.7217033882027181,1,Bengaluru,2021-05-11,-0.02163228254772828,1.0969505419904781,1.6818732610139318,Zone_4,0.13112332813653896,1.3108734070937318,0.6290909090909091,Business,0,6,10,0,0,0,1,0,0,0,0,1,0,0,0,0,0,medium,0,-41.96127794270974,-44.46510257692061,894,-50.708959610259654
T00680,R0093,0.8212148234214401,0.721921408993095,0.8429047005438339,2024-05-14,0.0,Diya Patel,0.19799441316777866,2,Surat,2019-05-30,-0.9433479298116356,-0.2664189803028939,-0.43662013840059094,Zone_5,0.012308197259374737,-0.9072376299335215,0.44035034732709155,Business,0,1,5,0,0,0,1,0,0,0,0,0,1,0,0,0,0,low,0,-0.8705322792041504,-0.8935247260384005,1811,0.2824185773705906
T00681,R0288,0.6577818793390059,0.6319039295018342,0.6948844548130393,2023-08-13,0.0,Diya Ghosh,1.3763396069963922,1,Ahmedabad,2021-08-30,-1.482197077442843,-0.8775846282275089,1.0186927185885153,Zone_2,0.3225568228440141,-0.0059291052863966335,1.0,Residential,0,6,8,0,0,0,1,0,0,1,0,0,0,0,0,0,0,low,0,-0.44378840664956815,-0.4688205538847014,713,0.5920836315111077
T00682,R0263,0.7156261263136494,0.5412805105374549,0.6942625858176945,2024-07-02,1.0,Ishaan Das,-0.06386007434969102,2,Chennai,2020-12-30,0.3186934949035606,-0.12538075385875197,-0.3076683662623159,Zone_4,0.13112332813653896,1.3108734070937318,0.6290909090909091,Business,0,1,7,0,1,0,0,0,0,0,0,1,0,0,0,0,0,medium,0,2.2454996344691756,2.1784648790141903,1280,-0.39342112676850616
T00683,R0143,0.8401027658613855,0.6879019883784783,0.8550908561663839,2024-02-16,1.0,Meera Kumar,1.3763396069963922,2,Kolkata,2023-03-28,-1.262403346172219,-0.5014826910431305,1.0186927185885153,Zone_3,0.3749277083599486,0.6357961349550023,0.2581818181818183,Business,0,4,2,0,0,0,1,0,0,0,1,0,0,0,0,0,0,low,0,-0.6654788807465482,-0.6773515443848729,325,0.39724442474245264
T00684,R0129,0.8066348197452462,0.8285621636174715,0.8600634643217182,2024-06-24,1.0,Vivaan Singh,0.45984890068524836,1,Hyderabad,2022-10-08,0.0017782793317680683,-0.6425209174872724,-0.19713827585807986,Zone_8,0.3749277083599486,0.2886135378550845,0.0036363636363636598,Business,0,0,6,0,1,0,0,0,0,0,0,0,0,0,0,1,0,medium,0,453.60411344557616,483.6492495622683,625,-361.3160801056158
T00685,R0293,0.6230785402337451,0.5818043702354391,0.7446523169063282,2024-08-11,1.0,Arjun Kumar,0.9835578757201877,0,Delhi,2019-10-01,-0.028722402911296796,0.9559123155463362,-0.0009730452730406338,Zone_1,0.20357758267005824,1.2530096409104126,0.0,Residential,0,6,8,1,0,0,0,1,0,0,0,0,0,0,0,0,0,medium,0,-21.69312025034933,-25.92583633082625,1776,-33.281070476536165
T00686,R0183,0.19974887262010155,0.15316760111491823,0.4499931618846037,2023-01-26,0.0,Arjun Patel,1.507266850755127,2,Jaipur,2022-08-27,1.091516614532529,1.9901926428033772,-0.39977677493251224,Zone_6,1.0,-2.392407628638726,0.24363636363636365,Mixed,0,3,1,1,0,0,0,0,0,0,0,0,0,1,0,0,0,high,0,0.18300122046758702,0.41226414320530086,152,1.8233278507223913
T00687,R0011,0.36101227095679844,0.31840511044598535,0.6313287553828433,2023-06-28,1.0,Vivaan Nair,-0.7184962931433652,1,Chennai,2021-01-31,-0.3123272174540375,0.48578489406586306,-0.012921458517686406,Zone_10,0.0,-0.46361542252807086,0.44035034732709155,Industrial,0,2,6,0,1,0,0,0,1,0,0,0,0,0,0,0,0,medium,0,-1.1558783569988595,-2.0213696408823236,878,-1.5553716324365865
T00688,R0240,0.7367761048820329,0.7105708491881557,0.7322669348214002,2023-12-16,0.0,Aarav Iyer,-0.19478731810842584,1,Surat,2020-05-18,-0.5533913098153671,-1.018622854671651,0.11603031362058941,Zone_1,0.20357758267005824,1.2530096409104126,0.0,Residential,0,5,12,1,0,0,0,1,0,0,0,0,0,0,0,0,0,medium,0,-1.3313835830343093,-1.3232353342623195,1307,1.8406918153657006
T00689,R0023,0.20832339117208684,0.16557807469762545,0.5164239333446365,2023-03-31,0.0,Meera Iyer,-0.9803507806608349,1,Jaipur,2019-10-09,-0.5392110690882301,0.3917594097697685,-1.4682343155067934,Zone_9,0.7054238122589644,0.0957343172440192,0.9163636363636365,Business,0,4,3,0,0,0,1,0,0,0,0,0,0,0,0,0,1,medium,0,-0.386348506391658,-0.9577398591202418,1269,-0.7265418538833178
T00690,R0139,0.6824790570161051,0.5017686335259915,0.686458951091478,2024-04-12,0.0,Diya Gupta,1.638194094513862,1,Kolkata,2021-01-31,-0.688103596723169,-0.7835591439314143,0.7055241291098469,Zone_7,0.7081316156560269,-0.0059291052863966335,0.52,Industrial,0,4,4,0,0,1,0,0,0,0,0,0,0,0,1,0,0,low,0,-0.9918260277466233,-0.9976098865933517,1167,1.1387226395310472
T00691,R0233,0.6163527355609287,0.5242264964607902,0.815180076340033,2023-09-08,1.0,Ishaan Iyer,-0.19478731810842584,2,Hyderabad,2023-11-23,1.5381941974373456,0.8148740891021943,-0.0009730452730406338,Zone_9,0.7054238122589644,0.0957343172440192,0.9163636363636365,Business,0,4,9,0,1,0,0,0,0,0,0,0,0,0,0,0,1,high,0,0.40069890823134136,0.529959141503807,-76,0.5297602152314621
T00692,R0100,0.8556329853793417,0.8046067997462849,0.9544129047649255,2023-09-29,0.0,Ishaan Gupta,-0.4566418056258955,1,Delhi,2021-05-24,0.9284438461704532,1.7081161899150934,-0.39977677493251224,Zone_8,0.3749277083599486,0.2886135378550845,0.0036363636363636598,Business,0,4,9,1,0,0,0,0,0,0,0,0,0,0,0,1,0,high,0,0.9215775287957005,1.02797052153621,858,1.8397625197911
T00693,R0007,0.28087909061381977,0.2279357443738097,0.5624804750742283,2024-05-08,0.0,Ishaan Ghosh,-1.765914243213244,0,Mumbai,2021-03-26,1.460202873438092,2.7423965171721343,0.042343586684432034,Zone_8,0.3749277083599486,0.2886135378550845,0.0036363636363636598,Business,0,2,5,1,0,0,0,0,0,0,0,0,0,0,0,1,0,high,0,0.19235621003298084,0.38520707314446717,1139,1.8780928096073926
T00694,R0139,0.3131212551732954,0.25489601123378236,0.5128589367994778,2024-01-02,0.0,Diya Gupta,1.638194094513862,1,Kolkata,2021-01-31,-0.688103596723169,-0.7835591439314143,0.7055241291098469,Zone_10,0.0,-0.46361542252807086,0.44035034732709155,Industrial,0,1,1,0,1,0,0,0,1,0,0,0,0,0,0,0,0,low,0,-0.45504958361562997,-0.7453222730440198,1066,1.1387226395310472
T00695,R0210,0.6245019429283162,0.49672779278348833,0.7979198393310467,2023-07-07,1.0,Meera Iyer,-0.002498701550705167,2,Mumbai,2022-01-02,-1.1206009389008487,-0.8775846282275089,-1.1182223625600463,Zone_3,0.3749277083599486,0.6357961349550023,0.2581818181818183,Business,0,4,7,1,0,0,0,0,0,0,1,0,0,0,0,0,0,low,0,-0.5572920040035523,-0.7120463776459919,551,0.7831375093155781
T00696,R0212,0.8098718774623419,0.6138652396551312,0.930285686820002,2023-05-30,1.0,Aadhya Iyer,0.5907761444439832,0,Ahmedabad,2023-09-11,-1.2694934665357875,-0.5484954331911778,-1.4498126337727537,Zone_5,0.012308197259374737,-0.9072376299335215,0.44035034732709155,Business,0,1,5,0,0,1,0,0,0,0,0,0,1,0,0,0,0,low,0,-0.6379488345633887,-0.7328006888909632,-104,0.432058492343344
T00697,R0020,0.863699331049661,0.8857678895767429,0.8636062175215555,2023-06-27,1.0,Diya Das,0.45984890068524836,0,Chennai,2019-09-17,0.15562072654148468,-0.12538075385875197,0.042343586684432034,Zone_10,0.0,-0.46361542252807086,0.44035034732709155,Industrial,0,1,6,1,0,0,0,0,1,0,0,0,0,0,0,0,0,medium,0,5.550027623212644,5.549429286923032,1379,-0.8056815865419349
T00698,R0225,0.481218648369778,0.4335520431839374,0.7194510145928128,2023-08-29,1.0,Ishaan Sharma,0.9835578757201877,0,Delhi,2020-06-15,1.5098337159830717,-0.6895336596353198,0.13445199535462835,Zone_8,0.3749277083599486,0.2886135378550845,0.0036363636363636598,Business,0,1,8,0,0,1,0,0,0,0,0,0,0,0,0,1,0,high,0,0.3187229449677844,0.4765100997392744,1170,-0.4566950998218739
T00699,R0008,0.7870846036607224,0.7592596040970179,0.910315545479875,2023-10-31,1.0,Ishaan Ghosh,-0.4566418056258955,0,Jaipur,2022-10-01,-0.2626963749090579,-0.03135526956265735,0.023921904950391464,Zone_1,0.20357758267005824,1.2530096409104126,0.0,Residential,0,1,10,0,0,1,0,1,0,0,0,0,0,0,0,0,0,medium,0,-2.9961761137099856,-3.465276389120385,395,0.11935935383010954
T00700,R0057,0.3971230294555446,0.27988595047738,0.5323785348977832,2024-01-19,1.0,Aadhya Reddy,0.9835578757201877,1,Bengaluru,2023-06-04,1.0986067348960975,-0.5955081753392251,-0.6392586374750233,Zone_5,0.012308197259374737,-0.9072376299335215,0.44035034732709155,Business,0,4,1,0,0,1,0,0,0,0,0,0,1,0,0,0,0,high,0,0.36147878657698485,0.4845942756286978,229,-0.5420576412136653
T00701,R0185,0.535846736930239,0.3888767919365647,0.7634493105741544,2023-09-16,0.0,Vivaan Sharma,-0.5875690493846304,1,Delhi,2021-08-27,-0.36195805999901715,-0.5484954331911778,0.07918695015250991,Zone_3,0.3749277083599486,0.6357961349550023,0.2581818181818183,Business,0,5,9,0,1,0,0,0,0,0,1,0,0,0,0,0,0,medium,0,-1.4804111198178431,-2.109220362647063,750,1.5153563183333094
T00702,R0166,0.8008916174583449,0.7134473917539003,0.8076528480805341,2024-07-11,1.0,Reyansh Sharma,-0.9803507806608349,2,Chennai,2021-03-16,0.0017782793317680683,1.8491544163592353,0.5213073117694542,Zone_9,0.7054238122589644,0.0957343172440192,0.9163636363636365,Business,0,3,7,1,0,0,0,0,0,0,0,0,0,0,0,0,1,medium,0,450.3744733185714,454.17659287392087,1213,1039.8559907462338
T00703,R0169,0.8209554582616826,0.7239914471735898,0.9275098136455413,2023-04-12,1.0,Reyansh Kumar,0.06706716940904384,1,Delhi,2023-02-21,1.7367175676172641,2.6953837750240868,0.3370904944290615,Zone_6,1.0,-2.392407628638726,0.24363636363636365,Mixed,0,2,4,0,0,1,0,0,0,0,0,0,0,1,0,0,0,high,0,0.47270521906910534,0.534059095698596,50,1.5519989117874187
T00704,R0269,0.4463924034087082,0.285139897514862,0.6638839376896957,2023-11-03,1.0,Aadhya Sharma,1.2454123632376575,1,Mumbai,2019-05-19,0.0017782793317680683,-0.36044446459898855,-1.0998006808260066,Zone_8,0.3749277083599486,0.2886135378550845,0.0036363636363636598,Business,0,4,11,0,0,0,1,0,0,0,0,0,0,0,0,1,0,medium,0,251.0249067366031,373.3293897250798,1629,-202.6928268016329
T00705,R0268,0.7876597277556744,0.6694555354191423,0.7831483340423777,2023-07-31,0.0,Ishaan Kumar,0.32892165692651354,1,Chennai,2022-10-16,-1.7161710494406042,-1.1126483389677455,1.0923794455246727,Zone_10,0.0,-0.46361542252807086,0.44035034732709155,Industrial,0,0,7,1,0,0,0,0,1,0,0,0,0,0,0,0,0,low,0,-0.4589634162704333,-0.45633466098711395,288,0.6483318427556621
T00706,R0290,0.2712502132681888,0.18773935360784183,0.5306614904567599,2023-09-16,1.0,Ishaan Gupta,0.32892165692651354,2,Chennai,2020-05-06,-0.5888419116332098,-0.9245973703755562,0.5028856300354152,Zone_5,0.012308197259374737,-0.9072376299335215,0.44035034732709155,Business,0,5,9,1,0,0,0,0,0,0,0,0,1,0,0,0,0,low,0,-0.46065031701947,-0.9011951764522318,1228,1.5701962650910775
T00707,R0147,0.6724144777923285,0.632823732676557,0.759012792028239,2023-11-13,1.0,Saanvi Nair,0.45984890068524836,2,Mumbai,2022-08-29,-0.09253348618341346,0.0023974683897869183,-0.1787165941240401,Zone_8,0.3749277083599486,0.2886135378550845,0.0036363636363636598,Business,0,0,11,0,1,0,0,0,0,0,0,0,0,0,0,1,0,medium,0,-7.266715062042677,-8.202574260779244,441,-0.025909197725835408
T00708,R0127,0.3865065133931105,0.2849271342871748,0.5435152871740807,2023-02-27,0.0,Ishaan Gupta,-0.002498701550705167,1,Chennai,2020-03-17,-1.482197077442843,-1.018622854671651,1.516078125407578,Zone_3,0.3749277083599486,0.6357961349550023,0.2581818181818183,Business,0,0,2,0,0,1,0,0,0,0,1,0,0,0,0,0,0,low,0,-0.26076593947947185,-0.3666956948206774,1077,0.6872384719777127
T00709,R0120,0.5166629241670573,0.3463123589013273,0.5842807222939368,2024-05-01,1.0,Ishaan Gupta,-1.765914243213244,1,Surat,2020-07-12,0.41795517999351983,-0.40745720674703584,1.0002710368544763,Zone_5,0.012308197259374737,-0.9072376299335215,0.44035034732709155,Business,0,2,5,0,0,0,1,0,0,0,0,0,1,0,0,0,0,medium,0,1.236168251761033,1.3979506661527576,1389,-0.9748825382505206
T00710,R0104,0.3081716089429441,0.2035153650601761,0.6067699897648233,2024-02-14,1.0,Diya Gupta,2.6856120445837406,1,Kolkata,2021-05-27,0.5384872261741847,-1.0656355968196982,-0.5655719105388659,Zone_6,1.0,-2.392407628638726,0.24363636363636365,Mixed,0,2,2,0,0,1,0,0,0,0,0,0,0,1,0,0,0,high,0,0.5722914007309428,1.126804797350107,993,-1.978943129980574
T00711,R0138,0.7989545573048848,0.6021984861204782,0.810447169023941,2023-07-06,1.0,Ishaan Das,1.9000485820313315,1,Kolkata,2022-07-28,-1.6949006883498985,-1.1126483389677455,-0.8787405000175352,Zone_10,0.0,-0.46361542252807086,0.44035034732709155,Industrial,0,3,7,0,0,1,0,0,1,0,0,0,0,0,0,0,0,low,0,-0.4713872398522191,-0.4781679390389337,343,0.6564681615953467
T00712,R0186,0.7989545573048848,0.7799484576733238,0.7498235998446097,2024-06-27,0.0,Ishaan Sharma,-1.765914243213244,2,Hyderabad,2020-12-11,0.857542642534768,-0.2194062381548466,-1.3761259068365972,Zone_2,0.3225568228440141,-0.0059291052863966335,1.0,Residential,0,3,6,0,0,0,1,0,0,1,0,0,0,0,0,0,0,high,0,0.9316790998792719,0.8743863717706715,1294,-0.25585460975598195
T00713,R0155,0.5198090518706072,0.4217665201986247,0.6669772688232296,2023-04-13,0.0,Meera Reddy,-1.1112780244195697,1,Hyderabad,2019-02-10,0.7157402352633976,-0.736546401783367,-1.5971860876450683,Zone_5,0.012308197259374737,-0.9072376299335215,0.44035034732709155,Business,0,3,4,0,0,1,0,0,0,0,0,0,1,0,0,0,0,high,0,0.7262537807160075,0.9318705809207123,1523,-1.0290694381772636
T00714,R0099,0.7732692215568421,0.656013764451725,0.8794012735759251,2023-01-25,1.0,Diya Gupta,0.45984890068524836,2,Mumbai,2021-08-21,-1.219862623990808,-0.736546401783367,-0.5655719105388659,Zone_10,0.0,-0.46361542252807086,0.44035034732709155,Industrial,0,2,1,0,0,1,0,0,1,0,0,0,0,0,0,0,0,low,0,-0.6338986098508982,-0.7209018919679202,522,0.6037945480891438
T00715,R0085,0.7556904523983013,0.7099301111236618,0.7990332619796912,2024-05-31,1.0,Aadhya Ghosh,-0.3257145618671607,0,Surat,2022-09-17,-1.1206009389008487,-0.5484954331911778,1.7371383062160501,Zone_4,0.13112332813653896,1.3108734070937318,0.6290909090909091,Business,0,4,5,0,1,0,0,0,0,0,0,1,0,0,0,0,0,low,0,-0.6743617876489797,-0.713039971895285,622,0.4894654413989465
T00716,R0202,0.6872020848526618,0.4835505009002704,0.7713813493605228,2024-04-23,0.0,Aadhya Reddy,-0.5875690493846304,1,Ahmedabad,2021-10-28,0.46049590217493097,-1.1126483389677455,1.3134396263331447,Zone_4,0.13112332813653896,1.3108734070937318,0.6290909090909091,Business,0,1,4,0,0,0,1,0,0,0,0,1,0,0,0,0,0,medium,0,1.4923087949469107,1.6751101274023805,908,-2.416195961164228
T00717,R0281,0.9686999585629018,0.8240468975659896,0.9575753340012574,2024-07-06,1.0,Arjun Iyer,-1.3731325119370394,0,Jaipur,2020-10-15,0.11308000436007357,-0.3134317224509412,1.3502829898012243,Zone_1,0.3749277083599486,-0.0059291052863966335,0.44035034732709155,Business,0,5,7,0,0,0,1,1,0,0,0,0,0,0,0,0,0,medium,0,8.566500895050652,8.468122542267599,1360,-2.7717696353539236
T00718,R0019,0.5059514595785792,0.35540536837348186,0.585593103960065,2023-09-08,0.0,Kavya Patel,-0.002498701550705167,2,Mumbai,2023-04-02,0.09889976363293652,0.015657472585389957,0.13445199535462835,Zone_5,0.012308197259374737,-0.9072376299335215,0.44035034732709155,Business,0,4,9,1,0,0,0,0,0,0,0,0,1,0,0,0,0,medium,0,5.115800493279264,5.92107688076461,159,0.15831658246931907
T00719,R0088,0.7138302427276189,0.6268221973703543,0.7042745398125361,2023-03-30,1.0,Diya Iyer,-1.2422052681783047,2,Jaipur,2019-07-07,1.3184004661667217,-1.1126483389677455,1.4239697167373817,Zone_9,0.7054238122589644,0.0957343172440192,0.9163636363636365,Business,0,3,3,0,0,1,0,0,0,0,0,0,0,0,0,0,1,high,0,0.541436582469586,0.5341886307581715,1362,-0.8439380654975002
T00720,R0142,0.6333755945032048,0.4559998066491086,0.7618010249708513,2024-05-10,1.0,Meera Nair,0.19799441316777866,0,Kolkata,2021-03-04,-1.2340428647179449,-0.8775846282275089,-0.9708489086877315,Zone_8,0.3749277083599486,0.2886135378550845,0.0036363636363636598,Business,0,4,5,0,0,1,0,0,0,0,0,0,0,0,0,1,0,low,0,-0.5132525073575709,-0.6173213643960171,1163,0.7111459847288946
T00721,R0236,0.6356712497803232,0.4811785940468283,0.7928047425098119,2024-02-14,0.0,Arjun Gupta,-0.4566418056258955,1,Ahmedabad,2020-08-10,0.0017782793317680683,-1.0656355968196982,-1.1919090894962037,Zone_8,0.3749277083599486,0.2886135378550845,0.0036363636363636598,Business,0,2,2,0,0,0,1,0,0,0,0,0,0,0,0,1,0,medium,0,357.4642287206375,445.8268891432031,1283,-599.2509600615903
T00722,R0068,0.7391178382185486,0.637910890635742,0.7678097344226511,2024-08-05,1.0,Meera Singh,-0.19478731810842584,0,Ahmedabad,2022-08-31,0.0017782793317680683,2.1782436113955663,1.773981669684128,Zone_10,0.0,-0.46361542252807086,0.44035034732709155,Industrial,0,0,8,0,0,0,1,0,1,0,0,0,0,0,0,0,0,medium,0,415.63652290985965,431.7711625536637,705,1224.9164529342138
T00723,R0030,0.6530443217938053,0.514770543246666,0.8454742885611299,2023-01-23,0.0,Saanvi Patel,-0.8494235369021,2,Mumbai,2021-01-08,1.3467609476209956,1.6140907056189988,-0.5287285470707872,Zone_1,0.20357758267005824,1.2530096409104126,0.0,Residential,0,0,1,1,0,0,0,1,0,0,0,0,0,0,0,0,0,high,0,0.4848999541807211,0.6277834904959411,745,1.198498299546205
T00724,R0286,0.49907393394183813,0.4033406484459252,0.6615195362555348,2023-09-08,0.0,Ishaan Nair,-0.7184962931433652,1,Pune,2023-02-15,-1.5814587625328023,-1.1126483389677455,0.8713192647162021,Zone_7,0.7081316156560269,-0.0059291052863966335,0.52,Industrial,0,4,9,0,0,0,1,0,0,0,0,0,0,0,1,0,0,low,0,-0.3155782153576619,-0.4182970507533634,205,0.7035582370707989
T00725,R0042,0.7330619827877736,0.5600837481914726,0.8236973626126687,2023-05-08,0.0,Arjun Reddy,-1.765914243213244,0,Surat,2021-05-20,-1.6239994847142134,-0.9245973703755562,-1.7998245867195015,Zone_8,0.3749277083599486,0.2886135378550845,0.0036363636363636598,Business,0,0,5,0,1,0,0,0,0,0,0,0,0,0,0,1,0,low,0,-0.4513929897685747,-0.5072029704231221,718,0.569333536788815
T00726,R0095,0.8762049883091885,0.8175493694152439,0.8398806786556281,2024-03-11,0.0,Kavya Iyer,-0.3257145618671607,0,Chennai,2020-10-07,1.623275641800168,2.5073328064318976,0.4660422665673357,Zone_4,0.13112332813653896,1.3108734070937318,0.6290909090909091,Business,0,0,3,0,0,0,1,0,0,0,0,1,0,0,0,0,0,high,0,0.5397758493668403,0.5173986826563993,1251,1.5446130908804463
T00727,R0244,0.8487951740945496,0.7561182958899169,0.8699057231003231,2024-04-12,1.0,Aadhya Iyer,-0.002498701550705167,0,Kolkata,2019-04-22,-1.5956390032599392,-1.0656355968196982,-1.6156077693791082,Zone_1,0.20357758267005824,1.2530096409104126,0.0,Residential,0,4,4,1,0,0,0,1,0,0,0,0,0,0,0,0,0,low,0,-0.531946870413944,-0.545177023952836,1817,0.6678425349609606
T00728,R0165,0.7463701530625666,0.6752894488596367,0.8030560117902212,2023-04-25,1.0,Meera Reddy,0.7217033882027181,0,Kolkata,2021-12-09,-1.5460081607149596,-0.8775846282275089,-1.3577042251025573,Zone_1,0.20357758267005824,1.2530096409104126,0.0,Residential,0,1,4,0,0,1,0,1,0,0,0,0,0,0,0,0,0,low,0,-0.48277245361848786,-0.5194384041406637,502,0.5676455341747131
T00729,R0150,0.5395519229829854,0.3821518093552011,0.7092038625281631,2024-06-18,1.0,Ishaan Gupta,0.19799441316777866,1,Pune,2022-02-27,-0.2626963749090579,-0.36044446459898855,1.7371383062160501,Zone_2,0.3225568228440141,-0.0059291052863966335,1.0,Residential,0,1,6,0,1,0,0,0,0,1,0,0,0,0,0,0,0,medium,0,-2.0538993854398306,-2.6997093613251435,842,1.3720953124068416
T00730,R0083,0.7434227309482229,0.6853024273355705,0.8564471966799312,2023-05-02,1.0,Kavya Patel,1.7691213382725968,0,Mumbai,2021-12-31,0.0017782793317680683,0.7208486048060996,0.7239458108438874,Zone_9,0.7054238122589644,0.0957343172440192,0.9163636363636365,Business,0,1,5,1,0,0,0,0,0,0,0,0,0,0,0,0,1,medium,0,418.05734209881916,481.6156727348351,487,405.3629775303018
T00731,R0235,0.8652889711770485,0.8206248954279953,0.9626290419926005,2023-12-01,0.0,Aarav Ghosh,0.32892165692651354,2,Delhi,2021-02-15,0.22652193017716984,-0.736546401783367,0.09760863188654885,Zone_1,0.20357758267005824,1.2530096409104126,0.0,Residential,0,4,12,0,0,0,1,1,0,0,0,0,0,0,0,0,0,medium,0,3.819890509057022,4.249606390161422,1019,-3.2515456724533967
T00732,R0144,0.877298629777772,0.714039590975025,0.957363222061187,2023-08-03,0.0,Ishaan Kumar,0.32892165692651354,2,Pune,2021-01-31,-0.41158890254399677,-0.6425209174872724,-0.8971621817515741,Zone_4,0.13112332813653896,1.3108734070937318,0.6290909090909091,Business,0,3,8,0,1,0,0,0,0,0,0,1,0,0,0,0,0,medium,0,-2.131492429351866,-2.3260180635187306,914,1.5610744447090386
T00733,R0083,0.7708583589424144,0.7386354772087573,0.7751262274557347,2024-06-30,1.0,Kavya Patel,1.7691213382725968,0,Mumbai,2021-12-31,0.0017782793317680683,0.7208486048060996,0.7239458108438874,Zone_9,0.7054238122589644,0.0957343172440192,0.9163636363636365,Business,0,6,6,0,0,0,1,0,0,0,0,0,0,0,0,0,1,medium,0,433.485530181573,435.88552912272746,912,405.3629775303018
T00734,R0132,0.6374962288371601,0.5168007263158421,0.6596299774380006,2023-05-15,1.0,Aadhya Iyer,-1.1112780244195697,1,Surat,2022-12-09,1.6445460028908734,0.06267021473343727,-0.0009730452730406338,Zone_10,0.0,-0.46361542252807086,0.44035034732709155,Industrial,0,0,5,1,0,0,0,0,1,0,0,0,0,0,0,0,0,high,0,0.387642685407726,0.4011015661942364,157,0.038107912228221116
T00735,R0046,0.6724144777923285,0.5428166890200832,0.7909813713139773,2023-09-22,0.0,Vivaan Singh,-0.06386007434969102,0,Kolkata,2019-08-16,-1.5672785218056653,-0.9245973703755562,-0.25240332106019747,Zone_5,0.012308197259374737,-0.9072376299335215,0.44035034732709155,Business,0,4,9,1,0,0,0,0,0,0,0,0,1,0,0,0,0,low,0,-0.4290331733874833,-0.5046846238935794,1498,0.5899381364011327
T00736,R0267,0.827887035291163,0.6212856440414901,0.8800103267638864,2023-02-02,1.0,Arjun Iyer,0.7217033882027181,1,Jaipur,2021-01-01,-0.8582664854488135,-0.5955081753392251,0.9081626281842801,Zone_1,0.20357758267005824,1.2530096409104126,0.0,Residential,0,3,2,0,1,0,0,1,0,0,0,0,0,0,0,0,0,low,0,-0.9646037091361385,-1.0253346037433844,762,0.6938499701847449
T00737,R0049,0.8018833650961061,0.8049723894918813,0.8889760244014524,2024-07-13,1.0,Meera Iyer,0.9835578757201877,1,Mumbai,2020-05-19,0.8717228832619051,1.4730524791748567,0.7239458108438874,Zone_10,0.0,-0.46361542252807086,0.44035034732709155,Industrial,0,5,7,0,0,0,1,0,1,0,0,0,0,0,0,0,0,high,0,0.9198833488178422,1.0197920021039113,1516,1.6898173805680456
T00738,R0129,0.18372367811773482,0.13335527691279644,0.4461556798477023,2024-03-20,1.0,Vivaan Singh,0.45984890068524836,1,Hyderabad,2022-10-08,0.0017782793317680683,-0.6425209174872724,-0.19713827585807986,Zone_5,0.012308197259374737,-0.9072376299335215,0.44035034732709155,Business,0,2,3,0,0,1,0,0,0,0,0,0,1,0,0,0,0,medium,0,103.3154211689938,250.891787289744,529,-361.3160801056158
T00739,R0202,0.8130771728580996,0.5900962942482108,0.9062023385228812,2024-07-15,1.0,Aadhya Reddy,-0.5875690493846304,1,Ahmedabad,2021-10-28,0.46049590217493097,-1.1126483389677455,1.3134396263331447,Zone_2,0.3225568228440141,-0.0059291052863966335,1.0,Residential,0,0,7,1,0,0,0,0,0,1,0,0,0,0,0,0,0,medium,0,1.7656556095676867,1.967883610348909,991,-2.416195961164228
T00740,R0137,0.8201761249261168,0.8428629156092555,0.8788890987205,2024-01-24,1.0,Arjun Gupta,-0.5875690493846304,1,Bengaluru,2021-08-10,-0.6101122727239153,0.3917594097697685,-1.5971860876450683,Zone_4,0.13112332813653896,1.3108734070937318,0.6290909090909091,Business,0,2,1,0,0,0,1,0,0,0,0,1,0,0,0,0,0,low,0,-1.3443036004903617,-1.4405366651560705,897,-0.6421103578538327
T00741,R0074,0.4891954585039594,0.386215830686447,0.6669165445713852,2023-04-18,0.0,Vivaan Ghosh,-1.1112780244195697,1,Kolkata,2023-09-11,-0.3761383007261542,-0.07836801171070466,1.6266082158118131,Zone_1,0.20357758267005824,1.2530096409104126,0.0,Residential,0,1,4,0,1,0,0,1,0,0,0,0,0,0,0,0,0,medium,0,-1.3005733730373712,-1.7730620446890646,-146,0.2083489279326546
T00742,R0242,0.5308401959999086,0.3919204335071969,0.6166885893750353,2024-02-03,1.0,Kavya Iyer,0.32892165692651354,1,Ahmedabad,2022-06-05,1.3680313087117013,-0.736546401783367,0.9818493551204374,Zone_1,0.3749277083599486,-0.0059291052863966335,0.44035034732709155,Business,0,5,2,0,0,1,0,1,0,0,0,0,0,0,0,0,0,high,0,0.38803219825415397,0.4507854355729487,608,-0.5383987903588153
T00743,R0157,0.5327266520694708,0.4978805253657207,0.7487255993780417,2024-04-09,1.0,Kavya Nair,0.5907761444439832,0,Hyderabad,2021-11-23,0.474676142902068,0.1566956990295319,1.1844878541948707,Zone_2,0.3225568228440141,-0.0059291052863966335,1.0,Residential,0,1,4,1,0,0,0,0,0,1,0,0,0,0,0,0,0,medium,0,1.12229497950433,1.5773398570244002,868,0.3301107531369242
T00744,R0229,0.5563079240576051,0.511586433018295,0.7475250531768294,2024-06-26,0.0,Reyansh Ghosh,-1.2422052681783047,0,Mumbai,2020-11-23,-0.7519146799952856,-0.36044446459898855,0.7792108560460042,Zone_8,0.3749277083599486,0.2886135378550845,0.0036363636363636598,Business,0,2,6,0,1,0,0,0,0,0,0,0,0,0,0,1,0,low,0,-0.7398551176858165,-0.994162067937703,1311,0.4793688355722068
T00745,R0060,0.20662639825684267,0.1928701803843627,0.5011549303223695,2024-04-01,0.0,Ishaan Gupta,1.1144851194789225,0,Surat,2023-08-01,-0.9149874483573616,-0.7835591439314143,1.0371144003225559,Zone_1,0.20357758267005824,1.2530096409104126,0.0,Residential,0,0,4,0,1,0,0,1,0,0,0,0,0,0,0,0,0,low,0,-0.22582429805762946,-0.5477178197603386,244,0.8563605384293578
T00746,R0218,0.763826342689621,0.7164037269756646,0.8314518717031292,2023-10-24,1.0,Arjun Reddy,0.32892165692651354,2,Delhi,2019-01-11,-0.6526529949053264,-0.36044446459898855,-0.25240332106019747,Zone_4,0.13112332813653896,1.3108734070937318,0.6290909090909091,Business,0,1,10,0,1,0,0,0,0,0,0,1,0,0,0,0,0,low,0,-1.1703406690111358,-1.2739570310617196,1747,0.552275814885787
T00747,R0286,0.5238284645350796,0.42511164394087914,0.6903566665891288,2023-03-16,1.0,Ishaan Nair,-0.7184962931433652,1,Pune,2023-02-15,-1.5814587625328023,-1.1126483389677455,0.8713192647162021,Zone_6,1.0,-2.392407628638726,0.24363636363636365,Mixed,0,3,3,1,0,0,0,0,0,0,0,0,0,1,0,0,0,low,0,-0.3312311879040946,-0.4365315637339039,29,0.7035582370707989
T00748,R0020,0.698341837539077,0.6795024197079503,0.8007465398409153,2023-09-08,1.0,Diya Das,0.45984890068524836,0,Chennai,2019-09-17,0.15562072654148468,-0.12538075385875197,0.042343586684432034,Zone_9,0.7054238122589644,0.0957343172440192,0.9163636363636365,Business,0,4,9,0,0,0,1,0,0,0,0,0,0,0,0,0,1,medium,0,4.487460334230711,5.145500587464844,1452,-0.8056815865419349
T00749,R0105,0.6054956202002284,0.5049979007221918,0.7866358741704027,2024-03-17,0.0,Diya Das,-0.06386007434969102,0,Jaipur,2020-09-28,0.666109392718418,-0.6895336596353198,-0.5839935922729057,Zone_8,0.3749277083599486,0.2886135378550845,0.0036363636363636598,Business,0,6,3,1,0,0,0,0,0,0,0,0,0,0,0,1,0,high,0,0.9090032760672802,1.180940972713373,1266,-1.0351657958481961
T00750,R0063,0.754738522434093,0.530953041541152,0.86985834289694,2023-05-17,0.0,Diya Iyer,0.32892165692651354,1,Surat,2023-04-21,0.5455773465377531,0.43877215191781577,1.516078125407578,Zone_1,0.20357758267005824,1.2530096409104126,0.0,Residential,0,2,5,0,0,1,0,1,0,0,0,0,0,0,0,0,0,high,0,1.383375844366856,1.5943813437582806,26,0.804234550247136
T00751,R0095,0.44228328757413027,0.29156280160887815,0.6157543352268389,2023-12-23,1.0,Kavya Iyer,-0.3257145618671607,0,Chennai,2020-10-07,1.623275641800168,2.5073328064318976,0.4660422665673357,Zone_9,0.7054238122589644,0.0957343172440192,0.9163636363636365,Business,0,5,12,1,0,0,0,0,0,0,0,0,0,0,0,0,1,high,0,0.27246345363973445,0.3793282664822003,1172,1.5446130908804463
T00752,R0081,0.7531457820699048,0.7407049438751323,0.9008431031432222,2024-07-07,0.0,Diya Reddy,1.3763396069963922,2,Mumbai,2022-01-31,-0.9787985316294783,-1.018622854671651,-0.19713827585807986,Zone_4,0.13112332813653896,1.3108734070937318,0.6290909090909091,Business,0,6,7,0,0,1,0,0,0,0,0,1,0,0,0,0,0,low,0,-0.7694594523104641,-0.9203560018051132,888,1.0406869460417705
T00753,R0013,0.7753642290221512,0.6400360821935553,0.8186472716155901,2024-06-28,0.0,Ishaan Gupta,1.507266850755127,0,Kolkata,2019-04-01,-1.7445315308948781,-1.1126483389677455,-0.1787165941240401,Zone_6,1.0,-2.392407628638726,0.24363636363636365,Mixed,0,4,6,0,0,1,0,0,0,0,0,0,0,1,0,0,0,low,0,-0.44445412151674835,-0.46926481815760324,1915,0.6377920486177738
T00754,R0088,0.8349232851920222,0.8734583484969097,0.9115509584322321,2024-07-02,1.0,Diya Iyer,-1.2422052681783047,2,Jaipur,2019-07-07,1.3184004661667217,-1.1126483389677455,1.4239697167373817,Zone_6,1.0,-2.392407628638726,0.24363636363636365,Mixed,0,1,7,0,0,1,0,0,0,0,0,0,0,1,0,0,0,high,0,0.6332850348722797,0.6914067324950108,1822,-0.8439380654975002
T00756,R0264,0.3990167762173404,0.3706404930971196,0.532706805104145,2024-02-10,1.0,Aadhya Das,-0.5875690493846304,2,Surat,2019-02-06,1.0560660127146866,1.4260397370268092,-0.7682104096132991,Zone_10,0.0,-0.46361542252807086,0.44035034732709155,Industrial,0,5,2,0,0,0,1,0,1,0,0,0,0,0,0,0,0,high,0,0.3778331765375554,0.5044256691253489,1830,1.3503320056301036
T00757,R0158,0.7647521923454297,0.6505633759095841,0.7967992575394547,2023-10-03,0.0,Aarav Iyer,-0.5875690493846304,1,Ahmedabad,2020-07-26,1.3396708272574271,1.7081161899150934,-0.8050537730813778,Zone_2,0.3225568228440141,-0.0059291052863966335,1.0,Residential,0,1,10,1,0,0,0,0,0,1,0,0,0,0,0,0,0,high,0,0.5708508215492232,0.5947724182146008,1164,1.2750267865516989
T00758,R0029,0.5474384995568368,0.49027774927554046,0.760439121021041,2024-08-13,1.0,Kavya Iyer,-0.19478731810842584,1,Surat,2022-07-24,-1.7587117716220153,-1.1126483389677455,-0.0009730452730406338,Zone_9,0.7054238122589644,0.0957343172440192,0.9163636363636365,Business,0,1,8,0,0,1,0,0,0,0,0,0,0,0,0,0,1,low,0,-0.31127243724078113,-0.43238416509813166,751,0.6326496228211278
T00759,R0258,0.29829860202768665,0.22935525152519792,0.6022960503996522,2023-12-08,1.0,Vivaan Nair,0.06706716940904384,0,Jaipur,2020-01-29,0.43213542072065686,0.7208486048060996,-0.4550418201346307,Zone_5,0.012308197259374737,-0.9072376299335215,0.44035034732709155,Business,0,4,12,0,0,0,1,0,0,0,0,0,1,0,0,0,0,medium,0,0.6902896354347087,1.3937669108337023,1409,1.6681081213013411
T00760,R0109,0.8366589194919449,0.6399855600366546,0.8249404128811704,2023-10-25,1.0,Vivaan Kumar,0.45984890068524836,0,Delhi,2022-11-19,-1.347484790535041,-0.8775846282275089,-1.2103307712302427,Zone_2,0.3225568228440141,-0.0059291052863966335,1.0,Residential,0,2,10,1,0,0,0,0,0,1,0,0,0,0,0,0,0,low,0,-0.6209041655748379,-0.6122075875554885,340,0.6512760918652369
T00761,R0147,0.8922371751251261,0.936504563251258,0.9383127061588385,2023-08-28,1.0,Saanvi Nair,0.45984890068524836,2,Mumbai,2022-08-29,-0.09253348618341346,0.0023974683897869183,-0.1787165941240401,Zone_2,0.3225568228440141,-0.0059291052863966335,1.0,Residential,0,0,8,1,0,0,0,0,0,1,0,0,0,0,0,0,0,medium,0,-9.642316656659789,-10.140250247342676,364,-0.025909197725835408
T00762,R0168,0.6310636924152349,0.4537734333897208,0.7974035429003656,2024-02-19,0.0,Diya Das,-1.1112780244195697,1,Pune,2019-10-08,1.5523744381644828,2.3662945799877555,0.042343586684432034,Zone_2,0.3225568228440141,-0.0059291052863966335,1.0,Residential,0,0,2,0,0,0,1,0,0,1,0,0,0,0,0,0,0,high,0,0.40651512734350376,0.5136670144112977,1595,1.5243065859713887
T00763,R0085,0.7473467469186243,0.7123985067787797,0.7568874168942668,2023-10-12,0.0,Aadhya Ghosh,-0.3257145618671607,0,Surat,2022-09-17,-1.1206009389008487,-0.5484954331911778,1.7371383062160501,Zone_10,0.0,-0.46361542252807086,0.44035034732709155,Industrial,0,3,10,1,0,0,0,0,1,0,0,0,0,0,0,0,0,low,0,-0.6669160456457104,-0.6754299328328838,390,0.4894654413989465
T00764,R0186,0.6994728383280007,0.6497171783139145,0.6990250122822763,2024-06-14,0.0,Ishaan Sharma,-1.765914243213244,2,Hyderabad,2020-12-11,0.857542642534768,-0.2194062381548466,-1.3761259068365972,Zone_10,0.0,-0.46361542252807086,0.44035034732709155,Industrial,0,4,6,0,0,0,1,0,1,0,0,0,0,0,0,0,0,high,0,0.8156712023794682,0.8151489822314407,1281,-0.25585460975598195
T00765,R0201,0.7818624078778624,0.5581324830293667,0.7697057417887154,2023-06-17,0.0,Meera Reddy,0.7217033882027181,0,Delhi,2021-04-06,-0.48958022654325045,-0.40745720674703584,-0.0009730452730406338,Zone_9,0.7054238122589644,0.0957343172440192,0.9163636363636365,Business,0,5,6,0,1,0,0,0,0,0,0,0,0,0,0,0,1,medium,0,-1.597005690769644,-1.5721748960805266,802,0.832258299367898
T00766,R0279,0.8413239650463966,0.8013908850120104,0.9000240148747076,2024-06-30,1.0,Diya Singh,-0.8494235369021,2,Pune,2022-04-21,1.431842391983818,2.836422001468229,-0.5103068653367483,Zone_8,0.3749277083599486,0.2886135378550845,0.0036363636363636598,Business,0,6,6,0,0,1,0,0,0,0,0,0,0,0,0,1,0,high,0,0.5875814054371878,0.6285775724433778,801,1.9809596484556975
T00767,R0279,0.76842957153435,0.6918073845153956,0.7891236603925029,2024-06-02,1.0,Diya Singh,-0.8494235369021,2,Pune,2022-04-21,1.431842391983818,2.836422001468229,-0.5103068653367483,Zone_5,0.012308197259374737,-0.9072376299335215,0.44035034732709155,Business,0,6,6,0,0,0,1,0,0,0,0,0,1,0,0,0,0,high,0,0.5366718961782453,0.5511246662414933,773,1.9809596484556975
T00768,R0047,0.7687341593434136,0.5891682601087237,0.9076427290578784,2024-08-05,1.0,Reyansh Iyer,2.554684800825006,0,Bengaluru,2021-10-07,-1.2978539479900615,0.0023974683897869183,1.5713431706096965,Zone_1,0.20357758267005824,1.2530096409104126,0.0,Residential,0,0,8,0,0,0,1,1,0,0,0,0,0,0,0,0,0,low,0,-0.5923117624551852,-0.6993411935630439,1033,-0.0018472559208220533
T00769,R0042,0.884639846623034,0.9302684079420258,0.9501429082625794,2023-06-12,0.0,Arjun Reddy,-1.765914243213244,0,Surat,2021-05-20,-1.6239994847142134,-0.9245973703755562,-1.7998245867195015,Zone_9,0.7054238122589644,0.0957343172440192,0.9163636363636365,Business,0,0,6,1,0,0,0,0,0,0,0,0,0,0,0,0,1,low,0,-0.5447291424348637,-0.5850635527940348,753,0.569333536788815
T00770,R0154,0.6800916865739616,0.618108318886135,0.806756742361481,2023-09-08,1.0,Kavya Patel,-1.765914243213244,2,Kolkata,2019-03-25,1.5169238363466402,2.601358290727992,1.2397528993969873,Zone_1,0.20357758267005824,1.2530096409104126,0.0,Residential,0,4,9,0,0,1,0,1,0,0,0,0,0,0,0,0,0,high,0,0.44833608008421477,0.5318373428058684,1628,1.714890509594143
T00771,R0058,0.8466436598305932,0.8450752301462304,0.8356192087044951,2023-12-27,1.0,Vivaan Reddy,1.9000485820313315,1,Kolkata,2021-05-31,1.6161855214365994,0.06267021473343727,0.5765723569715726,Zone_1,0.20357758267005824,1.2530096409104126,0.0,Residential,0,2,12,1,0,0,0,1,0,0,0,0,0,0,0,0,0,high,0,0.5238530160064955,0.5170317377684015,940,0.03877662180622111
T00772,R0006,0.512019814913116,0.4699627027280703,0.6998816675324888,2023-11-14,1.0,Aarav Das,1.7691213382725968,0,Jaipur,2023-06-30,-0.028722402911296796,-0.5014826910431305,1.16606617246083,Zone_5,0.012308197259374737,-0.9072376299335215,0.44035034732709155,Business,0,1,11,0,0,1,0,0,0,0,0,0,1,0,0,0,0,medium,0,-17.826496498025715,-24.36710012368842,137,17.459635692454288
T00773,R0045,0.919825741957935,0.8435621423872895,0.9544187388464738,2023-08-20,0.0,Saanvi Iyer,0.32892165692651354,2,Ahmedabad,2023-07-12,-1.0780602167194375,0.0023974683897869183,1.6081865340777743,Zone_1,0.20357758267005824,1.2530096409104126,0.0,Residential,0,6,8,0,0,1,0,1,0,0,0,0,0,0,0,0,0,low,0,-0.853222971864212,-0.8853111579896644,39,-0.0022238724262383697
T00774,R0199,0.8235398894755442,0.7008085835098345,0.9439165975978108,2023-10-09,0.0,Aarav Das,-0.3257145618671607,1,Ahmedabad,2021-08-03,0.651929151991281,0.1566956990295319,-0.1787165941240401,Zone_4,0.13112332813653896,1.3108734070937318,0.6290909090909091,Business,0,0,10,0,0,0,1,0,0,0,0,1,0,0,0,0,0,high,0,1.2632352564079823,1.447882173568509,797,0.24035694454054354
T00775,R0213,0.628267637671467,0.5709849467145046,0.7764108621019212,2023-02-13,0.0,Kavya Ghosh,-0.3257145618671607,1,Chennai,2019-06-04,1.4460226327109549,0.10968295688148458,-0.49188518360270855,Zone_5,0.012308197259374737,-0.9072376299335215,0.44035034732709155,Business,0,0,2,0,1,0,0,0,0,0,0,0,1,0,0,0,0,high,0,0.4344798092776818,0.5369285684321082,1350,0.07585148005315424
T00776,R0093,0.40924058197063334,0.3126732142294455,0.6022520462077683,2023-09-05,1.0,Diya Patel,0.19799441316777866,2,Surat,2019-05-30,-0.9433479298116356,-0.2664189803028939,-0.43662013840059094,Zone_2,0.3225568228440141,-0.0059291052863966335,1.0,Residential,0,1,9,0,0,0,1,0,0,1,0,0,0,0,0,0,0,low,0,-0.4338172259013162,-0.6384198525013182,1559,0.2824185773705906
T00777,R0023,0.7112993027725436,0.488262123713747,0.8512106528232783,2024-03-17,1.0,Meera Iyer,-0.9803507806608349,1,Jaipur,2019-10-09,-0.5392110690882301,0.3917594097697685,-1.4682343155067934,Zone_5,0.012308197259374737,-0.9072376299335215,0.44035034732709155,Business,0,6,3,0,1,0,0,0,0,0,0,0,1,0,0,0,0,medium,0,-1.319148184356273,-1.578622364452975,1621,-0.7265418538833178
T00778,R0129,0.3620711710786429,0.26527697984347914,0.5902280650839635,2023-03-04,0.0,Vivaan Singh,0.45984890068524836,1,Hyderabad,2022-10-08,0.0017782793317680683,-0.6425209174872724,-0.19713827585807986,Zone_4,0.13112332813653896,1.3108734070937318,0.6290909090909091,Business,0,5,3,0,0,0,1,0,0,0,0,1,0,0,0,0,0,medium,0,203.60759111936073,331.9096468928335,147,-361.3160801056158
T00779,R0193,0.7616557672515692,0.6495179212015448,0.8951089679122655,2023-07-12,1.0,Kavya Singh,0.19799441316777866,0,Chennai,2022-01-03,0.9709845683518643,2.0842181270994717,0.7423674925779263,Zone_1,0.20357758267005824,1.2530096409104126,0.0,Residential,0,2,7,1,0,0,0,1,0,0,0,0,0,0,0,0,0,high,0,0.7844159341732826,0.9218570480801883,555,2.1464997436954065
T00780,R0047,0.9045194639795954,0.7027990940594617,0.9619040187659567,2024-06-30,0.0,Reyansh Iyer,2.554684800825006,0,Bengaluru,2021-10-07,-1.2978539479900615,0.0023974683897869183,1.5713431706096965,Zone_4,0.13112332813653896,1.3108734070937318,0.6290909090909091,Business,0,6,6,0,0,1,0,0,0,0,0,1,0,0,0,0,0,low,0,-0.6969347093179408,-0.7411496649955274,997,-0.0018472559208220533
T00781,R0105,0.7391178382185486,0.6375560401579118,0.7380555443701944,2024-03-09,1.0,Diya Das,-0.06386007434969102,0,Jaipur,2020-09-28,0.666109392718418,-0.6895336596353198,-0.5839935922729057,Zone_8,0.3749277083599486,0.2886135378550845,0.0036363636363636598,Business,0,5,3,1,0,0,0,0,0,0,0,0,0,0,0,1,0,high,0,1.1096042876713994,1.1080095138099786,1258,-1.0351657958481961
T00782,R0032,0.6772841888627539,0.6128132943247457,0.8638222004932425,2024-05-01,0.0,Kavya Reddy,-1.765914243213244,0,Mumbai,2023-09-20,-0.2768766156361949,0.015657472585389957,-0.012921458517686406,Zone_2,0.3225568228440141,-0.0059291052863966335,1.0,Residential,0,2,5,1,0,0,0,0,0,1,0,0,0,0,0,0,0,medium,0,-2.4461588686589515,-3.119881390157814,224,-0.05655036106755677
T00783,R0076,0.7681246994622408,0.5899326234955312,0.8107933298426198,2023-09-03,0.0,Reyansh Reddy,1.1144851194789225,1,Bengaluru,2022-01-02,-0.8157257632674023,-0.5014826910431305,-1.2287524529642824,Zone_8,0.3749277083599486,0.2886135378550845,0.0036363636363636598,Business,0,6,9,0,0,0,1,0,0,0,0,0,0,0,0,1,0,low,0,-0.9416457516132692,-0.9939533190602862,609,0.6147687294249893
T00784,R0173,0.7594706728063572,0.7544781541366943,0.8000406145358574,2023-07-28,0.0,Saanvi Ghosh,-0.7184962931433652,2,Mumbai,2020-01-15,0.9709845683518643,1.4730524791748567,0.5028856300354152,Zone_1,0.20357758267005824,1.2530096409104126,0.0,Residential,0,4,7,0,1,0,0,1,0,0,0,0,0,0,0,0,0,high,0,0.7821655436764274,0.8239478160748066,1290,1.517070947559131
T00785,R0290,0.5066313149780837,0.40767253862993685,0.7060302646480727,2023-12-02,0.0,Ishaan Gupta,0.32892165692651354,2,Chennai,2020-05-06,-0.5888419116332098,-0.9245973703755562,0.5028856300354152,Zone_9,0.7054238122589644,0.0957343172440192,0.9163636363636365,Business,0,5,12,0,0,0,1,0,0,0,0,0,0,0,0,0,1,low,0,-0.8603859626311126,-1.1990149659860825,1305,1.5701962650910775
T00786,R0035,0.7521863969411163,0.6321595573916827,0.835573063579176,2023-12-14,1.0,Reyansh Das,0.9835578757201877,1,Kolkata,2022-03-20,0.9922549294425698,0.8148740891021943,-0.9524272269536918,Zone_1,0.20357758267005824,1.2530096409104126,0.0,Residential,0,3,12,0,1,0,0,1,0,0,0,0,0,0,0,0,0,high,0,0.7580576065907585,0.8420951499314651,634,0.8212346090938296
T00787,R0183,0.8079874941482115,0.7602896562461917,0.8379451730810565,2024-01-25,1.0,Arjun Patel,1.507266850755127,2,Jaipur,2022-08-27,1.091516614532529,1.9901926428033772,-0.39977677493251224,Zone_7,0.7081316156560269,-0.0059291052863966335,0.52,Industrial,0,3,1,0,0,0,1,0,0,0,0,0,0,0,1,0,0,high,0,0.7402429641387123,0.7676888852854785,516,1.8233278507223913
T00788,R0139,0.6603373322785351,0.6008591959267887,0.8539732174621859,2023-05-24,0.0,Diya Gupta,1.638194094513862,1,Kolkata,2021-01-31,-0.688103596723169,-0.7835591439314143,0.7055241291098469,Zone_1,0.20357758267005824,1.2530096409104126,0.0,Residential,0,2,5,1,0,0,0,1,0,0,0,0,0,0,0,0,0,low,0,-0.9596481335414316,-1.2410532680382833,843,1.1387226395310472
T00789,R0045,0.8530561527872277,0.8112439047604388,0.902029106729199,2024-02-26,1.0,Saanvi Iyer,0.32892165692651354,2,Ahmedabad,2023-07-12,-1.0780602167194375,0.0023974683897869183,1.6081865340777743,Zone_8,0.3749277083599486,0.2886135378550845,0.0036363636363636598,Business,0,0,2,1,0,0,0,0,0,0,0,0,0,0,0,1,0,low,0,-0.791288037121987,-0.8367149559364083,229,-0.0022238724262383697
T00790,R0062,0.6872020848526618,0.5759164326074341,0.8415609712805954,2024-01-24,1.0,Kavya Sharma,0.8526306319614528,1,Jaipur,2019-05-13,-1.3829353923528838,-0.9716101125236036,-0.786632091347338,Zone_10,0.0,-0.46361542252807086,0.44035034732709155,Industrial,0,2,1,0,1,0,0,0,1,0,0,0,0,0,0,0,0,low,0,-0.4969155382475802,-0.6085323840391339,1717,0.7025708633217753
T00791,R0164,0.8271240834420867,0.6984407520576638,0.9480013196847799,2024-01-06,0.0,Aadhya Ghosh,0.7217033882027181,2,Ahmedabad,2022-07-06,-0.02163228254772828,-0.03135526956265735,0.023921904950391464,Zone_2,0.3225568228440141,-0.0059291052863966335,1.0,Residential,0,5,1,0,0,1,0,0,0,1,0,0,0,0,0,0,0,medium,0,-38.23563609698447,-43.823453100391134,549,1.449466531951809
T00792,R0105,0.9781363135212063,0.9552188260742265,0.9457963114656152,2023-09-08,1.0,Diya Das,-0.06386007434969102,0,Jaipur,2020-09-28,0.666109392718418,-0.6895336596353198,-0.5839935922729057,Zone_2,0.3225568228440141,-0.0059291052863966335,1.0,Residential,0,4,9,1,0,0,0,0,0,1,0,0,0,0,0,0,0,high,0,1.4684319485863944,1.4198813615370054,1075,-1.0351657958481961
T00793,R0161,0.6933950741482451,0.594553511832815,0.763047444856596,2023-09-08,1.0,Aarav Nair,-0.002498701550705167,2,Surat,2019-03-27,0.5668477076284587,1.23798876843462,1.6634515792798927,Zone_7,0.7081316156560269,-0.0059291052863966335,0.52,Industrial,0,4,9,0,0,0,1,0,0,0,0,0,0,0,1,0,0,high,0,1.2232475580596898,1.346124249225573,1626,2.18398831251173
T00794,R0209,0.3192046786782979,0.29980013915130793,0.5989645114385327,2023-01-20,1.0,Vivaan Sharma,-0.06386007434969102,2,Surat,2020-06-11,-1.014249133447321,-0.1723934960067993,-0.43662013840059094,Zone_7,0.7081316156560269,-0.0059291052863966335,0.52,Industrial,0,4,1,0,0,1,0,0,0,0,0,0,0,0,1,0,0,low,0,-0.31472018871079177,-0.5905496900970656,953,0.1699715487267441
T00795,R0296,0.6438045429663096,0.5402738721605339,0.7305891495310455,2023-01-14,0.0,Reyansh Patel,0.7217033882027181,2,Hyderabad,2021-02-20,0.9780746887154328,0.0023974683897869183,-0.06818650371980403,Zone_4,0.13112332813653896,1.3108734070937318,0.6290909090909091,Business,0,5,1,1,0,0,0,0,0,0,0,1,0,0,0,0,0,high,0,0.6582365849911307,0.7469666253101532,693,0.002451211975371395
T00796,R0172,0.15313569742150848,0.18482021401049697,0.43364601721765855,2024-01-12,0.0,Reyansh Reddy,-0.06386007434969102,2,Pune,2021-01-31,-0.5959320319967782,-0.45446994889508313,-0.5287285470707872,Zone_1,0.20357758267005824,1.2530096409104126,0.0,Residential,0,4,1,0,0,1,0,1,0,0,0,0,0,0,0,0,0,low,0,-0.2569683943794724,-0.727676973101528,1076,0.7626204407443903
T00797,R0258,0.8069058030884952,0.6526991173156568,0.9073601872832935,2023-10-18,0.0,Vivaan Nair,0.06706716940904384,0,Jaipur,2020-01-29,0.43213542072065686,0.7208486048060996,-0.4550418201346307,Zone_1,0.3749277083599486,-0.0059291052863966335,0.44035034732709155,Business,0,2,10,1,0,0,0,1,0,0,0,0,0,0,0,0,0,medium,0,1.8672521723464537,2.099712598819419,1358,1.6681081213013411
T00798,R0259,0.8899344584981547,0.8216210711429242,0.9876381973531687,2024-04-08,0.0,Aadhya Das,-0.002498701550705167,1,Jaipur,2019-06-25,-0.7235541985410116,0.1566956990295319,-0.8971621817515741,Zone_1,0.20357758267005824,1.2530096409104126,0.0,Residential,0,0,4,0,1,0,0,1,0,0,0,0,0,0,0,0,0,low,0,-1.22994857923931,-1.3649816411053397,1749,-0.2165638722648505
T00799,R0154,0.8180887670153408,0.6027334159315515,0.9149349717916504,2023-12-15,0.0,Kavya Patel,-1.765914243213244,2,Kolkata,2019-03-25,1.5169238363466402,2.601358290727992,1.2397528993969873,Zone_3,0.3749277083599486,0.6357961349550023,0.2581818181818183,Business,0,4,12,0,0,0,1,0,0,0,1,0,0,0,0,0,0,high,0,0.5393077407140138,0.6031515557136871,1726,1.714890509594143
T00800,R0175,0.7647521923454297,0.7616181715678142,0.8816300445648921,2024-01-11,0.0,Diya Patel,0.45984890068524836,1,Chennai,2022-08-18,-1.0922404574465745,-0.736546401783367,-0.9708489086877315,Zone_7,0.7081316156560269,-0.0059291052863966335,0.52,Industrial,0,3,1,0,0,0,1,0,0,0,0,0,0,0,1,0,0,low,0,-0.700168344004815,-0.8071757812615322,511,0.6743445518446145
T00801,R0059,0.5666428232999994,0.3890375269343194,0.786956421720514,2024-04-09,1.0,Aarav Sharma,1.507266850755127,1,Delhi,2021-08-02,0.7441007167176716,-0.5955081753392251,-1.3577042251025573,Zone_10,0.0,-0.46361542252807086,0.44035034732709155,Industrial,0,1,4,1,0,0,0,0,1,0,0,0,0,0,0,0,0,high,0,0.7615136104149142,1.0575939574307691,981,-0.800305875212823
T00802,R0292,0.9167439228599883,0.9953411545459504,0.8630059518501982,2024-01-11,0.0,Ishaan Gupta,0.7217033882027181,0,Jaipur,2020-06-28,-0.7873652818131283,-0.2194062381548466,0.7055241291098469,Zone_9,0.7054238122589644,0.0957343172440192,0.9163636363636365,Business,0,3,1,0,0,0,1,0,0,0,0,0,0,0,0,0,1,low,0,-1.164318447911406,-1.0960680789263229,1292,0.27865876642363824
T00803,R0282,0.8255928131309574,0.6537892652091284,0.7884294426710077,2024-01-15,1.0,Reyansh Kumar,-1.2422052681783047,1,Bengaluru,2022-05-02,0.474676142902068,-0.9716101125236036,-0.0009730452730406338,Zone_2,0.3225568228440141,-0.0059291052863966335,1.0,Residential,0,0,1,0,0,0,1,0,0,1,0,0,0,0,0,0,0,medium,0,1.7392759789515864,1.6609839244304956,623,-2.046890552753269
T00804,R0260,0.7591573198791607,0.6387718934932254,0.8778964155212359,2024-07-16,0.0,Reyansh Das,3.0783937758599453,2,Mumbai,2019-07-17,-1.3403946701714726,-0.9716101125236036,0.42919890309925784,Zone_4,0.13112332813653896,1.3108734070937318,0.6290909090909091,Business,0,1,7,0,0,1,0,0,0,0,0,1,0,0,0,0,0,low,0,-0.5663685008401622,-0.6549536752551615,1826,0.724868677968787
T00805,R0207,0.7463701530625666,0.7305245417612366,0.894476496272937,2023-08-14,0.0,Ishaan Iyer,-0.06386007434969102,1,Mumbai,2023-12-06,-1.4538365959885688,0.0023974683897869183,-0.1418732306559614,Zone_9,0.7054238122589644,0.0957343172440192,0.9163636363636365,Business,0,0,8,0,0,0,1,0,0,0,0,0,0,0,0,0,1,low,0,-0.5133796708116675,-0.6152524284647806,-114,-0.0016490631728503888
T00806,R0194,0.7310181571329695,0.6454704299758878,0.8739144575144642,2023-03-03,0.0,Arjun Iyer,-0.19478731810842584,2,Jaipur,2023-02-10,-1.7161710494406042,-1.018622854671651,0.09760863188654885,Zone_7,0.7081316156560269,-0.0059291052863966335,0.52,Industrial,0,4,3,0,0,1,0,0,0,0,0,0,0,0,1,0,0,low,0,-0.4259587978548228,-0.5092234004292996,21,0.5935438982050635
T00807,R0155,0.7844839409963131,0.5928721799961808,0.8086117238128543,2023-08-25,1.0,Meera Reddy,-1.1112780244195697,1,Hyderabad,2019-02-10,0.7157402352633976,-0.736546401783367,-1.5971860876450683,Zone_7,0.7081316156560269,-0.0059291052863966335,0.52,Industrial,0,4,8,0,0,1,0,0,0,0,0,0,0,0,1,0,0,high,0,1.0960456075347187,1.1297558583042062,1657,-1.0290694381772636
T00808,R0154,0.5750122922294127,0.4671875439039517,0.7384991555344682,2024-01-19,1.0,Kavya Patel,-1.765914243213244,2,Kolkata,2019-03-25,1.5169238363466402,2.601358290727992,1.2397528993969873,Zone_7,0.7081316156560269,-0.0059291052863966335,0.52,Industrial,0,4,1,0,0,0,1,0,0,0,0,0,0,0,1,0,0,high,0,0.37906470875576226,0.48683997036599397,1761,1.714890509594143
T00809,R0011,0.9118696097830943,0.773561082595692,0.8339851718814315,2023-06-22,1.0,Vivaan Nair,-0.7184962931433652,1,Chennai,2021-01-31,-0.3123272174540375,0.48578489406586306,-0.012921458517686406,Zone_4,0.13112332813653896,1.3108734070937318,0.6290909090909091,Business,0,3,6,0,1,0,0,0,0,0,0,1,0,0,0,0,0,medium,0,-2.9195970085997587,-2.670228930670001,872,-1.5553716324365865
T00810,R0026,0.737781761094082,0.6627425320268506,0.7367585813536262,2023-06-25,0.0,Ishaan Gupta,-0.7184962931433652,0,Surat,2020-04-17,-1.4751069570792745,-0.8775846282275089,-1.5419210424429508,Zone_8,0.3749277083599486,0.2886135378550845,0.0036363636363636598,Business,0,6,6,1,0,0,0,0,0,0,0,0,0,0,0,1,0,low,0,-0.5001547566116132,-0.4994611257290895,1164,0.5949294890216874
T00811,R0191,0.8379423044065372,0.7407489151793825,0.8684500233058472,2024-06-15,0.0,Meera Gupta,0.19799441316777866,2,Surat,2020-08-14,-1.1702317814458283,-0.8305718860794616,1.0186927185885153,Zone_8,0.3749277083599486,0.2886135378550845,0.0036363636363636598,Business,0,5,6,0,0,0,1,0,0,0,0,0,0,0,0,1,0,low,0,-0.7160481519065005,-0.7421179607965117,1401,0.709749896771121
T00812,R0262,0.6211709704246114,0.43652477515280713,0.7063453939937425,2023-04-17,0.0,Meera Singh,-0.19478731810842584,1,Ahmedabad,2019-04-21,-1.7445315308948781,0.0023974683897869183,-1.2103307712302427,Zone_7,0.7081316156560269,-0.0059291052863966335,0.52,Industrial,0,0,4,0,0,1,0,0,0,0,0,0,0,0,1,0,0,low,0,-0.35606749400853444,-0.4048911593082037,1457,-0.0013742763299652765
T00813,R0002,0.7729688349595341,0.6952717176075187,0.835630743076982,2024-02-19,1.0,Ishaan Nair,0.9835578757201877,0,Mumbai,2019-11-23,-1.290763827626493,-0.8775846282275089,0.20813872229078573,Zone_1,0.3749277083599486,-0.0059291052863966335,0.44035034732709155,Business,0,0,2,0,1,0,0,1,0,0,0,0,0,0,0,0,0,low,0,-0.5988460618554049,-0.6473924394159484,1549,0.6798955854234355
T00814,R0040,0.4782690084509572,0.39959331512147855,0.7099171456562907,2023-06-28,1.0,Aarav Gupta,0.32892165692651354,2,Surat,2023-05-05,1.651636123254442,0.5798103783619577,0.7423674925779263,Zone_2,0.3225568228440141,-0.0059291052863966335,1.0,Residential,0,2,6,0,0,0,1,0,0,1,0,0,0,0,0,0,0,high,0,0.2895728676050988,0.4298266038511224,54,0.35105212958135046
T00815,R0246,0.39426166457829737,0.3135536460875989,0.6016171507841859,2024-04-06,1.0,Vivaan Das,-0.3257145618671607,2,Mumbai,2021-03-31,-0.08544336581984495,0.48578489406586306,1.4423913984714205,Zone_7,0.7081316156560269,-0.0059291052863966335,0.52,Industrial,0,5,4,1,0,0,0,0,0,0,0,0,0,0,1,0,0,medium,0,-4.614303998856828,-7.041121859041456,1102,-5.685460648754492
T00816,R0199,0.7054395868862705,0.6160164220091093,0.8786729950283969,2023-01-18,1.0,Aarav Das,-0.3257145618671607,1,Ahmedabad,2021-08-03,0.651929151991281,0.1566956990295319,-0.1787165941240401,Zone_1,0.20357758267005824,1.2530096409104126,0.0,Residential,0,2,1,0,0,1,0,1,0,0,0,0,0,0,0,0,0,high,0,1.0820801382045042,1.347804423754544,533,0.24035694454054354
T00817,R0246,0.2781568215135896,0.24461787810262725,0.5433302452869073,2024-06-13,1.0,Vivaan Das,-0.3257145618671607,2,Mumbai,2021-03-31,-0.08544336581984495,0.48578489406586306,1.4423913984714205,Zone_5,0.012308197259374737,-0.9072376299335215,0.44035034732709155,Business,0,3,6,0,0,0,1,0,0,0,0,0,1,0,0,0,0,medium,0,-3.2554525309791265,-6.358951804783821,1170,-5.685460648754492
T00819,R0276,0.08913756810528023,0.10688849394153885,0.27366641027783606,2024-08-18,0.0,Aadhya Ghosh,-0.7184962931433652,2,Chennai,2022-11-07,-0.39740866181685974,-1.0656355968196982,-0.6945236826771417,Zone_1,0.20357758267005824,1.2530096409104126,0.0,Residential,0,6,8,0,1,0,0,1,0,0,0,0,0,0,0,0,0,medium,0,-0.22429699367337402,-0.6886271905264899,650,2.681460418974918
T00820,R0170,0.7687341593434136,0.7740671801083582,0.9091923550374168,2023-03-01,1.0,Saanvi Kumar,-0.3257145618671607,2,Bengaluru,2021-01-31,-1.5885488828963708,-0.9716101125236036,-0.6024152740069446,Zone_9,0.7054238122589644,0.0957343172440192,0.9163636363636365,Business,0,2,3,0,0,1,0,0,0,0,0,0,0,0,0,0,1,low,0,-0.48392225610444883,-0.5723414399308278,759,0.6116337513971151
T00822,R0137,0.7888069472018318,0.8007380554101986,0.8867538160647157,2023-10-09,1.0,Arjun Gupta,-0.5875690493846304,1,Bengaluru,2021-08-10,-0.6101122727239153,0.3917594097697685,-1.5971860876450683,Zone_3,0.3749277083599486,0.6357961349550023,0.2581818181818183,Business,0,0,10,0,0,1,0,0,0,0,1,0,0,0,0,0,0,low,0,-1.2928881821703304,-1.4534272718457257,790,-0.6421103578538327
T00823,R0051,0.6495551521574605,0.5949325473484588,0.847726988892122,2023-09-08,1.0,Aarav Nair,-1.3731325119370394,1,Kolkata,2020-04-05,-0.2768766156361949,-0.45446994889508313,0.023921904950391464,Zone_2,0.3225568228440141,-0.0059291052863966335,1.0,Residential,0,4,9,0,0,0,1,0,0,1,0,0,0,0,0,0,0,medium,0,-2.3460094333533412,-3.0617500396133206,1251,1.641416873905447
T00824,R0103,0.591658099205651,0.493319058627649,0.7654966088732464,2023-10-13,1.0,Ishaan Gupta,0.7217033882027181,2,Surat,2022-11-24,-0.5463011894517986,-0.45446994889508313,-1.7261378597833443,Zone_1,0.3749277083599486,-0.0059291052863966335,0.44035034732709155,Business,0,4,10,0,0,1,0,1,0,0,0,0,0,0,0,0,0,medium,0,-1.0830254640290407,-1.4012354789880757,323,0.8319036415628782
T00825,R0173,0.8151966962810063,0.7111196158984977,0.9075358752218945,2024-04-20,1.0,Saanvi Ghosh,-0.7184962931433652,2,Mumbai,2020-01-15,0.9709845683518643,1.4730524791748567,0.5028856300354152,Zone_9,0.7054238122589644,0.0957343172440192,0.9163636363636365,Business,0,5,4,1,0,0,0,0,0,0,0,0,0,0,0,0,1,high,0,0.8395567992030089,0.9346553022591628,1557,1.517070947559131
T00826,R0274,0.519286796920755,0.42754939380834656,0.6462755668602411,2024-01-02,1.0,Reyansh Nair,-0.5875690493846304,0,Surat,2019-03-18,-1.5672785218056653,0.0023974683897869183,-1.7814029049854618,Zone_6,1.0,-2.392407628638726,0.24363636363636365,Mixed,0,1,1,1,0,0,0,0,0,0,0,0,0,1,0,0,0,low,0,-0.33133025795726684,-0.4123552756377121,1751,-0.0015297015536362927
T00827,R0123,0.6588064606333566,0.5665801191168576,0.8649566143364231,2023-03-29,1.0,Meera Ghosh,0.06706716940904384,1,Bengaluru,2023-06-24,-0.6810134763596005,0.10968295688148458,-1.2840174981663999,Zone_8,0.3749277083599486,0.2886135378550845,0.0036363636363636598,Business,0,2,3,1,0,0,0,0,0,0,0,0,0,0,0,1,0,low,0,-0.9673912242604171,-1.2701020528405722,-87,-0.1610584234952318
T00828,R0217,0.8175648368283648,0.8006972366480172,0.904649063689096,2024-01-04,0.0,Kavya Iyer,0.9835578757201877,2,Jaipur,2023-03-03,-1.0496997352651634,-0.8775846282275089,-0.8971621817515741,Zone_1,0.20357758267005824,1.2530096409104126,0.0,Residential,0,3,1,0,0,0,1,1,0,0,0,0,0,0,0,0,0,low,0,-0.7788559045619277,-0.8618169875603272,307,0.836033961660306
T00829,R0219,0.6499933418966098,0.5174799130066863,0.6894997882000178,2024-03-19,1.0,Vivaan Sharma,-0.8494235369021,0,Pune,2021-04-13,1.7438076879808329,2.7894092593201814,-0.0009730452730406338,Zone_8,0.3749277083599486,0.2886135378550845,0.0036363636363636598,Business,0,1,3,0,1,0,0,0,0,0,0,0,0,0,0,1,0,high,0,0.3727437069905579,0.39539898404645435,1071,1.5996083046004104
T00830,R0211,0.7268917392988877,0.5056918855753351,0.705446986119419,2024-03-29,0.0,Arjun Reddy,0.5907761444439832,0,Mumbai,2021-04-04,1.297130105076016,-0.3134317224509412,-0.0009730452730406338,Zone_4,0.13112332813653896,1.3108734070937318,0.6290909090909091,Business,0,4,3,0,0,1,0,0,0,0,0,1,0,0,0,0,0,high,0,0.560384603251722,0.5438521420162996,1090,-0.2416347606338017
T00831,R0095,0.650867961968082,0.4966636789434087,0.7675371845072181,2023-12-06,1.0,Kavya Iyer,-0.3257145618671607,0,Chennai,2020-10-07,1.623275641800168,2.5073328064318976,0.4660422665673357,Zone_2,0.3225568228440141,-0.0059291052863966335,1.0,Residential,0,2,12,0,0,1,0,0,0,1,0,0,0,0,0,0,0,high,0,0.40095960612474135,0.4728323180258163,1155,1.5446130908804463
T00832,R0263,0.4584184387915121,0.38296776714334885,0.5462069020806006,2024-06-23,0.0,Ishaan Das,-0.06386007434969102,2,Chennai,2020-12-30,0.3186934949035606,-0.12538075385875197,-0.3076683662623159,Zone_5,0.012308197259374737,-0.9072376299335215,0.44035034732709155,Business,0,6,6,1,0,0,0,0,0,0,0,0,1,0,0,0,0,medium,0,1.4384304861014923,1.7138941045718161,1271,-0.39342112676850616
T00833,R0100,0.877080194195207,0.9003257547211255,0.9238289215714861,2023-11-23,0.0,Ishaan Gupta,-0.4566418056258955,1,Delhi,2021-05-24,0.9284438461704532,1.7081161899150934,-0.39977677493251224,Zone_8,0.3749277083599486,0.2886135378550845,0.0036363636363636598,Business,0,3,11,0,0,1,0,0,0,0,0,0,0,0,0,1,0,high,0,0.9446776967857501,0.995029398258169,913,1.8397625197911
T00834,R0196,0.8986406570810662,0.9697562428463621,0.9751309645271609,2023-11-17,1.0,Vivaan Das,-1.765914243213244,1,Hyderabad,2019-06-24,0.0017782793317680683,-0.6895336596353198,1.7002949427479706,Zone_6,1.0,-2.392407628638726,0.24363636363636365,Mixed,0,4,11,1,0,0,0,0,0,0,0,0,0,1,0,0,0,medium,0,505.3428002155239,548.3564629622216,1607,-387.75328898961305
T00835,R0175,0.6482370451846365,0.5517751898375561,0.7475824099655748,2023-10-25,1.0,Diya Patel,0.45984890068524836,1,Chennai,2022-08-18,-1.0922404574465745,-0.736546401783367,-0.9708489086877315,Zone_10,0.0,-0.46361542252807086,0.44035034732709155,Industrial,0,2,10,0,0,1,0,0,1,0,0,0,0,0,0,0,0,low,0,-0.593492981115236,-0.6844485615495907,433,0.6743445518446145
T00836,R0074,0.6590621046283162,0.6226352551039295,0.8171276317603244,2023-11-20,1.0,Vivaan Ghosh,-1.1112780244195697,1,Kolkata,2023-09-11,-0.3761383007261542,-0.07836801171070466,1.6266082158118131,Zone_3,0.3749277083599486,0.6357961349550023,0.2581818181818183,Business,0,0,11,0,0,0,1,0,0,0,1,0,0,0,0,0,0,medium,0,-1.7521802575168846,-2.1724127274005807,70,0.2083489279326546
T00837,R0249,0.6772841888627539,0.4764018444272894,0.7709940411619685,2024-01-27,1.0,Diya Nair,-1.5040597556957742,1,Surat,2023-03-24,1.020615410896844,1.1439632841385254,0.889740946450241,Zone_5,0.012308197259374737,-0.9072376299335215,0.44035034732709155,Business,0,5,1,1,0,0,0,0,0,0,0,0,1,0,0,0,0,high,0,0.6636037253911392,0.755420732364284,309,1.1208563695244345
T00838,R0064,0.7967266175415925,0.6444171503489861,0.7610417937570035,2023-05-21,1.0,Ishaan Nair,-1.3731325119370394,0,Bengaluru,2023-09-30,-0.26978649527262644,-1.018622854671651,0.3739338578971394,Zone_5,0.012308197259374737,-0.9072376299335215,0.44035034732709155,Business,0,6,5,0,0,0,1,0,0,0,0,0,1,0,0,0,0,medium,0,-2.9531745713827484,-2.8209039632912334,-132,3.775662876091353
T00839,R0017,0.5419989037246601,0.44879716193285196,0.6232869254098381,2024-03-16,1.0,Meera Das,2.2928303133075363,0,Mumbai,2023-03-18,0.0017782793317680683,-0.12538075385875197,-0.3260900479963549,Zone_1,0.20357758267005824,1.2530096409104126,0.0,Residential,0,5,3,0,0,1,0,1,0,0,0,0,0,0,0,0,0,medium,0,304.7883951874835,350.50001103602216,364,-70.50678238164707
T00840,R0165,0.6256362162955335,0.6024125118292275,0.7287460352530795,2023-11-18,1.0,Meera Reddy,0.7217033882027181,0,Kolkata,2021-12-09,-1.5460081607149596,-0.8775846282275089,-1.3577042251025573,Zone_7,0.7081316156560269,-0.0059291052863966335,0.52,Industrial,0,5,11,1,0,0,0,0,0,0,0,0,0,0,1,0,0,low,0,-0.4046784694889351,-0.47137269632268114,709,0.5676455341747131
T00841,R0057,0.7556904523983013,0.7247101401063812,0.8592898069283399,2024-05-28,0.0,Aadhya Reddy,0.9835578757201877,1,Bengaluru,2023-06-04,1.0986067348960975,-0.5955081753392251,-0.6392586374750233,Zone_8,0.3749277083599486,0.2886135378550845,0.0036363636363636598,Business,0,1,5,0,0,1,0,0,0,0,0,0,0,0,0,1,0,high,0,0.6878625702852368,0.7821632433462267,359,-0.5420576412136653
T00842,R0286,0.8109438075515026,0.7488412240833427,0.9285144996730856,2023-08-18,1.0,Ishaan Nair,-0.7184962931433652,1,Pune,2023-02-15,-1.5814587625328023,-1.1126483389677455,0.8713192647162021,Zone_10,0.0,-0.46361542252807086,0.44035034732709155,Industrial,0,4,8,1,0,0,0,0,1,0,0,0,0,0,0,0,0,low,0,-0.5127821393538753,-0.5871253311632441,184,0.7035582370707989
T00843,R0024,0.6245019429283162,0.4550270103966792,0.6563054132151949,2023-08-07,1.0,Meera Kumar,1.2454123632376575,2,Chennai,2021-01-31,-0.7944554021766967,-0.36044446459898855,-0.0009730452730406338,Zone_10,0.0,-0.46361542252807086,0.44035034732709155,Industrial,0,0,8,0,0,1,0,0,1,0,0,0,0,0,0,0,0,low,0,-0.7860755194278598,-0.826107307492667,918,0.45370006121353207
T00844,R0195,0.7774458863264903,0.692932755955086,0.8294796475220607,2023-09-04,1.0,Aadhya Reddy,0.19799441316777866,1,Kolkata,2021-01-31,-1.276583586899356,-0.6425209174872724,1.773981669684128,Zone_9,0.7054238122589644,0.0957343172440192,0.9163636363636365,Business,0,0,9,0,0,1,0,0,0,0,0,0,0,0,0,0,1,low,0,-0.609005077540436,-0.6497652453269835,946,0.5033128453796483
T00845,R0121,0.7687341593434136,0.7282040895597849,0.8456921640752297,2023-09-18,0.0,Diya Iyer,-0.3257145618671607,1,Pune,2023-07-13,0.8929932443526105,-0.6425209174872724,0.30024713096098204,Zone_2,0.3225568228440141,-0.0059291052863966335,1.0,Residential,0,0,9,0,1,0,0,0,0,1,0,0,0,0,0,0,0,high,0,0.8608510357776777,0.9470308643693353,67,-0.7195137494607565
T00846,R0069,0.8565649985694861,0.6845918286144014,0.8868570056474592,2024-01-31,0.0,Diya Singh,-1.2422052681783047,1,Ahmedabad,2023-02-01,-1.673630327259193,-1.0656355968196982,1.0186927185885153,Zone_8,0.3749277083599486,0.2886135378550845,0.0036363636363636598,Business,0,2,1,1,0,0,0,0,0,0,0,0,0,0,0,1,0,low,0,-0.5118005957577458,-0.5299001764026428,364,0.6367210126771709
T00847,R0287,0.5983938100359304,0.5290220722849308,0.7661164504313078,2024-06-29,1.0,Saanvi Singh,-1.765914243213244,2,Delhi,2021-12-17,0.4817662632656365,0.48578489406586306,-1.2471741346983212,Zone_8,0.3749277083599486,0.2886135378550845,0.0036363636363636598,Business,0,5,6,0,0,0,1,0,0,0,0,0,0,0,0,1,0,medium,0,1.242083258341375,1.5902243657291673,925,1.0083414533283972
T00848,R0234,0.6004387018560967,0.4310725012561691,0.7035623455670144,2023-12-05,0.0,Saanvi Nair,0.06706716940904384,2,Surat,2022-12-01,-0.48958022654325045,0.3447466676217211,-0.049764821985765095,Zone_10,0.0,-0.46361542252807086,0.44035034732709155,Industrial,0,1,12,0,0,0,1,0,1,0,0,0,0,0,0,0,0,medium,0,-1.2264357694663814,-1.4370726337021709,369,-0.7041678747033007
T00849,R0218,0.8783886221188902,0.8400604278098104,0.9255861816923057,2023-06-25,0.0,Arjun Reddy,0.32892165692651354,2,Delhi,2019-01-11,-0.6526529949053264,-0.36044446459898855,-0.25240332106019747,Zone_3,0.3749277083599486,0.6357961349550023,0.2581818181818183,Business,0,6,6,0,1,0,0,0,0,0,1,0,0,0,0,0,0,low,0,-1.3458738854731052,-1.4181903537063687,1626,0.552275814885787
T00850,R0078,0.047599735869817944,0.04662351861158276,0.19418982479170716,2023-07-17,1.0,Saanvi Sharma,-0.19478731810842584,2,Jaipur,2023-01-02,-1.099330577810143,-0.6895336596353198,-0.7129453644111807,Zone_3,0.3749277083599486,0.6357961349550023,0.2581818181818183,Business,0,0,7,0,0,1,0,0,0,0,1,0,0,0,0,0,0,low,0,-0.04329883733847939,-0.17664370364238535,196,0.6272304924046276
T00851,R0151,0.921927752379492,0.8088217441035611,0.9751309645271609,2023-05-03,1.0,Meera Reddy,0.32892165692651354,1,Hyderabad,2023-02-25,0.0017782793317680683,1.520065221322904,1.8292467148862463,Zone_9,0.7054238122589644,0.0957343172440192,0.9163636363636365,Business,0,2,5,0,0,1,0,0,0,0,0,0,0,0,0,0,1,medium,0,518.4380968218632,548.3564629622216,67,854.7955285582536
T00852,R0237,1.0,0.8684121034289797,0.9698729591879056,2023-02-28,1.0,Aadhya Nair,1.1144851194789225,1,Chennai,2022-12-13,-1.5318279199878226,-0.9716101125236036,-0.547150228804827,Zone_10,0.0,-0.46361542252807086,0.44035034732709155,Industrial,0,1,2,0,1,0,0,0,1,0,0,0,0,0,0,0,0,low,0,-0.652814840982889,-0.6331474616258566,77,0.6342815011044631
T00853,R0014,0.7882338410871973,0.6734143360149069,0.8730512079054464,2024-05-09,1.0,Aarav Das,-0.7184962931433652,0,Ahmedabad,2021-06-08,0.5172168650834791,1.379026994878762,-1.8550896319216192,Zone_9,0.7054238122589644,0.0957343172440192,0.9163636363636365,Business,0,3,5,0,0,1,0,0,0,0,0,0,0,0,0,0,1,high,0,1.5239909877261562,1.6879790023175976,1066,2.666245221250058
T00854,R0198,0.8331783800048658,0.6788338351590968,0.8325001494888413,2023-05-08,1.0,Vivaan Kumar,-0.06386007434969102,2,Mumbai,2021-12-10,-0.35486793963544866,-0.03135526956265735,-0.2892466845282762,Zone_1,0.20357758267005824,1.2530096409104126,0.0,Residential,0,0,5,1,0,0,0,1,0,0,0,0,0,0,0,0,0,medium,0,-2.3478547565068273,-2.3459435370353776,514,0.08835757210095739
T00855,R0121,0.13669598205972414,0.15674435928383423,0.26985528815946486,2023-03-18,1.0,Diya Iyer,-0.3257145618671607,1,Pune,2023-07-13,0.8929932443526105,-0.6425209174872724,0.30024713096098204,Zone_2,0.3225568228440141,-0.0059291052863966335,1.0,Residential,0,5,3,0,0,1,0,0,0,1,0,0,0,0,0,0,0,high,0,0.1530761659443729,0.3021918585230739,-117,-0.7195137494607565
T00856,R0047,0.5521988082230271,0.4045051530270539,0.6998313924416941,2023-09-16,0.0,Reyansh Iyer,2.554684800825006,0,Bengaluru,2021-10-07,-1.2978539479900615,0.0023974683897869183,1.5713431706096965,Zone_10,0.0,-0.46361542252807086,0.44035034732709155,Industrial,0,5,9,0,0,1,0,0,1,0,0,0,0,0,0,0,0,low,0,-0.42547068495511153,-0.5392219929873444,709,-0.0018472559208220533
T00857,R0070,0.8623305983144756,0.8424353363696271,0.8697919889646593,2023-01-31,1.0,Meera Reddy,0.19799441316777866,1,Bengaluru,2023-01-03,0.41086505962995135,-0.8305718860794616,-0.8603188182834954,Zone_8,0.3749277083599486,0.2886135378550845,0.0036363636363636598,Business,0,1,1,0,0,0,1,0,0,0,0,0,0,0,0,1,0,medium,0,2.0988170643936965,2.1169772619459146,28,-2.021519880097671
T00858,R0051,0.7711606915892184,0.7249794749703823,0.8883805194740915,2023-11-03,0.0,Aarav Nair,-1.3731325119370394,1,Kolkata,2020-04-05,-0.2768766156361949,-0.45446994889508313,0.023921904950391464,Zone_1,0.20357758267005824,1.2530096409104126,0.0,Residential,0,4,11,0,0,1,0,1,0,0,0,0,0,0,0,0,0,medium,0,-2.7852142363748533,-3.208579090122182,1307,1.641416873905447
T00859,R0077,0.6764775948688769,0.5307722926281148,0.8392717854084302,2024-04-29,0.0,Reyansh Das,-0.4566418056258955,1,Mumbai,2019-09-07,1.091516614532529,2.272269095691661,-0.0009730452730406338,Zone_10,0.0,-0.46361542252807086,0.44035034732709155,Industrial,0,0,4,0,1,0,0,0,1,0,0,0,0,0,0,0,0,high,0,0.6197593200709972,0.7689042697420329,1696,2.0817540158697634
T00860,R0173,0.7509028180733405,0.6497171783139145,0.90661728776898,2023-12-10,1.0,Saanvi Ghosh,-0.7184962931433652,2,Mumbai,2020-01-15,0.9709845683518643,1.4730524791748567,0.5028856300354152,Zone_2,0.3225568228440141,-0.0059291052863966335,1.0,Residential,0,6,12,0,0,0,1,0,0,1,0,0,0,0,0,0,0,high,0,0.7733416601542005,0.9337092651306081,1425,1.517070947559131
T00861,R0174,0.7922246286098096,0.6343029830531968,0.8074224731612909,2023-09-08,0.0,Aadhya Patel,0.06706716940904384,1,Kolkata,2019-02-07,0.4817662632656365,-0.7835591439314143,-0.3813550931984733,Zone_4,0.13112332813653896,1.3108734070937318,0.6290909090909091,Business,0,4,9,0,0,1,0,0,0,0,0,1,0,0,0,0,0,medium,0,1.6444169901805523,1.6759630856843415,1674,-1.6264300837922625
T00862,R0007,0.6530443217938053,0.5438189129638831,0.7888674237005051,2023-06-30,1.0,Ishaan Ghosh,-1.765914243213244,0,Mumbai,2021-03-26,1.460202873438092,2.7423965171721343,0.042343586684432034,Zone_1,0.3749277083599486,-0.0059291052863966335,0.44035034732709155,Business,0,4,6,1,0,0,0,1,0,0,0,0,0,0,0,0,0,high,0,0.44722848699523005,0.5402450837828395,826,1.8780928096073926
T00863,R0026,0.706177825396061,0.6089591343357516,0.783023593157725,2023-12-21,0.0,Ishaan Gupta,-0.7184962931433652,0,Surat,2020-04-17,-1.4751069570792745,-0.8775846282275089,-1.5419210424429508,Zone_1,0.3749277083599486,-0.0059291052863966335,0.44035034732709155,Business,0,3,12,1,0,0,0,1,0,0,0,0,0,0,0,0,0,low,0,-0.47872991311375795,-0.5308249611323906,1343,0.5949294890216874
T00864,R0074,0.7046996762606472,0.6611766618426936,0.8265711816961601,2023-07-01,1.0,Vivaan Ghosh,-1.1112780244195697,1,Kolkata,2023-09-11,-0.3761383007261542,-0.07836801171070466,1.6266082158118131,Zone_9,0.7054238122589644,0.0957343172440192,0.9163636363636365,Business,0,5,7,0,0,1,0,0,0,0,0,0,0,0,0,0,1,medium,0,-1.8735121493881068,-2.1975193169651224,-72,0.2083489279326546
T00865,R0255,0.42443729415839215,0.3227153369738405,0.6757966416354964,2023-12-21,1.0,Reyansh Sharma,0.7217033882027181,0,Bengaluru,2021-07-06,1.5807349196187568,0.8618868312502416,-1.634029451113147,Zone_5,0.012308197259374737,-0.9072376299335215,0.44035034732709155,Business,0,3,12,0,1,0,0,0,0,0,0,0,1,0,0,0,0,high,0,0.268506306079933,0.42752053696548037,898,0.5452443800369212
T00866,R0147,0.765367970853033,0.5591663026187247,0.763867663087979,2023-04-29,1.0,Saanvi Nair,0.45984890068524836,2,Mumbai,2022-08-29,-0.09253348618341346,0.0023974683897869183,-0.1787165941240401,Zone_1,0.3749277083599486,-0.0059291052863966335,0.44035034732709155,Business,0,5,4,0,0,1,0,1,0,0,0,0,0,0,0,0,0,medium,0,-8.271254033766475,-8.255040359917851,243,-0.025909197725835408
T00867,R0166,0.9380927361959202,0.8622735684388129,0.8911115390039883,2023-05-22,0.0,Reyansh Sharma,-0.9803507806608349,2,Chennai,2021-03-16,0.0017782793317680683,1.8491544163592353,0.5213073117694542,Zone_4,0.13112332813653896,1.3108734070937318,0.6290909090909091,Business,0,0,5,0,0,0,1,0,0,0,0,1,0,0,0,0,0,medium,0,527.5283356429802,501.1088657921889,797,1039.8559907462338
T00868,R0250,0.9315005088709131,0.8495989829249283,0.8202419888958081,2023-10-09,0.0,Ishaan Gupta,0.32892165692651354,0,Jaipur,2021-02-01,0.0017782793317680683,0.3447466676217211,1.147644490726791,Zone_4,0.13112332813653896,1.3108734070937318,0.6290909090909091,Business,0,0,10,0,0,1,0,0,0,0,0,1,0,0,0,0,0,medium,0,523.8212536299127,461.2559873145891,980,193.86530645832454
T00869,R0286,0.15112541168321567,0.14258130552967116,0.3307667840938127,2024-05-06,1.0,Ishaan Nair,-0.7184962931433652,1,Pune,2023-02-15,-1.5814587625328023,-1.1126483389677455,0.8713192647162021,Zone_5,0.012308197259374737,-0.9072376299335215,0.44035034732709155,Business,0,0,5,0,0,1,0,0,0,0,0,0,1,0,0,0,0,low,0,-0.09556076659323012,-0.20915296176554715,446,0.7035582370707989
T00870,R0057,0.8011674050657378,0.6920888904411971,0.8093643161034216,2023-06-30,0.0,Aadhya Reddy,0.9835578757201877,1,Bengaluru,2023-06-04,1.0986067348960975,-0.5955081753392251,-0.6392586374750233,Zone_7,0.7081316156560269,-0.0059291052863966335,0.52,Industrial,0,4,6,1,0,0,0,0,0,0,0,0,0,0,1,0,0,high,0,0.7292576857737082,0.7367188734556307,26,-0.5420576412136653
T00871,R0189,0.8154606723774349,0.667564875012507,0.9192995713484098,2023-06-27,1.0,Ishaan Gupta,-0.3257145618671607,0,Delhi,2019-09-16,-0.09962360654698198,0.8618868312502416,-1.3392825433685185,Zone_7,0.7081316156560269,-0.0059291052863966335,0.52,Industrial,0,1,6,0,0,0,1,0,0,0,0,0,0,0,1,0,0,medium,0,-8.185416094054654,-9.227728278586993,1380,-8.651431735145827
T00872,R0034,0.6268605842331363,0.4360185608301244,0.7702772577749444,2024-05-18,0.0,Arjun Iyer,-0.7184962931433652,2,Chennai,2021-01-31,1.6445460028908734,1.1439632841385254,-1.6708728145812257,Zone_7,0.7081316156560269,-0.0059291052863966335,0.52,Industrial,0,5,5,0,1,0,0,0,0,0,0,0,0,0,1,0,0,high,0,0.38117546309510725,0.46838291931080595,1203,0.695610388598193
T00873,R0115,0.4607714170429718,0.3833914378497656,0.5469942611308061,2023-09-08,0.0,Aarav Ghosh,1.1144851194789225,0,Bengaluru,2020-03-01,-0.5817517912696412,-0.40745720674703584,0.7239458108438874,Zone_3,0.3749277083599486,0.6357961349550023,0.2581818181818183,Business,0,4,9,0,0,0,1,0,0,0,1,0,0,0,0,0,0,low,0,-0.7920412518840099,-0.9402536774953821,1286,0.7003969955258461
T00874,R0295,0.2795207917688893,0.2225762173084645,0.49637332446606314,2024-01-30,0.0,Kavya Gupta,-1.765914243213244,0,Delhi,2019-05-29,-1.0922404574465745,-0.2664189803028939,-0.7682104096132991,Zone_1,0.20357758267005824,1.2530096409104126,0.0,Residential,0,1,1,0,0,1,0,1,0,0,0,0,0,0,0,0,0,low,0,-0.25591506875908016,-0.45445425600373585,1707,0.2439197142776827
T00875,R0023,0.6187707362496621,0.5042398096536717,0.7296806210936579,2023-08-16,1.0,Meera Iyer,-0.9803507806608349,1,Jaipur,2019-10-09,-0.5392110690882301,0.3917594097697685,-1.4682343155067934,Zone_10,0.0,-0.46361542252807086,0.44035034732709155,Industrial,0,2,8,0,1,0,0,0,1,0,0,0,0,0,0,0,0,medium,0,-1.1475482825231351,-1.3532374665963351,1407,-0.7265418538833178
T00876,R0238,0.7693424842893279,0.6875716538197284,0.9038321130153437,2024-08-18,1.0,Reyansh Patel,-0.19478731810842584,1,Pune,2019-04-22,0.0017782793317680683,1.520065221322904,1.6634515792798927,Zone_10,0.0,-0.46361542252807086,0.44035034732709155,Industrial,0,6,8,1,0,0,0,0,1,0,0,0,0,0,0,0,0,medium,0,432.6330911828138,508.26217055376867,1945,854.7955285582536
T00877,R0077,0.6812875527107657,0.5396809097320994,0.7765760382165807,2023-08-28,1.0,Reyansh Das,-0.4566418056258955,1,Mumbai,2019-09-07,1.091516614532529,2.272269095691661,-0.0009730452730406338,Zone_5,0.012308197259374737,-0.9072376299335215,0.44035034732709155,Business,0,0,8,0,0,0,1,0,0,0,0,0,1,0,0,0,0,high,0,0.6241659940307415,0.7114651557999143,1451,2.0817540158697634
T00878,R0148,0.5761121936104523,0.39208002575325823,0.6188625710080065,2024-06-10,1.0,Aarav Kumar,1.638194094513862,1,Ahmedabad,2019-09-30,1.1340573367139402,0.48578489406586306,-1.1919090894962037,Zone_7,0.7081316156560269,-0.0059291052863966335,0.52,Industrial,0,0,6,0,1,0,0,0,0,0,0,0,0,0,1,0,0,high,0,0.508009758377652,0.5457065978702902,1715,0.42836008228074246
T00879,R0039,0.3239911438199483,0.3036429017830572,0.49621165599340283,2023-05-23,0.0,Aadhya Iyer,-0.9803507806608349,1,Chennai,2023-11-18,-0.4399493839982708,-0.45446994889508313,0.3555121761631005,Zone_9,0.7054238122589644,0.0957343172440192,0.9163636363636365,Business,0,1,5,0,0,1,0,0,0,0,0,0,0,0,0,0,1,medium,0,-0.7364282247096446,-1.1278835112435415,-179,1.0330050806409798
T00880,R0041,0.7693424842893279,0.6389743227921912,0.8172942890103918,2023-10-23,1.0,Aarav Nair,-0.8494235369021,2,Pune,2021-01-31,0.7157402352633976,-0.736546401783367,1.3502829898012243,Zone_2,0.3225568228440141,-0.0059291052863966335,1.0,Residential,0,0,10,0,0,1,0,0,0,1,0,0,0,0,0,0,0,high,0,1.074890646613159,1.1418867470956438,995,-1.0290694381772636
T00881,R0247,0.8632437237211991,0.7532241739093314,0.9553090603526257,2023-02-01,0.0,Aadhya Das,0.7217033882027181,1,Bengaluru,2021-05-11,-0.02163228254772828,1.0969505419904781,1.6818732610139318,Zone_9,0.7054238122589644,0.0957343172440192,0.9163636363636365,Business,0,2,2,0,0,1,0,0,0,0,0,0,0,0,0,0,1,medium,0,-39.905346179562216,-44.16126953985944,631,-50.708959610259654
T00882,R0194,0.47529249217177877,0.3340561747489032,0.6138294903170636,2024-05-23,0.0,Arjun Iyer,-0.19478731810842584,2,Jaipur,2023-02-10,-1.7161710494406042,-1.018622854671651,0.09760863188654885,Zone_2,0.3225568228440141,-0.0059291052863966335,1.0,Residential,0,3,5,0,0,1,0,0,0,1,0,0,0,0,0,0,0,low,0,-0.2769493707091161,-0.3576738405633546,468,0.5935438982050635
T00883,R0187,0.7839031934628182,0.7233440419678931,0.906256184007264,2024-06-05,0.0,Saanvi Reddy,-0.002498701550705167,2,Surat,2022-08-05,0.7441007167176716,0.6738358626580523,1.295017944599106,Zone_3,0.3749277083599486,0.6357961349550023,0.2581818181818183,Business,0,2,6,0,1,0,0,0,0,0,1,0,0,0,0,0,0,high,0,1.053490711473469,1.217921396454074,670,0.9055707749220199
T00884,R0162,0.2795207917688893,0.26854659514164386,0.5107885684424054,2024-02-20,0.0,Meera Patel,-0.19478731810842584,1,Hyderabad,2023-08-14,1.006435170169707,0.6738358626580523,0.5028856300354152,Zone_8,0.3749277083599486,0.2886135378550845,0.0036363636363636598,Business,0,1,2,0,0,0,1,0,0,0,0,0,0,0,0,1,0,high,0,0.2777335292463557,0.5075225743117416,190,0.6695273402900147
T00885,R0249,0.5626624558463214,0.5201269570899398,0.6550421671973643,2023-07-13,1.0,Diya Nair,-1.5040597556957742,1,Surat,2023-03-24,1.020615410896844,1.1439632841385254,0.889740946450241,Zone_4,0.13112332813653896,1.3108734070937318,0.6290909090909091,Business,0,3,7,0,0,1,0,0,0,0,0,1,0,0,0,0,0,high,0,0.5512972367837301,0.6418109703259919,111,1.1208563695244345
T00886,R0002,0.8225085692770184,0.8021247105167281,0.8792450850101603,2024-04-04,1.0,Ishaan Nair,0.9835578757201877,0,Mumbai,2019-11-23,-1.290763827626493,-0.8775846282275089,0.20813872229078573,Zone_1,0.20357758267005824,1.2530096409104126,0.0,Residential,0,3,4,0,0,0,1,1,0,0,0,0,0,0,0,0,0,low,0,-0.6372262312227012,-0.6811819995195795,1594,0.6798955854234355
T00887,R0101,0.39426166457829737,0.30132224831913434,0.5858834070827652,2024-08-03,0.0,Aarav Singh,0.7217033882027181,0,Delhi,2020-11-01,-0.17052481018266716,0.25072118332562654,-1.7998245867195015,Zone_1,0.20357758267005824,1.2530096409104126,0.0,Residential,0,5,8,1,0,0,0,1,0,0,0,0,0,0,0,0,0,medium,0,-2.312048693418641,-3.435766364174008,1371,-1.4702915256557245
T00888,R0057,0.5777551328734704,0.38959962140951854,0.7717811093011386,2024-06-15,0.0,Aadhya Reddy,0.9835578757201877,1,Bengaluru,2023-06-04,1.0986067348960975,-0.5955081753392251,-0.6392586374750233,Zone_7,0.7081316156560269,-0.0059291052863966335,0.52,Industrial,0,5,6,1,0,0,0,0,0,0,0,0,0,0,1,0,0,high,0,0.5258980438783788,0.7025089914218768,377,-0.5420576412136653
T00889,R0259,0.9010861113077042,0.8013908850120104,0.8357806204925893,2023-04-05,1.0,Aadhya Das,-0.002498701550705167,1,Jaipur,2019-06-25,-0.7235541985410116,0.1566956990295319,-0.8971621817515741,Zone_3,0.3749277083599486,0.6357961349550023,0.2581818181818183,Business,0,2,4,0,0,1,0,0,0,0,1,0,0,0,0,0,0,low,0,-1.2453609047182248,-1.155104375287813,1380,-0.2165638722648505
T00890,R0130,0.540777704539649,0.4875450365128039,0.6393362803726186,2023-03-04,0.0,Diya Ghosh,-0.002498701550705167,0,Pune,2019-02-16,0.45340578181136243,1.802141674211188,-0.7129453644111807,Zone_7,0.7081316156560269,-0.0059291052863966335,0.52,Industrial,0,5,3,1,0,0,0,0,0,0,0,0,0,0,1,0,0,medium,0,1.1927013863370568,1.410075270364796,1477,3.9746773122557166
T00891,R0235,0.5011524376764747,0.3237610941837246,0.6615821700750879,2023-10-22,0.0,Aarav Ghosh,0.32892165692651354,2,Delhi,2021-02-15,0.22652193017716984,-0.736546401783367,0.09760863188654885,Zone_9,0.7054238122589644,0.0957343172440192,0.9163636363636365,Business,0,6,10,1,0,0,0,0,0,0,0,0,0,0,0,0,1,medium,0,2.2123793368902858,2.9206098039057142,979,-3.2515456724533967
T00892,R0058,0.8019933736512977,0.785080817748833,0.8540666282621039,2023-12-12,1.0,Vivaan Reddy,1.9000485820313315,1,Kolkata,2021-05-31,1.6161855214365994,0.06267021473343727,0.5765723569715726,Zone_1,0.20357758267005824,1.2530096409104126,0.0,Residential,0,1,12,0,1,0,0,1,0,0,0,0,0,0,0,0,0,high,0,0.49622606007410563,0.5284459097882147,925,0.03877662180622111
T00893,R0252,0.9514135706456186,0.7992673233029877,0.8690413807725283,2024-01-19,1.0,Reyansh Gupta,-0.002498701550705167,2,Ahmedabad,2021-01-31,0.9922549294425698,1.0969505419904781,1.516078125407578,Zone_8,0.3749277083599486,0.2886135378550845,0.0036363636363636598,Business,0,4,1,0,1,0,0,0,0,0,0,0,0,0,0,1,0,high,0,0.9588398529600703,0.8758247049079811,1083,1.1055128167584156
T00894,R0067,0.6645524927176978,0.6001079617808437,0.837352310592959,2023-09-08,0.0,Saanvi Iyer,0.06706716940904384,1,Pune,2022-07-24,0.680289633445555,-0.6895336596353198,-1.155065726028125,Zone_7,0.7081316156560269,-0.0059291052863966335,0.52,Industrial,0,4,9,0,1,0,0,0,0,0,0,0,0,0,1,0,0,high,0,0.9768669990631031,1.2308761877671242,411,-1.013588368446753
T00895,R0278,0.8273785987658724,0.7426373322818994,0.9386195797835948,2023-09-08,1.0,Aarav Reddy,-1.5040597556957742,0,Mumbai,2021-09-02,0.9213537258068847,1.6140907056189988,0.4844639483013747,Zone_9,0.7054238122589644,0.0957343172440192,0.9163636363636365,Business,0,4,9,1,0,0,0,0,0,0,0,0,0,0,0,0,1,high,0,0.8980032050570885,1.0187396582800914,736,1.7518686476309007
T00896,R0157,0.8936941337752832,0.9632149424620888,0.9658111176646453,2023-08-26,1.0,Kavya Nair,0.5907761444439832,0,Hyderabad,2021-11-23,0.474676142902068,0.1566956990295319,1.1844878541948707,Zone_8,0.3749277083599486,0.2886135378550845,0.0036363636363636598,Business,0,5,8,1,0,0,0,0,0,0,0,0,0,0,0,1,0,medium,0,1.8827449981189894,2.034673813096828,641,0.3301107531369242
T00897,R0201,0.7123863932984057,0.6335892701734458,0.8579047505713144,2023-08-30,1.0,Meera Reddy,0.7217033882027181,0,Delhi,2021-04-06,-0.48958022654325045,-0.40745720674703584,-0.0009730452730406338,Zone_3,0.3749277083599486,0.6357961349550023,0.2581818181818183,Business,0,2,8,0,0,0,1,0,0,0,1,0,0,0,0,0,0,medium,0,-1.4550963349322936,-1.752327206163269,876,0.832258299367898
T00898,R0044,0.6582091788133441,0.5834054707584995,0.8037913949007314,2023-02-12,0.0,Arjun Gupta,0.5907761444439832,0,Hyderabad,2020-08-01,0.1343503654507791,-0.8775846282275089,-1.4682343155067934,Zone_10,0.0,-0.46361542252807086,0.44035034732709155,Industrial,0,6,2,0,1,0,0,0,1,0,0,0,0,0,0,0,0,medium,0,4.899199020448418,5.982800211996522,925,-6.532059851739091
T00899,R0127,0.493465720638716,0.4026404618530053,0.6899793077349623,2023-03-15,0.0,Ishaan Gupta,-0.002498701550705167,1,Chennai,2020-03-17,-1.482197077442843,-1.018622854671651,1.516078125407578,Zone_2,0.3225568228440141,-0.0059291052863966335,1.0,Residential,0,2,3,0,0,1,0,0,0,1,0,0,0,0,0,0,0,low,0,-0.33292854786224957,-0.46551117812575066,1093,0.6872384719777127
T00900,R0276,0.19800662634870228,0.16659201688942166,0.38027558154785124,2023-11-07,0.0,Aadhya Ghosh,-0.7184962931433652,2,Chennai,2022-11-07,-0.39740866181685974,-1.0656355968196982,-0.6945236826771417,Zone_7,0.7081316156560269,-0.0059291052863966335,0.52,Industrial,0,1,11,0,1,0,0,0,0,0,0,0,0,0,1,0,0,medium,0,-0.49824436499059216,-0.9568880049300383,365,2.681460418974918
T00901,R0127,0.8684452314943668,0.7650364187730014,0.9416024546515092,2024-03-02,0.0,Ishaan Gupta,-0.002498701550705167,1,Chennai,2020-03-17,-1.482197077442843,-1.018622854671651,1.516078125407578,Zone_3,0.3749277083599486,0.6357961349550023,0.2581818181818183,Business,0,5,3,0,0,0,1,0,0,0,1,0,0,0,0,0,0,low,0,-0.5859175171176628,-0.6352748018340493,1446,0.6872384719777127
T00902,R0065,0.7424343174814269,0.643965245359611,0.8680674347080302,2023-10-14,0.0,Meera Nair,1.507266850755127,2,Mumbai,2023-06-28,-0.5108505876339561,0.3917594097697685,0.9450059916523579,Zone_1,0.20357758267005824,1.2530096409104126,0.0,Residential,0,5,10,0,0,0,1,1,0,0,0,0,0,0,0,0,0,medium,0,-1.453329673006874,-1.699258953050346,108,-0.7668766939942898
T00903,R0186,0.8922371751251261,0.7603754337889272,0.8668278331137078,2024-02-09,0.0,Ishaan Sharma,-1.765914243213244,2,Hyderabad,2020-12-11,0.857542642534768,-0.2194062381548466,-1.3761259068365972,Zone_7,0.7081316156560269,-0.0059291052863966335,0.52,Industrial,0,4,2,0,0,1,0,0,0,0,0,0,0,0,1,0,0,high,0,1.0404580843791118,1.0108276721394218,1155,-0.25585460975598195
T00904,R0013,0.854229960739208,0.7330600710972295,0.950459501582136,2023-09-01,0.0,Ishaan Gupta,1.507266850755127,0,Kolkata,2019-04-01,-1.7445315308948781,-1.1126483389677455,-0.1787165941240401,Zone_10,0.0,-0.46361542252807086,0.44035034732709155,Industrial,0,4,9,0,1,0,0,0,1,0,0,0,0,0,0,0,0,low,0,-0.48966151978979744,-0.5448221971055958,1614,0.6377920486177738
T00905,R0227,0.6776062696396995,0.3787896022912346,0.7809365872663572,2024-01-24,0.0,Arjun Nair,-0.8494235369021,2,Pune,2020-07-11,0.4817662632656365,-0.03135526956265735,0.20813872229078573,Zone_1,0.20357758267005824,1.2530096409104126,0.0,Residential,0,2,1,0,1,0,0,1,0,0,0,0,0,0,0,0,0,medium,0,1.4065041936447937,1.620986455076378,1292,-0.06508398772076049
T00906,R0165,0.359949927251262,0.31061017686729797,0.622230569671973,2023-08-01,1.0,Meera Reddy,0.7217033882027181,0,Kolkata,2021-12-09,-1.5460081607149596,-0.8775846282275089,-1.3577042251025573,Zone_3,0.3749277083599486,0.6357961349550023,0.2581818181818183,Business,0,1,8,1,0,0,0,0,0,0,1,0,0,0,0,0,0,low,0,-0.2328253733698283,-0.4024756049050991,600,0.5676455341747131
T00907,R0037,0.7786294760327168,0.7539595071829501,0.8795340135442207,2023-05-25,0.0,Aadhya Iyer,0.06706716940904384,2,Ahmedabad,2020-11-21,1.679996604708716,-0.8305718860794616,-1.1919090894962037,Zone_7,0.7081316156560269,-0.0059291052863966335,0.52,Industrial,0,3,5,1,0,0,0,0,0,0,0,0,0,0,1,0,0,high,0,0.46347086288767736,0.5235332089833107,915,-0.49438902659179434
T00908,R0108,0.570016385828187,0.41734329878938975,0.7905785528126987,2024-03-26,0.0,Reyansh Gupta,-1.765914243213244,1,Pune,2019-05-31,-0.48249010617968197,0.3917594097697685,1.6081865340777743,Zone_8,0.3749277083599486,0.2886135378550845,0.0036363636363636598,Business,0,1,3,0,1,0,0,0,0,0,0,0,0,0,0,1,0,medium,0,-1.1814053356275658,-1.6385383714340516,1761,-0.8119532499260723
T00909,R0172,0.7187630988415038,0.5661265200472768,0.7670762877962811,2024-08-14,1.0,Reyansh Reddy,-0.06386007434969102,2,Pune,2021-01-31,-0.5959320319967782,-0.45446994889508313,-0.5287285470707872,Zone_1,0.3749277083599486,-0.0059291052863966335,0.44035034732709155,Business,0,2,8,0,0,1,0,1,0,0,0,0,0,0,0,0,0,low,0,-1.2061158995484063,-1.287187542555907,1291,0.7626204407443903
T00910,R0279,0.540777704539649,0.5060070395056558,0.6792257458869362,2024-05-24,1.0,Diya Singh,-0.8494235369021,2,Pune,2022-04-21,1.431842391983818,2.836422001468229,-0.5103068653367483,Zone_2,0.3225568228440141,-0.0059291052863966335,1.0,Residential,0,4,5,1,0,0,0,0,0,1,0,0,0,0,0,0,0,high,0,0.3776796298022727,0.47437186501083317,764,1.9809596484556975
T00911,R0035,0.4983781500759135,0.3530423168731697,0.5983805124867545,2024-03-25,1.0,Reyansh Das,0.9835578757201877,1,Kolkata,2022-03-20,0.9922549294425698,0.8148740891021943,-0.9524272269536918,Zone_4,0.13112332813653896,1.3108734070937318,0.6290909090909091,Business,0,0,3,0,1,0,0,0,0,0,0,1,0,0,0,0,0,high,0,0.5022682531352028,0.6030511864757512,736,0.8212346090938296
T00912,R0274,0.6848491066012021,0.6520044875103312,0.833154182897548,2023-05-09,0.0,Reyansh Nair,-0.5875690493846304,0,Surat,2019-03-18,-1.5672785218056653,0.0023974683897869183,-1.7814029049854618,Zone_1,0.20357758267005824,1.2530096409104126,0.0,Residential,0,1,5,0,0,1,0,1,0,0,0,0,0,0,0,0,0,low,0,-0.43696707194850465,-0.5315929308708123,1513,-0.0015297015536362927
T00913,R0263,0.8478406945212625,0.887692614228971,0.8866419583594565,2023-12-04,1.0,Ishaan Das,-0.06386007434969102,2,Chennai,2020-12-30,0.3186934949035606,-0.12538075385875197,-0.3076683662623159,Zone_3,0.3749277083599486,0.6357961349550023,0.2581818181818183,Business,0,0,12,0,0,1,0,0,0,0,1,0,0,0,0,0,0,medium,0,2.6603639800612386,2.782115018154864,1069,-0.39342112676850616
T00914,R0077,0.7625877804417139,0.6920888904411971,0.8674727575617496,2023-08-25,0.0,Reyansh Das,-0.4566418056258955,1,Mumbai,2019-09-07,1.091516614532529,2.272269095691661,-0.0009730452730406338,Zone_9,0.7054238122589644,0.0957343172440192,0.9163636363636365,Business,0,4,8,0,0,1,0,0,0,0,0,0,0,0,0,0,1,high,0,0.6986497230445845,0.7947407726205504,1448,2.0817540158697634
T00915,R0090,0.8757665044828775,0.6770159455942307,0.9246890103396614,2023-07-23,0.0,Kavya Iyer,0.19799441316777866,0,Surat,2021-01-31,-0.7093739578138746,0.06267021473343727,0.926584309918319,Zone_9,0.7054238122589644,0.0957343172440192,0.9163636363636365,Business,0,6,7,0,0,1,0,0,0,0,0,0,0,0,0,0,1,low,0,-1.2345625249364751,-1.3035282732810458,903,-0.0883458069514876
T00916,R0239,0.33335867891321436,0.29291540589882675,0.4908740849563041,2023-07-11,1.0,Diya Iyer,0.5907761444439832,1,Mumbai,2020-03-13,0.11308000436007357,-0.6425209174872724,-1.1919090894962037,Zone_5,0.012308197259374737,-0.9072376299335215,0.44035034732709155,Business,0,1,7,1,0,0,0,0,0,0,0,0,1,0,0,0,0,medium,0,2.9479896184980787,4.3409450480143645,1215,-5.6820029422826455
T00917,R0073,0.4218063773749467,0.2697776493235843,0.6334022027541801,2023-02-07,1.0,Meera Das,1.2454123632376575,2,Ahmedabad,2021-06-19,1.6870867250722845,0.29773392547367383,-1.8366679501875802,Zone_2,0.3225568228440141,-0.0059291052863966335,1.0,Residential,0,1,2,0,0,1,0,0,0,1,0,0,0,0,0,0,0,high,0,0.25002056569253966,0.3754414004573722,598,0.17647813894150416
T00918,R0252,0.6945433016979238,0.548921061482607,0.7200117209545662,2023-09-06,0.0,Reyansh Gupta,-0.002498701550705167,2,Ahmedabad,2021-01-31,0.9922549294425698,1.0969505419904781,1.516078125407578,Zone_7,0.7081316156560269,-0.0059291052863966335,0.52,Industrial,0,2,9,0,1,0,0,0,0,0,0,0,0,0,1,0,0,high,0,0.6999645767324182,0.7256317903696939,948,1.1055128167584156
T00919,R0116,0.9693595658572847,0.8888381405010469,0.8571927856434756,2023-12-22,1.0,Ishaan Kumar,0.32892165692651354,0,Bengaluru,2020-02-08,-0.09962360654698198,0.29773392547367383,1.0555360820565947,Zone_7,0.7081316156560269,-0.0059291052863966335,0.52,Industrial,0,4,12,0,0,1,0,0,0,0,0,0,0,0,1,0,0,medium,0,-9.730219567991044,-8.604313930747205,1413,-2.9885881047005065
T00920,R0060,0.8151966962810063,0.5976333503224585,0.9225237714661378,2024-05-04,0.0,Ishaan Gupta,1.1144851194789225,0,Surat,2023-08-01,-0.9149874483573616,-0.7835591439314143,1.0371144003225559,Zone_4,0.13112332813653896,1.3108734070937318,0.6290909090909091,Business,0,5,5,0,1,0,0,0,0,0,0,1,0,0,0,0,0,low,0,-0.8909375726896523,-1.008236531683911,277,0.8563605384293578
T00921,R0252,0.4182652001340284,0.3213608347433404,0.6650542171956368,2024-01-31,0.0,Reyansh Gupta,-0.002498701550705167,2,Ahmedabad,2021-01-31,0.9922549294425698,1.0969505419904781,1.516078125407578,Zone_4,0.13112332813653896,1.3108734070937318,0.6290909090909091,Business,0,2,1,0,0,1,0,0,0,0,0,1,0,0,0,0,0,high,0,0.42152997956785354,0.6702453144468145,1095,1.1055128167584156
T00922,R0147,0.6972069073822544,0.6688258787743109,0.8069472107968658,2023-11-22,1.0,Saanvi Nair,0.45984890068524836,2,Mumbai,2022-08-29,-0.09253348618341346,0.0023974683897869183,-0.1787165941240401,Zone_2,0.3225568228440141,-0.0059291052863966335,1.0,Residential,0,2,11,1,0,0,0,0,0,1,0,0,0,0,0,0,0,medium,0,-7.534644334055449,-8.720596662676158,450,-0.025909197725835408
T00923,R0217,0.7489679433058466,0.642134468865168,0.8941882486332815,2023-01-03,0.0,Kavya Iyer,0.9835578757201877,2,Jaipur,2023-03-03,-1.0496997352651634,-0.8775846282275089,-0.8971621817515741,Zone_4,0.13112332813653896,1.3108734070937318,0.6290909090909091,Business,0,1,1,1,0,0,0,0,0,0,0,1,0,0,0,0,0,low,0,-0.7135068421415298,-0.8518514567476781,-59,0.836033961660306
T00924,R0174,0.5874429387664885,0.5370645864382743,0.6864860951770451,2024-06-01,0.0,Aadhya Patel,0.06706716940904384,1,Kolkata,2019-02-07,0.4817662632656365,-0.7835591439314143,-0.3813550931984733,Zone_3,0.3749277083599486,0.6357961349550023,0.2581818181818183,Business,0,5,6,0,0,1,0,0,0,0,1,0,0,0,0,0,0,medium,0,1.2193525855972691,1.4249360063606822,1941,-1.6264300837922625
T00925,R0281,0.8071765618288647,0.7690343136530967,0.8324531709587286,2024-01-04,1.0,Arjun Iyer,-1.3731325119370394,0,Jaipur,2020-10-15,0.11308000436007357,-0.3134317224509412,1.3502829898012243,Zone_2,0.3225568228440141,-0.0059291052863966335,1.0,Residential,0,3,1,0,0,1,0,0,0,1,0,0,0,0,0,0,0,medium,0,7.138101615725296,7.361630163260343,1176,-2.7717696353539236
T00926,R0187,0.6816852038877494,0.480848301687019,0.795743940319134,2024-03-19,0.0,Saanvi Reddy,-0.002498701550705167,2,Surat,2022-08-05,0.7441007167176716,0.6738358626580523,1.295017944599106,Zone_1,0.20357758267005824,1.2530096409104126,0.0,Residential,0,1,3,0,0,0,1,1,0,0,0,0,0,0,0,0,0,high,0,0.9161195367406103,1.0694035396569266,592,0.9055707749220199
T00927,R0269,0.6517402466026725,0.5020226098296204,0.8331448233958658,2023-05-01,0.0,Aadhya Sharma,1.2454123632376575,1,Mumbai,2019-05-19,0.0017782793317680683,-0.36044446459898855,-1.0998006808260066,Zone_9,0.7054238122589644,0.0957343172440192,0.9163636363636365,Business,0,0,5,0,0,1,0,0,0,0,0,0,0,0,0,0,1,medium,0,366.50049008592737,468.5117846854268,1443,-202.6928268016329
T00928,R0276,0.884639846623034,0.9328804966520798,0.9425480407284421,2023-04-27,1.0,Aadhya Ghosh,-0.7184962931433652,2,Chennai,2022-11-07,-0.39740866181685974,-1.0656355968196982,-0.6945236826771417,Zone_1,0.3749277083599486,-0.0059291052863966335,0.44035034732709155,Business,0,3,4,0,0,1,0,1,0,0,0,0,0,0,0,0,0,medium,0,-2.22602054665509,-2.3717350206191585,171,2.681460418974918
T00929,R0013,0.13669598205972414,0.12316836318359384,0.3852375850757312,2023-09-02,0.0,Ishaan Gupta,1.507266850755127,0,Kolkata,2019-04-01,-1.7445315308948781,-1.1126483389677455,-0.1787165941240401,Zone_5,0.012308197259374737,-0.9072376299335215,0.44035034732709155,Business,0,5,9,1,0,0,0,0,0,0,0,0,1,0,0,0,0,low,0,-0.07835684230344883,-0.22082580810569757,1615,0.6377920486177738
T00930,R0113,0.46155199185058315,0.3998284673515878,0.6741730062591811,2023-09-08,0.0,Aadhya Singh,-0.7184962931433652,2,Chennai,2019-03-09,1.212048660713194,0.10968295688148458,1.1108011272587133,Zone_5,0.012308197259374737,-0.9072376299335215,0.44035034732709155,Business,0,4,9,0,0,1,0,0,0,0,0,0,1,0,0,0,0,high,0,0.38080318621778486,0.5562260230232704,1644,0.0904938559289731
T00931,R0061,0.5133531653419947,0.40782646706407655,0.7483263355126242,2023-05-19,1.0,Meera Reddy,-0.8494235369021,1,Mumbai,2020-08-20,-0.5959320319967782,0.06267021473343727,-0.5839935922729057,Zone_3,0.3749277083599486,0.6357961349550023,0.2581818181818183,Business,0,4,5,0,0,1,0,0,0,0,1,0,0,0,0,0,0,low,0,-0.8614290519372015,-1.2557243029968053,1002,-0.1051633598607703
T00932,R0247,0.5032178000984057,0.32941254874296316,0.671472323734494,2023-06-08,0.0,Aadhya Das,0.7217033882027181,1,Bengaluru,2021-05-11,-0.02163228254772828,1.0969505419904781,1.6818732610139318,Zone_1,0.20357758267005824,1.2530096409104126,0.0,Residential,0,3,6,0,0,1,0,1,0,0,0,0,0,0,0,0,0,medium,0,-23.26235333641439,-31.040290004209883,758,-50.708959610259654
T00933,R0255,0.5419989037246601,0.3812524129368024,0.7257168948679373,2024-05-04,1.0,Reyansh Sharma,0.7217033882027181,0,Bengaluru,2021-07-06,1.5807349196187568,0.8618868312502416,-1.634029451113147,Zone_9,0.7054238122589644,0.0957343172440192,0.9163636363636365,Business,0,5,5,0,1,0,0,0,0,0,0,0,0,0,0,0,1,high,0,0.3428777950039719,0.4591009446688041,1033,0.5452443800369212
T00934,R0216,0.7896647255543533,0.5778668077862894,0.8798761596492792,2023-03-20,0.0,Ishaan Gupta,1.638194094513862,1,Chennai,2019-08-01,0.5881180687191643,0.015657472585389957,-1.1182223625600463,Zone_3,0.3749277083599486,0.6357961349550023,0.2581818181818183,Business,0,0,3,0,0,1,0,0,0,0,1,0,0,0,0,0,0,high,0,1.342697610488534,1.4960876164976902,1327,0.026623008912971605
T00935,R0113,0.8705028637213736,0.9158814385226745,0.9372472497497106,2024-06-14,1.0,Aadhya Singh,-0.7184962931433652,2,Chennai,2019-03-09,1.212048660713194,0.10968295688148458,1.1108011272587133,Zone_5,0.012308197259374737,-0.9072376299335215,0.44035034732709155,Business,0,4,6,0,0,0,1,0,0,0,0,0,1,0,0,0,0,high,0,0.7182078508375663,0.7732752653661739,1924,0.0904938559289731
T00936,R0213,0.8456828638392886,0.724665241691048,0.8501632959513519,2023-12-23,0.0,Kavya Ghosh,-0.3257145618671607,1,Chennai,2019-06-04,1.4460226327109549,0.10968295688148458,-0.49188518360270855,Zone_10,0.0,-0.46361542252807086,0.44035034732709155,Industrial,0,5,12,1,0,0,0,0,1,0,0,0,0,0,0,0,0,high,0,0.5848337672653371,0.5879322195375976,1663,0.07585148005315424
T00937,R0033,0.4381218249080077,0.3185014625668018,0.5763451216789464,2024-06-15,1.0,Diya Iyer,-1.765914243213244,0,Chennai,2019-05-22,1.5594645585280513,0.626823120510005,-1.412969270304675,Zone_9,0.7054238122589644,0.0957343172440192,0.9163636363636365,Business,0,5,6,1,0,0,0,0,0,0,0,0,0,0,0,0,1,high,0,0.2809437524643346,0.3695788522587185,1851,0.4019476538162889
T00938,R0011,0.6910864397936267,0.5953113553029442,0.8731628355160075,2023-03-05,1.0,Vivaan Nair,-0.7184962931433652,1,Chennai,2021-01-31,-0.3123272174540375,0.48578489406586306,-0.012921458517686406,Zone_1,0.3749277083599486,-0.0059291052863966335,0.44035034732709155,Business,0,6,3,1,0,0,0,1,0,0,0,0,0,0,0,0,0,medium,0,-2.2127000183559984,-2.795666809424008,763,-1.5553716324365865
T00939,R0017,0.7844839409963131,0.6746649609521311,0.8523565696353328,2023-09-08,1.0,Meera Das,2.2928303133075363,0,Mumbai,2023-03-18,0.0017782793317680683,-0.12538075385875197,-0.3260900479963549,Zone_8,0.3749277083599486,0.2886135378550845,0.0036363636363636598,Business,0,4,9,0,1,0,0,0,0,0,0,0,0,0,0,1,0,medium,0,441.1477583875047,479.3153440004673,174,-70.50678238164707
T00940,R0222,0.7521863969411163,0.6687580360446476,0.8512844706446834,2023-05-05,0.0,Aarav Singh,-0.5875690493846304,1,Surat,2022-08-28,1.5807349196187568,-0.5484954331911778,-1.0445356356238888,Zone_4,0.13112332813653896,1.3108734070937318,0.6290909090909091,Business,0,4,5,0,1,0,0,0,0,0,0,1,0,0,0,0,0,high,0,0.4758460053014641,0.5385371450198602,250,-0.34698761087878316
T00941,R0280,0.8895140332128973,0.9600310569385075,0.8489493996453152,2024-05-11,0.0,Saanvi Gupta,-0.7184962931433652,2,Chennai,2023-05-31,-0.5675715505425042,-0.03135526956265735,0.7792108560460042,Zone_8,0.3749277083599486,0.2886135378550845,0.0036363636363636598,Business,0,5,5,0,0,0,1,0,0,0,0,0,0,0,0,1,0,low,0,-1.5672280126843383,-1.4957574931898199,346,0.05524461106742739
T00942,R0201,0.5574725256531283,0.43209507968873906,0.7643023816995862,2024-03-31,1.0,Meera Reddy,0.7217033882027181,0,Delhi,2021-04-06,-0.48958022654325045,-0.40745720674703584,-0.0009730452730406338,Zone_1,0.20357758267005824,1.2530096409104126,0.0,Residential,0,6,3,1,0,0,0,1,0,0,0,0,0,0,0,0,0,medium,0,-1.1386745122229323,-1.5611381756490654,1090,0.832258299367898
T00943,R0046,0.7384504827228059,0.6056675589592863,0.7515698742078847,2024-01-14,0.0,Vivaan Singh,-0.06386007434969102,0,Kolkata,2019-08-16,-1.5672785218056653,-0.9245973703755562,-0.25240332106019747,Zone_4,0.13112332813653896,1.3108734070937318,0.6290909090909091,Business,0,6,1,0,0,0,1,0,0,0,0,1,0,0,0,0,0,low,0,-0.4711673595016381,-0.4795381699878074,1612,0.5899381364011327
T00944,R0218,0.630599342086082,0.5771431069159031,0.7065390369036981,2024-06-18,1.0,Arjun Reddy,0.32892165692651354,2,Delhi,2019-01-11,-0.6526529949053264,-0.36044446459898855,-0.25240332106019747,Zone_2,0.3225568228440141,-0.0059291052863966335,1.0,Residential,0,1,6,1,0,0,0,0,0,1,0,0,0,0,0,0,0,low,0,-0.9662092214524451,-1.0825646130777173,1985,0.552275814885787
T00945,R0295,0.7541023578677947,0.6460715738058616,0.7969289237637036,2023-04-05,0.0,Kavya Gupta,-1.765914243213244,0,Delhi,2019-05-29,-1.0922404574465745,-0.2664189803028939,-0.7682104096132991,Zone_2,0.3225568228440141,-0.0059291052863966335,1.0,Residential,0,2,4,1,0,0,0,0,0,1,0,0,0,0,0,0,0,low,0,-0.6904178953696014,-0.7296277283362619,1407,0.2439197142776827
T00946,R0005,0.4697134020972956,0.32071037877878866,0.6218376961939878,2023-05-17,0.0,Diya Reddy,-0.5875690493846304,1,Ahmedabad,2021-05-31,0.297423133812855,0.29773392547367383,-0.8787405000175352,Zone_3,0.3749277083599486,0.6357961349550023,0.2581818181818183,Business,0,2,5,1,0,0,0,0,0,0,1,0,0,0,0,0,0,medium,0,1.579276622082966,2.0907509386450798,716,1.0010449478385712
T00947,R0246,0.47454410604479,0.43085308591766164,0.7145991895230499,2023-12-09,0.0,Vivaan Das,-0.3257145618671607,2,Mumbai,2021-03-31,-0.08544336581984495,0.48578489406586306,1.4423913984714205,Zone_9,0.7054238122589644,0.0957343172440192,0.9163636363636365,Business,0,5,12,0,0,1,0,0,0,0,0,0,0,0,0,0,1,medium,0,-5.553902301149437,-8.363425090600517,983,-5.685460648754492
T00948,R0272,0.5413888747863116,0.4487267087868922,0.7777504180681145,2024-02-13,1.0,Kavya Ghosh,-1.3731325119370394,1,Kolkata,2020-01-15,1.2758597439853105,-0.9245973703755562,1.4423913984714205,Zone_2,0.3225568228440141,-0.0059291052863966335,1.0,Residential,0,1,2,0,1,0,0,0,0,1,0,0,0,0,0,0,0,high,0,0.42433259403201673,0.6095892763562804,1490,-0.7246857460111238
T00949,R0194,0.5885018388883329,0.5430526624699383,0.7098696841633421,2023-11-30,0.0,Arjun Iyer,-0.19478731810842584,2,Jaipur,2023-02-10,-1.7161710494406042,-1.018622854671651,0.09760863188654885,Zone_1,0.3749277083599486,-0.0059291052863966335,0.44035034732709155,Business,0,3,11,1,0,0,0,1,0,0,0,0,0,0,0,0,0,low,0,-0.34291560802179855,-0.41363574125943225,293,0.5935438982050635
T00950,R0209,0.9140232732128101,0.8612463963653312,0.8563448123502153,2024-01-20,1.0,Vivaan Sharma,-0.06386007434969102,2,Surat,2020-06-11,-1.014249133447321,-0.1723934960067993,-0.43662013840059094,Zone_3,0.3749277083599486,0.6357961349550023,0.2581818181818183,Business,0,5,1,0,1,0,0,0,0,0,1,0,0,0,0,0,0,low,0,-0.9011822076752936,-0.8443140685164736,1318,0.1699715487267441
T00951,R0004,0.8755470416586648,0.733770297480163,0.9593707731412981,2024-06-01,1.0,Aarav Nair,-1.6349869994545092,2,Kolkata,2019-07-28,1.5027435956195032,-0.8775846282275089,-1.505077678974872,Zone_6,1.0,-2.392407628638726,0.24363636363636365,Mixed,0,5,6,0,1,0,0,0,0,0,0,0,0,1,0,0,0,high,0,0.5826323560525455,0.638412817687504,1770,-0.5839882670507914
T00952,R0231,0.6703638094037111,0.4556526003634876,0.7106275213722959,2023-12-21,1.0,Ishaan Nair,-1.6349869994545092,2,Mumbai,2019-08-26,0.5384872261741847,-0.07836801171070466,1.4792347619394985,Zone_3,0.3749277083599486,0.6357961349550023,0.2581818181818183,Business,0,3,12,0,0,1,0,0,0,0,1,0,0,0,0,0,0,high,0,1.2449019713363976,1.3196738693712837,1578,-0.14553365038478172
T00953,R0149,0.7411117634419105,0.6013416645956372,0.8473930907873339,2024-03-18,1.0,Diya Reddy,-0.19478731810842584,1,Jaipur,2019-09-14,-1.156051540718691,-0.736546401783367,1.0371144003225559,Zone_4,0.13112332813653896,1.3108734070937318,0.6290909090909091,Business,0,0,3,1,0,0,0,0,0,0,0,1,0,0,0,0,0,low,0,-0.641071558955908,-0.7330063244935678,1647,0.6371224602369137
T00954,R0179,0.0031870535870354632,0.005298679590841737,0.19418982479170716,2023-06-19,1.0,Meera Patel,-0.4566418056258955,1,Kolkata,2022-04-11,0.15562072654148468,-0.45446994889508313,1.16606617246083,Zone_7,0.7081316156560269,-0.0059291052863966335,0.52,Industrial,0,0,6,1,0,0,0,0,0,0,0,0,0,0,1,0,0,medium,0,0.020479621563685945,1.2478403687438184,434,-2.920369021500054
T00955,R0184,0.6768811408146422,0.6311364581591704,0.8162790585111437,2023-07-10,1.0,Meera Nair,-0.3257145618671607,0,Surat,2020-03-04,0.2336120505407384,0.1566956990295319,-0.06818650371980403,Zone_2,0.3225568228440141,-0.0059291052863966335,1.0,Residential,0,0,7,0,0,0,1,0,0,1,0,0,0,0,0,0,0,medium,0,2.8974581544397022,3.4941650339599972,1223,0.6707517812836737
T00956,R0083,0.7391178382185486,0.6597054577949865,0.7132310183741335,2023-04-21,0.0,Kavya Patel,1.7691213382725968,0,Mumbai,2021-12-31,0.0017782793317680683,0.7208486048060996,0.7239458108438874,Zone_6,1.0,-2.392407628638726,0.24363636363636365,Mixed,0,4,4,1,0,0,0,0,0,0,0,0,0,1,0,0,0,medium,0,415.63652290985965,401.0792936928519,476,405.3629775303018
T00957,R0077,0.8722372828336021,0.7596031029850904,0.9486176154769679,2024-08-20,1.0,Reyansh Das,-0.4566418056258955,1,Mumbai,2019-09-07,1.091516614532529,2.272269095691661,-0.0009730452730406338,Zone_2,0.3225568228440141,-0.0059291052863966335,1.0,Residential,0,1,8,0,0,0,1,0,0,1,0,0,0,0,0,0,0,high,0,0.7991058232376618,0.869082158573682,1809,2.0817540158697634
T00958,R0217,0.7656754253713091,0.7227771093042294,0.8747642382576153,2023-12-21,1.0,Kavya Iyer,0.9835578757201877,2,Jaipur,2023-03-03,-1.0496997352651634,-0.8775846282275089,-0.8971621817515741,Zone_1,0.3749277083599486,-0.0059291052863966335,0.44035034732709155,Business,0,3,12,0,0,0,1,1,0,0,0,0,0,0,0,0,0,low,0,-0.7294232813899802,-0.8333471076246791,293,0.836033961660306
T00959,R0246,0.7815698235308924,0.757496838512595,0.86942183958439,2023-08-09,1.0,Vivaan Das,-0.3257145618671607,2,Mumbai,2021-03-31,-0.08544336581984495,0.48578489406586306,1.4423913984714205,Zone_9,0.7054238122589644,0.0957343172440192,0.9163636363636365,Business,0,2,8,0,1,0,0,0,0,0,0,0,0,0,0,0,1,medium,0,-9.147226540429266,-10.17541656092461,861,-5.685460648754492
T00960,R0097,0.8181411138468854,0.7123985067787797,0.9134653117687932,2024-03-20,0.0,Aarav Iyer,-1.1112780244195697,2,Bengaluru,2021-01-25,1.6020052807094625,-0.8775846282275089,-1.3392825433685185,Zone_5,0.012308197259374737,-0.9072376299335215,0.44035034732709155,Business,0,2,3,0,0,1,0,0,0,0,0,0,1,0,0,0,0,high,0,0.5106981379515579,0.5702011864556756,1150,-0.5478038298593265
T00961,R0248,0.7569553926102337,0.6017702192408142,0.7715646864989658,2023-11-12,1.0,Vivaan Ghosh,-1.765914243213244,0,Chennai,2021-10-24,-1.0496997352651634,-0.5484954331911778,-0.6576803192090631,Zone_8,0.3749277083599486,0.2886135378550845,0.0036363636363636598,Business,0,6,11,1,0,0,0,0,0,0,0,0,0,0,0,1,0,low,0,-0.7211161127129561,-0.7350337059045383,749,0.5225260279337148
T00962,R0238,0.2232122141744201,0.21026433411299505,0.3599450219912297,2023-03-04,1.0,Reyansh Patel,-0.19478731810842584,1,Pune,2019-04-22,0.0017782793317680683,1.520065221322904,1.6634515792798927,Zone_3,0.3749277083599486,0.6357961349550023,0.2581818181818183,Business,0,5,3,1,0,0,0,0,0,0,1,0,0,0,0,0,0,medium,0,125.52145784233436,202.41196957136734,1412,854.7955285582536
T00963,R0243,0.6254474440270303,0.45167697808528773,0.7682007796892649,2024-05-09,1.0,Ishaan Patel,0.19799441316777866,1,Jaipur,2023-02-06,0.44631566144779394,-0.5955081753392251,-0.5655719105388659,Zone_3,0.3749277083599486,0.6357961349550023,0.2581818181818183,Business,0,3,5,0,0,0,1,0,0,0,1,0,0,0,0,0,0,medium,0,1.401356703455475,1.7212050708624353,458,-1.334275775596735
T00964,R0137,0.9027063026093494,0.7361624888178461,0.9751887148206522,2024-02-05,0.0,Arjun Gupta,-0.5875690493846304,1,Bengaluru,2021-08-10,-0.6101122727239153,0.3917594097697685,-1.5971860876450683,Zone_1,0.20357758267005824,1.2530096409104126,0.0,Residential,0,0,2,0,0,0,1,1,0,0,0,0,0,0,0,0,0,low,0,-1.479574076717249,-1.598375837395979,909,-0.6421103578538327
T00965,R0050,0.8344256911863608,0.8537543413644247,0.7948717459837671,2023-07-17,1.0,Diya Das,-0.002498701550705167,1,Ahmedabad,2022-10-06,0.5526674669013217,0.0023974683897869183,-1.0813789990919676,Zone_3,0.3749277083599486,0.6357961349550023,0.2581818181818183,Business,0,0,7,0,0,0,1,0,0,0,1,0,0,0,0,0,0,high,0,1.5098151079251907,1.43824595002928,284,0.004337994424077406
T00966,R0157,0.7905202574310973,0.761489702289715,0.782147898030632,2023-02-21,1.0,Kavya Nair,0.5907761444439832,0,Hyderabad,2021-11-23,0.474676142902068,0.1566956990295319,1.1844878541948707,Zone_10,0.0,-0.46361542252807086,0.44035034732709155,Industrial,0,1,2,0,0,1,0,0,1,0,0,0,0,0,0,0,0,medium,0,1.6653886428713822,1.6477505973836135,455,0.3301107531369242
T00967,R0102,0.7230628468583358,0.7039077483084238,0.7694530053384232,2024-04-03,1.0,Aarav Nair,-1.765914243213244,0,Chennai,2023-05-13,-0.9149874483573616,-0.07836801171070466,0.17129535882270622,Zone_1,0.20357758267005824,1.2530096409104126,0.0,Residential,0,2,4,0,1,0,0,1,0,0,0,0,0,0,0,0,0,low,0,-0.7902434597943612,-0.8409437820374365,326,0.08564927513639171
T00968,R0155,0.8133428665706353,0.7648232057649921,0.8390683473296521,2023-08-24,1.0,Meera Reddy,-1.1112780244195697,1,Hyderabad,2019-02-10,0.7157402352633976,-0.736546401783367,-1.5971860876450683,Zone_9,0.7054238122589644,0.0957343172440192,0.9163636363636365,Business,0,3,8,1,0,0,0,0,0,0,0,0,0,0,0,0,1,high,0,1.1363659977440268,1.1723084800742951,1656,-1.0290694381772636
T00969,R0050,0.46849448127426485,0.39896562102806493,0.7256518695823013,2024-07-23,1.0,Diya Das,-0.002498701550705167,1,Ahmedabad,2022-10-06,0.5526674669013217,0.0023974683897869183,-1.0813789990919676,Zone_10,0.0,-0.46361542252807086,0.44035034732709155,Industrial,0,1,7,0,0,0,1,0,1,0,0,0,0,0,0,0,0,high,0,0.847696868970784,1.3129990691343982,656,0.004337994424077406
T00970,R0138,0.024666082498211814,0.04238220971730702,0.10088256838813739,2023-07-22,0.0,Ishaan Das,1.9000485820313315,1,Kolkata,2022-07-28,-1.6949006883498985,-1.1126483389677455,-0.8787405000175352,Zone_5,0.012308197259374737,-0.9072376299335215,0.44035034732709155,Business,0,5,7,0,1,0,0,0,0,0,0,0,1,0,0,0,0,low,0,-0.014553113741564368,-0.05952122686689888,359,0.6564681615953467
T00971,R0089,0.6333755945032048,0.5659563322782333,0.8180996857758691,2023-02-13,1.0,Saanvi Reddy,2.161903069548801,2,Surat,2022-09-21,0.3966848189028143,-0.8305718860794616,-0.1787165941240401,Zone_1,0.20357758267005824,1.2530096409104126,0.0,Residential,0,0,2,0,0,0,1,1,0,0,0,0,0,0,0,0,0,medium,0,1.5966721294125916,2.062341805866534,145,-2.0937828888353485
T00972,R0184,0.7967266175415925,0.6775426530598858,0.8603739696845778,2023-08-08,1.0,Meera Nair,-0.3257145618671607,0,Surat,2020-03-04,0.2336120505407384,0.1566956990295319,-0.06818650371980403,Zone_9,0.7054238122589644,0.0957343172440192,0.9163636363636365,Business,0,1,8,0,0,1,0,0,0,0,0,0,0,0,0,0,1,medium,0,3.4104688336814006,3.6829177591356386,1252,0.6707517812836737
T00973,R0172,0.7303340303875283,0.5584772893118717,0.7575746932975245,2023-09-08,1.0,Reyansh Reddy,-0.06386007434969102,2,Pune,2021-01-31,-0.5959320319967782,-0.45446994889508313,-0.5287285470707872,Zone_1,0.20357758267005824,1.2530096409104126,0.0,Residential,0,4,9,0,0,1,0,1,0,0,0,0,0,0,0,0,0,low,0,-1.225532428489222,-1.2712434516384918,950,0.7626204407443903
T00974,R0277,0.8335780379859641,0.8545984263723777,0.8112714971753627,2024-02-03,0.0,Kavya Gupta,1.3763396069963922,0,Jaipur,2021-01-22,1.282949864348879,-0.36044446459898855,-1.7445595415173831,Zone_6,1.0,-2.392407628638726,0.24363636363636365,Mixed,0,5,2,0,0,0,1,0,0,0,0,0,0,1,0,0,0,high,0,0.6497354738090412,0.632348558364826,1107,-0.2809497663277129
T00975,R0246,0.7696462224809494,0.615135821317246,0.7808892225151403,2023-01-14,1.0,Vivaan Das,-0.3257145618671607,2,Mumbai,2021-03-31,-0.08544336581984495,0.48578489406586306,1.4423913984714205,Zone_6,1.0,-2.392407628638726,0.24363636363636365,Mixed,0,5,1,0,0,1,0,0,0,0,0,0,0,1,0,0,0,medium,0,-9.00767678211235,-9.139261018364191,654,-5.685460648754492
T00976,R0130,0.7191885433143426,0.6155972367639585,0.81734553611832,2024-06-16,1.0,Diya Ghosh,-0.002498701550705167,0,Pune,2019-02-16,0.45340578181136243,1.802141674211188,-0.7129453644111807,Zone_5,0.012308197259374737,-0.9072376299335215,0.44035034732709155,Business,0,6,6,0,0,0,1,0,0,0,0,0,1,0,0,0,0,medium,0,1.5861918223476867,1.8026800030052839,1947,3.9746773122557166
T00977,R0201,0.891819704906579,0.7637135818110663,0.9627903672967413,2023-05-15,1.0,Meera Reddy,0.7217033882027181,0,Delhi,2021-04-06,-0.48958022654325045,-0.40745720674703584,-0.0009730452730406338,Zone_1,0.20357758267005824,1.2530096409104126,0.0,Residential,0,0,5,0,0,1,0,1,0,0,0,0,0,0,0,0,0,medium,0,-1.8216007439748876,-1.966563016841299,769,0.832258299367898
T00978,R0085,0.8706811772637673,0.8855826080631417,0.8264058711776896,2024-04-15,0.0,Aadhya Ghosh,-0.3257145618671607,0,Surat,2022-09-17,-1.1206009389008487,-0.5484954331911778,1.7371383062160501,Zone_5,0.012308197259374737,-0.9072376299335215,0.44035034732709155,Business,0,0,4,0,0,1,0,0,0,0,0,0,1,0,0,0,0,low,0,-0.7769770192391438,-0.7374666953146382,576,0.4894654413989465
T00979,R0169,0.693011432998392,0.5559209667607592,0.8556161488812268,2023-03-24,1.0,Reyansh Kumar,0.06706716940904384,1,Delhi,2023-02-21,1.7367175676172641,2.6953837750240868,0.3370904944290615,Zone_8,0.3749277083599486,0.2886135378550845,0.0036363636363636598,Business,0,4,3,0,0,0,1,0,0,0,0,0,0,0,0,1,0,high,0,0.3990351948527747,0.4926628053029441,31,1.5519989117874187
T00980,R0196,0.40089960795160107,0.31433439481112924,0.5389558664610561,2023-07-29,0.0,Vivaan Das,-1.765914243213244,1,Hyderabad,2019-06-24,0.0017782793317680683,-0.6895336596353198,1.7002949427479706,Zone_6,1.0,-2.392407628638726,0.24363636363636365,Mixed,0,5,7,0,1,0,0,0,0,0,0,0,0,1,0,0,0,medium,0,225.44242672662875,303.0771695047453,1496,-387.75328898961305
T00981,R0190,0.4819519155722833,0.3337792015274833,0.7274205537333356,2023-01-10,0.0,Saanvi Iyer,0.45984890068524836,2,Surat,2021-01-31,0.15562072654148468,1.0969505419904781,0.20813872229078573,Zone_6,1.0,-2.392407628638726,0.24363636363636365,Mixed,0,1,1,1,0,0,0,0,0,0,0,0,0,1,0,0,0,medium,0,3.0969648213524223,4.674316653697302,709,7.048871743302509
T00982,R0073,0.6804907952388222,0.4793262303195047,0.8436883733341676,2023-04-20,1.0,Meera Das,1.2454123632376575,2,Ahmedabad,2021-06-19,1.6870867250722845,0.29773392547367383,-1.8366679501875802,Zone_7,0.7081316156560269,-0.0059291052863966335,0.52,Industrial,0,3,4,0,1,0,0,0,0,0,0,0,0,0,1,0,0,high,0,0.40335258711117294,0.5000859533750519,670,0.17647813894150416
T00983,R0077,0.6370409390051971,0.5652750995156385,0.7643926671010393,2023-09-16,1.0,Reyansh Das,-0.4566418056258955,1,Mumbai,2019-09-07,1.091516614532529,2.272269095691661,-0.0009730452730406338,Zone_4,0.13112332813653896,1.3108734070937318,0.6290909090909091,Business,0,5,9,0,0,1,0,0,0,0,0,1,0,0,0,0,0,high,0,0.5836291729540248,0.7003032816210596,1470,2.0817540158697634
T00984,R0283,0.9245836239317936,0.8454627830084178,0.8657249839981302,2024-06-26,1.0,Diya Nair,-1.6349869994545092,1,Surat,2023-06-15,-0.04999276400200235,1.0029250576943836,-0.8418971365494565,Zone_5,0.012308197259374737,-0.9072376299335215,0.44035034732709155,Business,0,2,6,0,0,1,0,0,0,0,0,0,1,0,0,0,0,medium,0,-18.494348980079625,-17.317005796347956,377,-20.061404439534762
T00985,R0209,0.10344658843822525,0.08628419468613538,0.361703650446058,2024-01-12,0.0,Vivaan Sharma,-0.06386007434969102,2,Surat,2020-06-11,-1.014249133447321,-0.1723934960067993,-0.43662013840059094,Zone_2,0.3225568228440141,-0.0059291052863966335,1.0,Residential,0,4,1,0,0,0,1,0,0,1,0,0,0,0,0,0,0,low,0,-0.10199327268500759,-0.3566220946294203,1310,0.1699715487267441
T00986,R0120,0.6994728383280007,0.49653542810770535,0.7970728842881873,2023-02-25,1.0,Ishaan Gupta,-1.765914243213244,1,Surat,2020-07-12,0.41795517999351983,-0.40745720674703584,1.0002710368544763,Zone_10,0.0,-0.46361542252807086,0.44035034732709155,Industrial,0,5,2,0,0,0,1,0,1,0,0,0,0,0,0,0,0,medium,0,1.673559443237061,1.9070774150963878,958,-0.9748825382505206
T00987,R0133,0.4182652001340284,0.2936414326238811,0.670552802133765,2024-02-27,1.0,Diya Kumar,-0.8494235369021,0,Delhi,2019-07-13,-0.688103596723169,0.0023974683897869183,0.7239458108438874,Zone_4,0.13112332813653896,1.3108734070937318,0.6290909090909091,Business,0,1,2,0,0,1,0,0,0,0,0,1,0,0,0,0,0,low,0,-0.607852076527222,-0.9744939647562039,1690,-0.0034841677927625247
T00988,R0289,0.7317008541454033,0.7051990824631479,0.8500146755845195,2023-06-03,1.0,Aarav Gupta,-1.3731325119370394,2,Chennai,2021-09-30,0.49594650399277357,-0.45446994889508313,0.30024713096098204,Zone_2,0.3225568228440141,-0.0059291052863966335,1.0,Residential,0,5,6,0,0,1,0,0,0,1,0,0,0,0,0,0,0,medium,0,1.475362459972225,1.7139241203258992,611,-0.9163688930887296
T00989,R0256,0.7741687275906862,0.6394801306430287,0.8393508361278943,2023-09-15,0.0,Aadhya Sharma,-0.06386007434969102,0,Delhi,2021-03-25,0.09180964326936801,-0.736546401783367,-0.6576803192090631,Zone_2,0.3225568228440141,-0.0059291052863966335,1.0,Residential,0,4,9,1,0,0,0,0,0,1,0,0,0,0,0,0,0,medium,0,8.432324753939929,9.142294929360007,904,-8.022538543389738
T00990,R0237,0.628267637671467,0.5321565648673497,0.6756234024551973,2023-02-04,0.0,Aadhya Nair,1.1144851194789225,1,Chennai,2022-12-13,-1.5318279199878226,-0.9716101125236036,-0.547150228804827,Zone_4,0.13112332813653896,1.3108734070937318,0.6290909090909091,Business,0,5,2,0,1,0,0,0,0,0,0,1,0,0,0,0,0,low,0,-0.41014243798119404,-0.441056984038108,53,0.6342815011044631
T00991,R0070,0.7956069235523016,0.7808688087260018,0.8154651841685399,2024-02-25,0.0,Meera Reddy,0.19799441316777866,1,Bengaluru,2023-01-03,0.41086505962995135,-0.8305718860794616,-0.8603188182834954,Zone_5,0.012308197259374737,-0.9072376299335215,0.44035034732709155,Business,0,6,2,0,1,0,0,0,0,0,0,0,1,0,0,0,0,medium,0,1.9364190380872757,1.9847518426195565,418,-2.021519880097671
T00992,R0050,0.6732311542215667,0.6333341882893649,0.8202797810679241,2024-06-14,1.0,Diya Das,-0.002498701550705167,1,Ahmedabad,2022-10-06,0.5526674669013217,0.0023974683897869183,-1.0813789990919676,Zone_2,0.3225568228440141,-0.0059291052863966335,1.0,Residential,0,4,6,0,0,1,0,0,0,1,0,0,0,0,0,0,0,high,0,1.2181486961702623,1.48421940894593,617,0.004337994424077406
T00993,R0280,0.6768811408146422,0.48676163777584003,0.8449174700042985,2023-09-10,1.0,Saanvi Gupta,-0.7184962931433652,2,Chennai,2023-05-31,-0.5675715505425042,-0.03135526956265735,0.7792108560460042,Zone_3,0.3749277083599486,0.6357961349550023,0.2581818181818183,Business,0,6,9,0,0,1,0,0,0,0,1,0,0,0,0,0,0,low,0,-1.1925917360862366,-1.488653667007618,102,0.05524461106742739
T00994,R0161,0.6249750355548906,0.5161207041693566,0.8049918460498322,2024-03-17,0.0,Aarav Nair,-0.002498701550705167,2,Surat,2019-03-27,0.5668477076284587,1.23798876843462,1.6634515792798927,Zone_5,0.012308197259374737,-0.9072376299335215,0.44035034732709155,Business,0,6,3,1,0,0,0,0,0,0,0,0,1,0,0,0,0,high,0,1.1025448760648981,1.4201201402360888,1817,2.18398831251173
T00995,R0233,0.8120122317305952,0.7961539086100422,0.8591588499086009,2023-01-19,0.0,Ishaan Iyer,-0.19478731810842584,2,Hyderabad,2023-11-23,1.5381941974373456,0.8148740891021943,-0.0009730452730406338,Zone_5,0.012308197259374737,-0.9072376299335215,0.44035034732709155,Business,0,3,1,0,1,0,0,0,0,0,0,0,1,0,0,0,0,high,0,0.5278996846324213,0.5585503126588127,-308,0.5297602152314621
T00996,R0035,0.7354303958664965,0.7254281547065504,0.7768962279959306,2023-04-16,0.0,Reyansh Das,0.9835578757201877,1,Kolkata,2022-03-20,0.9922549294425698,0.8148740891021943,-0.9524272269536918,Zone_3,0.3749277083599486,0.6357961349550023,0.2581818181818183,Business,0,6,4,1,0,0,0,0,0,0,1,0,0,0,0,0,0,high,0,0.7411708161325513,0.7829603108471089,392,0.8212346090938296
T00997,R0041,0.916550340394143,0.8300620212286304,0.9492738060831709,2023-08-09,1.0,Aarav Nair,-0.8494235369021,2,Pune,2021-01-31,0.7157402352633976,-0.736546401783367,1.3502829898012243,Zone_7,0.7081316156560269,-0.0059291052863966335,0.52,Industrial,0,2,8,0,0,1,0,0,0,0,0,0,0,0,1,0,0,high,0,1.280562828854865,1.3262825803468088,920,-1.0290694381772636
T00998,R0084,0.8857056563826885,0.7977530341593281,0.8786279396777079,2023-03-23,1.0,Kavya Sharma,0.8526306319614528,1,Jaipur,2019-07-21,0.8079117999897883,-0.8305718860794616,1.2213312176629485,Zone_5,0.012308197259374737,-0.9072376299335215,0.44035034732709155,Business,0,3,3,0,0,0,1,0,0,0,0,0,1,0,0,0,0,high,0,1.0962900361077577,1.0875295294471665,1341,-1.0280477226473976
T00999,R0277,0.7989545573048848,0.7883603601730598,0.9240721188294605,2024-02-07,1.0,Kavya Gupta,1.3763396069963922,0,Jaipur,2021-01-22,1.282949864348879,-0.36044446459898855,-1.7445595415173831,Zone_10,0.0,-0.46361542252807086,0.44035034732709155,Industrial,0,2,2,0,0,0,1,0,1,0,0,0,0,0,0,0,0,high,0,0.6227480741894533,0.7202714186329053,1111,-0.2809497663277129
T01000,R0253,0.4475337536143819,0.3725676354471326,0.5980201534004301,2024-08-02,0.0,Ishaan Gupta,-0.7184962931433652,1,Surat,2021-08-19,-0.5604814301789357,0.015657472585389957,-1.5603427241769898,Zone_7,0.7081316156560269,-0.0059291052863966335,0.52,Industrial,0,4,8,0,1,0,0,0,0,0,0,0,0,0,1,0,0,low,0,-0.7984809656789257,-1.0669758553990094,1079,-0.027935756195153965
T01001,R0135,0.1429582262523937,0.1544271074854125,0.43260069091863534,2024-06-30,1.0,Reyansh Patel,0.8526306319614528,0,Ahmedabad,2022-02-24,-0.702283837450306,-0.736546401783367,-0.9892705904217705,Zone_1,0.20357758267005824,1.2530096409104126,0.0,Residential,0,6,6,0,1,0,0,1,0,0,0,0,0,0,0,0,0,low,0,-0.2035618914019355,-0.6159912386553342,857,1.0487873456656127
T01002,R0248,0.8539955363290371,0.7692039965452926,0.9467194739123732,2024-06-13,0.0,Vivaan Ghosh,-1.765914243213244,0,Chennai,2021-10-24,-1.0496997352651634,-0.5484954331911778,-0.6576803192090631,Zone_6,1.0,-2.392407628638726,0.24363636363636365,Mixed,0,3,6,1,0,0,0,0,0,0,0,0,0,1,0,0,0,low,0,-0.8135617335497474,-0.9018955060260385,963,0.5225260279337148
T01003,R0190,0.6109692812663053,0.5517170808611631,0.7155666386427832,2023-09-03,1.0,Saanvi Iyer,0.45984890068524836,2,Surat,2021-01-31,0.15562072654148468,1.0969505419904781,0.20813872229078573,Zone_5,0.012308197259374737,-0.9072376299335215,0.44035034732709155,Business,0,6,9,1,0,0,0,0,0,0,0,0,1,0,0,0,0,medium,0,3.92601483648411,4.598144826499256,945,7.048871743302509
T01004,R0225,0.7512241859315797,0.5891682601087237,0.8274364986698828,2023-07-07,0.0,Ishaan Sharma,0.9835578757201877,0,Delhi,2020-06-15,1.5098337159830717,-0.6895336596353198,0.13445199535462835,Zone_7,0.7081316156560269,-0.0059291052863966335,0.52,Industrial,0,4,7,0,0,0,1,0,0,0,0,0,0,0,1,0,0,high,0,0.49755425248431956,0.5480315414278111,1117,-0.4566950998218739
T01005,R0025,0.5705752745899254,0.42740201642320796,0.685724458124539,2023-10-16,0.0,Meera Das,-1.3731325119370394,0,Mumbai,2021-10-22,-1.4892871978064115,-0.9716101125236036,0.005500223216352529,Zone_8,0.3749277083599486,0.2886135378550845,0.0036363636363636598,Business,0,0,10,0,1,0,0,0,0,0,0,0,0,0,0,1,0,low,0,-0.38311970681701446,-0.4604380264159596,724,0.6523994256814263
T01006,R0272,0.7939201535315089,0.7863277538919158,0.8900175077840036,2023-05-26,0.0,Kavya Ghosh,-1.3731325119370394,1,Kolkata,2020-01-15,1.2758597439853105,-0.9245973703755562,1.4423913984714205,Zone_5,0.012308197259374737,-0.9072376299335215,0.44035034732709155,Business,0,4,5,1,0,0,0,0,0,0,0,0,1,0,0,0,0,high,0,0.6222628758954319,0.6975825610767532,1227,-0.7246857460111238
T01007,R0016,0.8506958072469882,0.6438647812377968,0.878853100042132,2023-03-14,0.0,Aarav Iyer,-0.4566418056258955,0,Delhi,2022-01-24,0.7370105963541032,1.2850015105826673,-1.7445595415173831,Zone_10,0.0,-0.46361542252807086,0.44035034732709155,Industrial,0,1,3,1,0,0,0,0,1,0,0,0,0,0,0,0,0,high,0,1.1542517997098973,1.1924565323615501,414,1.7435319341938975
T01008,R0237,0.34692479719155445,0.31656941754542756,0.5224402388050251,2024-03-13,1.0,Aadhya Nair,1.1144851194789225,1,Chennai,2022-12-13,-1.5318279199878226,-0.9716101125236036,-0.547150228804827,Zone_6,1.0,-2.392407628638726,0.24363636363636365,Mixed,0,2,3,1,0,0,0,0,0,0,0,0,0,1,0,0,0,low,0,-0.2264776563116256,-0.341056741418565,456,0.6342815011044631
T01009,R0148,0.5146810956322206,0.4519570258473927,0.6765453611655754,2024-06-10,0.0,Aarav Kumar,1.638194094513862,1,Ahmedabad,2019-09-30,1.1340573367139402,0.48578489406586306,-1.1919090894962037,Zone_9,0.7054238122589644,0.0957343172440192,0.9163636363636365,Business,0,0,6,0,0,0,1,0,0,0,0,0,0,0,0,0,1,high,0,0.4538404531851692,0.5965706840942825,1715,0.42836008228074246
T01010,R0130,0.08422513866808275,0.09978111967167808,0.3099259884746589,2023-10-28,1.0,Diya Ghosh,-0.002498701550705167,0,Pune,2019-02-16,0.45340578181136243,1.802141674211188,-0.7129453644111807,Zone_2,0.3225568228440141,-0.0059291052863966335,1.0,Residential,0,5,10,0,0,0,1,0,0,1,0,0,0,0,0,0,0,medium,0,0.18576106006324433,0.683551028477185,1715,3.9746773122557166
T01011,R0099,0.7512241859315797,0.6341501085651052,0.851568904003543,2024-02-28,0.0,Diya Gupta,0.45984890068524836,2,Mumbai,2021-08-21,-1.219862623990808,-0.736546401783367,-0.5655719105388659,Zone_6,1.0,-2.392407628638726,0.24363636363636365,Mixed,0,2,2,0,0,1,0,0,0,0,0,0,0,1,0,0,0,low,0,-0.6158268735818243,-0.6980859051305435,921,0.6037945480891438
T01012,R0159,0.08669058736360552,0.10949361506524616,0.2957012769776437,2024-06-16,0.0,Ishaan Singh,1.507266850755127,0,Bengaluru,2020-05-21,-1.2269527443543764,-1.018622854671651,1.6450298975458537,Zone_4,0.13112332813653896,1.3108734070937318,0.6290909090909091,Business,0,6,6,1,0,0,0,0,0,0,0,1,0,0,0,0,0,low,0,-0.07065519659375487,-0.24100461760916633,1487,0.8302054495241796
T01013,R0117,0.6370409390051971,0.46165943018052613,0.8312745731008764,2023-06-05,1.0,Aadhya Gupta,-1.3731325119370394,0,Ahmedabad,2021-06-12,0.8291821610804939,0.626823120510005,-1.5603427241769898,Zone_1,0.20357758267005824,1.2530096409104126,0.0,Residential,0,0,6,0,0,1,0,1,0,0,0,0,0,0,0,0,0,high,0,0.7682762231342258,1.0025234648290744,723,0.7559534562263157
T01014,R0028,0.79420188740111,0.7971793422100333,0.8439634777338811,2023-09-08,1.0,Ishaan Gupta,-1.5040597556957742,0,Surat,2023-11-11,-0.02163228254772828,-0.12538075385875197,-0.39977677493251224,Zone_9,0.7054238122589644,0.0957343172440192,0.9163636363636365,Business,0,4,9,0,0,1,0,0,0,0,0,0,0,0,0,0,1,medium,0,-36.71373493059859,-39.01407426016217,-64,5.796002043802765
T01015,R0177,0.9603404849730808,0.8832448613650644,0.9928674463409168,2023-05-17,0.0,Ishaan Reddy,0.32892165692651354,2,Bengaluru,2023-02-15,1.679996604708716,1.8491544163592353,0.8713192647162021,Zone_9,0.7054238122589644,0.0957343172440192,0.9163636363636365,Business,0,2,5,0,0,0,1,0,0,0,0,0,0,0,0,0,1,high,0,0.5716323963283176,0.5909937219861607,91,1.100689377095407
T01016,R0036,0.7720660142976776,0.6984872534924811,0.8989285480602747,2023-08-13,1.0,Aadhya Das,-0.19478731810842584,0,Surat,2022-03-16,-0.5321209487246615,-0.40745720674703584,1.6450298975458537,Zone_6,1.0,-2.392407628638726,0.24363636363636365,Mixed,0,6,8,1,0,0,0,0,0,0,0,0,0,1,0,0,0,medium,0,-1.450922043471685,-1.689331251127669,515,0.7657229201811951
T01017,R0250,0.8837846880154234,0.913618281607488,0.9221661185368608,2023-02-12,0.0,Ishaan Gupta,0.32892165692651354,0,Jaipur,2021-02-01,0.0017782793317680683,0.3447466676217211,1.147644490726791,Zone_10,0.0,-0.46361542252807086,0.44035034732709155,Industrial,0,6,2,0,0,1,0,0,1,0,0,0,0,0,0,0,0,medium,0,496.98867451645714,518.5721399685784,741,193.86530645832454
T01018,R0226,0.7553734505281517,0.5521237231319038,0.8330160792503694,2023-09-06,0.0,Aarav Iyer,-0.002498701550705167,2,Surat,2021-07-30,0.09889976363293652,-1.018622854671651,-1.394547588570636,Zone_4,0.13112332813653896,1.3108734070937318,0.6290909090909091,Business,0,2,9,0,1,0,0,0,0,0,0,1,0,0,0,0,0,medium,0,7.637768006521203,8.422831851672399,768,-10.299547918559632
T01019,R0102,0.763207648562345,0.541457970453517,0.7978482228923853,2024-01-07,0.0,Aarav Nair,-1.765914243213244,0,Chennai,2023-05-13,-0.9149874483573616,-0.07836801171070466,0.17129535882270622,Zone_4,0.13112332813653896,1.3108734070937318,0.6290909090909091,Business,0,6,1,0,0,0,1,0,0,0,0,1,0,0,0,0,0,low,0,-0.834118161874788,-0.8719772323923445,239,0.08564927513639171
T01020,R0107,0.6707749742176575,0.5416235505216045,0.8310970939439886,2023-01-29,0.0,Reyansh Gupta,-0.002498701550705167,1,Hyderabad,2020-01-11,-0.5179407079975246,-0.45446994889508313,-0.6392586374750233,Zone_8,0.3749277083599486,0.2886135378550845,0.0036363636363636598,Business,0,6,1,1,0,0,0,0,0,0,0,0,0,0,0,1,0,medium,0,-1.2950806218940092,-1.6046182142299592,1114,0.8774555501770971
T01021,R0011,0.6329145211711154,0.5346158523382422,0.8000264668229762,2023-11-10,1.0,Vivaan Nair,-0.7184962931433652,1,Chennai,2021-01-31,-0.3123272174540375,0.48578489406586306,-0.012921458517686406,Zone_6,1.0,-2.392407628638726,0.24363636363636365,Mixed,0,4,11,0,0,1,0,0,0,0,0,0,0,1,0,0,0,medium,0,-2.0264468986416655,-2.5615009583361372,1013,-1.5553716324365865
T01022,R0278,0.8753274312964077,0.7386354772087573,0.9201822488276121,2023-12-09,0.0,Aarav Reddy,-1.5040597556957742,0,Mumbai,2021-09-02,0.9213537258068847,1.6140907056189988,0.4844639483013747,Zone_7,0.7081316156560269,-0.0059291052863966335,0.52,Industrial,0,5,12,0,0,1,0,0,0,0,0,0,0,0,1,0,0,high,0,0.9500449249606399,0.9987285263558829,828,1.7518686476309007
T01023,R0241,0.7729688349595341,0.6603433611644485,0.9201964489906633,2024-01-17,1.0,Kavya Gupta,0.32892165692651354,0,Chennai,2020-01-13,-0.6172023930874838,-0.9716101125236036,-1.3392825433685185,Zone_1,0.3749277083599486,-0.0059291052863966335,0.44035034732709155,Business,0,2,1,1,0,0,0,1,0,0,0,0,0,0,0,0,0,low,0,-1.2523749804222997,-1.4909152318536658,1465,1.5742163727901897
T01024,R0095,0.7672083723493388,0.6382655543711856,0.8337987776379632,2023-06-27,0.0,Kavya Iyer,-0.3257145618671607,0,Chennai,2020-10-07,1.623275641800168,2.5073328064318976,0.4660422665673357,Zone_8,0.3749277083599486,0.2886135378550845,0.0036363636363636598,Business,0,1,6,0,1,0,0,0,0,0,0,0,0,0,0,1,0,high,0,0.4726297571363332,0.5136519985683413,993,1.5446130908804463
T01025,R0126,0.5766607586454138,0.4050475363451616,0.6634507934201483,2024-06-14,0.0,Ishaan Gupta,-0.3257145618671607,0,Surat,2022-09-25,1.1269672163503717,-0.1723934960067993,-0.6576803192090631,Zone_4,0.13112332813653896,1.3108734070937318,0.6290909090909091,Business,0,4,6,0,1,0,0,0,0,0,0,1,0,0,0,0,0,high,0,0.5116925765710395,0.58870460807964,628,-0.15297117210302463
T01026,R0252,0.6415655321341756,0.5365160257634245,0.691515512037137,2023-01-01,1.0,Reyansh Gupta,-0.002498701550705167,2,Ahmedabad,2021-01-31,0.9922549294425698,1.0969505419904781,1.516078125407578,Zone_2,0.3225568228440141,-0.0059291052863966335,1.0,Residential,0,6,1,0,0,1,0,0,0,1,0,0,0,0,0,0,0,high,0,0.6465732878692727,0.6969131535840467,700,1.1055128167584156
T01027,R0240,0.9611861245898998,0.9149409068181303,0.9600194093058276,2023-05-26,0.0,Aarav Iyer,-0.19478731810842584,1,Surat,2020-05-18,-0.5533913098153671,-1.018622854671651,0.11603031362058941,Zone_8,0.3749277083599486,0.2886135378550845,0.0036363636363636598,Business,0,4,5,1,0,0,0,0,0,0,0,0,0,0,0,1,0,medium,0,-1.736901370768885,-1.7347930700721113,1103,1.8406918153657006
T01028,R0190,0.6987192730536871,0.5258700944624618,0.7384387295525752,2023-12-30,1.0,Saanvi Iyer,0.45984890068524836,2,Surat,2021-01-31,0.15562072654148468,1.0969505419904781,0.20813872229078573,Zone_5,0.012308197259374737,-0.9072376299335215,0.44035034732709155,Business,0,5,12,0,1,0,0,0,0,0,0,0,1,0,0,0,0,medium,0,4.489885689278193,4.745118121240267,1063,7.048871743302509
T01029,R0234,0.8916107695610782,0.8348991122732735,0.951791240566582,2024-05-19,0.0,Saanvi Nair,0.06706716940904384,2,Surat,2022-12-01,-0.48958022654325045,0.3447466676217211,-0.049764821985765095,Zone_2,0.3225568228440141,-0.0059291052863966335,1.0,Residential,0,6,5,0,0,0,1,0,0,1,0,0,0,0,0,0,0,medium,0,-1.8211739797099662,-1.9440965728678157,535,-0.7041678747033007
T01030,R0099,0.5999286777063515,0.49222103185722166,0.7719806459332175,2023-09-08,1.0,Diya Gupta,0.45984890068524836,2,Mumbai,2021-08-21,-1.219862623990808,-0.736546401783367,-0.5655719105388659,Zone_2,0.3225568228440141,-0.0059291052863966335,1.0,Residential,0,4,9,1,0,0,0,0,0,1,0,0,0,0,0,0,0,low,0,-0.49180019611033854,-0.6328422813772796,748,0.6037945480891438
T01031,R0068,0.8316752926832759,0.8126133937541496,0.824399975599454,2023-12-15,1.0,Meera Singh,-0.19478731810842584,0,Ahmedabad,2022-08-31,0.0017782793317680683,2.1782436113955663,1.773981669684128,Zone_1,0.20357758267005824,1.2530096409104126,0.0,Residential,0,4,12,0,1,0,0,1,0,0,0,0,0,0,0,0,0,medium,0,467.68540680072806,463.59419517055727,471,1224.9164529342138
T01032,R0221,0.7600964783647085,0.7665698803921324,0.7443994149460702,2023-12-04,0.0,Diya Patel,-1.3731325119370394,0,Surat,2021-01-13,-1.0355194945380264,-1.0656355968196982,-0.0009730452730406338,Zone_7,0.7081316156560269,-0.0059291052863966335,0.52,Industrial,0,0,12,1,0,0,0,0,0,0,0,0,0,0,1,0,0,low,0,-0.734024306035695,-0.7188656697169832,1055,1.0290830857753261
T01033,R0236,0.628267637671467,0.5285382980252503,0.6443160077488848,2023-07-04,0.0,Arjun Gupta,-0.4566418056258955,1,Ahmedabad,2020-08-10,0.0017782793317680683,-1.0656355968196982,-1.1919090894962037,Zone_2,0.3225568228440141,-0.0059291052863966335,1.0,Residential,0,1,7,0,1,0,0,0,0,1,0,0,0,0,0,0,0,medium,0,353.30087149289807,362.3255335865983,1058,-599.2509600615903
T01034,R0123,0.8117454531109873,0.6097000711610636,0.7932171667074241,2023-04-19,0.0,Meera Ghosh,0.06706716940904384,1,Bengaluru,2023-06-24,-0.6810134763596005,0.10968295688148458,-1.2840174981663999,Zone_10,0.0,-0.46361542252807086,0.44035034732709155,Industrial,0,2,4,0,0,0,1,0,1,0,0,0,0,0,0,0,0,low,0,-1.1919667984402051,-1.1647598678187918,-66,-0.1610584234952318
T01035,R0205,0.07417294857492505,0.07849659384774606,0.2527401668698739,2024-05-08,0.0,Ishaan Gupta,-0.06386007434969102,2,Surat,2019-05-12,-1.0780602167194375,-0.45446994889508313,1.2029095359289095,Zone_5,0.012308197259374737,-0.9072376299335215,0.44035034732709155,Business,0,2,5,0,1,0,0,0,0,0,0,0,1,0,0,0,0,low,0,-0.06880223147519075,-0.23443974923679878,1823,0.4215626751147963
T01036,R0037,0.8017182827705744,0.705816282806304,0.8983339593564608,2024-07-28,0.0,Aadhya Iyer,0.06706716940904384,2,Ahmedabad,2020-11-21,1.679996604708716,-0.8305718860794616,-1.1919090894962037,Zone_3,0.3749277083599486,0.6357961349550023,0.2581818181818183,Business,0,6,7,0,1,0,0,0,0,0,1,0,0,0,0,0,0,high,0,0.4772142280070734,0.534723675535176,1345,-0.49438902659179434
T01037,R0106,0.829660357064172,0.786120062535321,0.8555955789666523,2023-06-18,1.0,Aarav Patel,0.06706716940904384,2,Bengaluru,2021-11-25,-1.7445315308948781,-1.0656355968196982,0.042343586684432034,Zone_6,1.0,-2.392407628638726,0.24363636363636365,Mixed,0,6,6,1,0,0,0,0,0,0,0,0,0,1,0,0,0,low,0,-0.4755777366996559,-0.49044431918508485,570,0.6108434143767341
T01038,R0017,0.7575860306469291,0.6650360630025665,0.8892899711860325,2024-06-20,0.0,Meera Das,2.2928303133075363,0,Mumbai,2023-03-18,0.0017782793317680683,-0.12538075385875197,-0.3260900479963549,Zone_8,0.3749277083599486,0.2886135378550845,0.0036363636363636598,Business,0,3,6,0,1,0,0,0,0,0,0,0,0,0,0,1,0,medium,0,426.02195117101945,500.0845228864291,460,-70.50678238164707
T01039,R0177,0.8567045714840446,0.8619693436471336,0.8051979872255797,2024-08-14,0.0,Ishaan Reddy,0.32892165692651354,2,Bengaluru,2023-02-15,1.679996604708716,1.8491544163592353,0.8713192647162021,Zone_3,0.3749277083599486,0.6357961349550023,0.2581818181818183,Business,0,2,8,1,0,0,0,0,0,0,1,0,0,0,0,0,0,high,0,0.509944227912641,0.47928548484488626,546,1.100689377095407
T01040,R0028,0.6987192730536871,0.5790340642444758,0.7208605545781328,2023-09-08,1.0,Ishaan Gupta,-1.5040597556957742,0,Surat,2023-11-11,-0.02163228254772828,-0.12538075385875197,-0.39977677493251224,Zone_6,1.0,-2.392407628638726,0.24363636363636365,Mixed,0,4,9,1,0,0,0,0,0,0,0,0,0,1,0,0,0,medium,0,-32.29984036645561,-33.32336996743944,-64,5.796002043802765
T01041,R0269,0.6828752613115558,0.6467722393560187,0.8596619930521954,2024-02-02,1.0,Aadhya Sharma,1.2454123632376575,1,Mumbai,2019-05-19,0.0017782793317680683,-0.36044446459898855,-1.0998006808260066,Zone_1,0.20357758267005824,1.2530096409104126,0.0,Residential,0,4,2,0,0,1,0,1,0,0,0,0,0,0,0,0,0,medium,0,384.0089962877776,483.423485666602,1720,-202.6928268016329
T01042,R0090,0.7702528529274318,0.545818181897464,0.8469072588452466,2024-08-19,0.0,Kavya Iyer,0.19799441316777866,0,Surat,2021-01-31,-0.7093739578138746,0.06267021473343727,0.926584309918319,Zone_7,0.7081316156560269,-0.0059291052863966335,0.52,Industrial,0,0,8,0,0,0,1,0,0,0,0,0,0,0,1,0,0,low,0,-1.0858205949668238,-1.1938798281448302,1296,-0.0883458069514876
T01043,R0026,0.8398579772388003,0.8673162951419435,0.8516320484248969,2024-07-02,0.0,Ishaan Gupta,-0.7184962931433652,0,Surat,2020-04-17,-1.4751069570792745,-0.8775846282275089,-1.5419210424429508,Zone_10,0.0,-0.46361542252807086,0.44035034732709155,Industrial,0,1,7,0,1,0,0,0,1,0,0,0,0,0,0,0,0,low,0,-0.5693539530867151,-0.5773357954403091,1537,0.5949294890216874
T01044,R0077,0.8011674050657378,0.7457891200362096,0.7689295190059777,2023-08-16,1.0,Reyansh Das,-0.4566418056258955,1,Mumbai,2019-09-07,1.091516614532529,2.272269095691661,-0.0009730452730406338,Zone_9,0.7054238122589644,0.0957343172440192,0.9163636363636365,Business,0,2,8,0,0,0,1,0,0,0,0,0,0,0,0,0,1,high,0,0.7339946954530409,0.7044597478118024,1439,2.0817540158697634
T01045,R0124,0.6674710734727743,0.5095869280580354,0.746662428411079,2023-09-08,1.0,Aadhya Das,0.7217033882027181,2,Hyderabad,2022-06-09,1.1836881792589198,0.06267021473343727,-0.7682104096132991,Zone_10,0.0,-0.46361542252807086,0.44035034732709155,Industrial,0,4,9,0,1,0,0,0,1,0,0,0,0,0,0,0,0,high,0,0.5638909682199097,0.630793178046728,456,0.05294486827829409
T01046,R0121,0.4480216855968877,0.31907902627633256,0.5569188164962213,2023-12-02,0.0,Diya Iyer,-0.3257145618671607,1,Pune,2023-07-13,0.8929932443526105,-0.6425209174872724,0.30024713096098204,Zone_9,0.7054238122589644,0.0957343172440192,0.9163636363636365,Business,0,5,12,0,0,0,1,0,0,0,0,0,0,0,0,0,1,high,0,0.5017078107031908,0.6236540086033555,142,-0.7195137494607565
T01047,R0117,0.8138736065761784,0.7807851833003688,0.7704114601887606,2023-09-08,1.0,Aadhya Gupta,-1.3731325119370394,0,Ahmedabad,2021-06-12,0.8291821610804939,0.626823120510005,-1.5603427241769898,Zone_6,1.0,-2.392407628638726,0.24363636363636365,Mixed,0,4,9,0,0,0,1,0,0,0,0,0,0,1,0,0,0,high,0,0.9815377667021113,0.9291220872200746,818,0.7559534562263157
T01048,R0231,0.5225372754961567,0.48551884988757155,0.626877241749199,2023-02-07,1.0,Ishaan Nair,-1.6349869994545092,2,Mumbai,2019-08-26,0.5384872261741847,-0.07836801171070466,1.4792347619394985,Zone_7,0.7081316156560269,-0.0059291052863966335,0.52,Industrial,0,1,2,0,1,0,0,0,0,0,0,0,0,0,1,0,0,high,0,0.9703800760672666,1.1641450554045694,1261,-0.14553365038478172
T01049,R0270,0.5133531653419947,0.4553746587020495,0.7376715148243054,2023-11-25,0.0,Aadhya Reddy,0.45984890068524836,1,Hyderabad,2022-01-02,1.4389325123473864,1.8961671585072826,-1.7077161780493044,Zone_9,0.7054238122589644,0.0957343172440192,0.9163636363636365,Business,0,5,11,0,1,0,0,0,0,0,0,0,0,0,0,0,1,high,0,0.35675972357073354,0.5126519197352163,692,1.3177596184924556
T01050,R0032,0.5352250994418795,0.41674021311075526,0.7032667910568977,2023-07-22,1.0,Kavya Reddy,-1.765914243213244,0,Mumbai,2023-09-20,-0.2768766156361949,0.015657472585389957,-0.012921458517686406,Zone_4,0.13112332813653896,1.3108734070937318,0.6290909090909091,Business,0,5,7,0,0,1,0,0,0,0,0,1,0,0,0,0,0,medium,0,-1.9330816299240827,-2.540000676622553,-60,-0.05655036106755677
T01051,R0135,0.7216593198805882,0.5941200492132727,0.8395764979502167,2023-01-18,1.0,Reyansh Patel,0.8526306319614528,0,Ahmedabad,2022-02-24,-0.702283837450306,-0.736546401783367,-0.9892705904217705,Zone_8,0.3749277083599486,0.2886135378550845,0.0036363636363636598,Business,0,2,1,0,0,1,0,0,0,0,0,0,0,0,0,1,0,low,0,-1.0275892472488422,-1.195494546760982,328,1.0487873456656127
T01052,R0246,0.5205908721118877,0.4391915216476494,0.7108542314194275,2023-12-24,0.0,Vivaan Das,-0.3257145618671607,2,Mumbai,2021-03-31,-0.08544336581984495,0.48578489406586306,1.4423913984714205,Zone_10,0.0,-0.46361542252807086,0.44035034732709155,Industrial,0,6,12,0,0,1,0,0,1,0,0,0,0,0,0,0,0,medium,0,-6.092817939891783,-8.319595378747657,998,-5.685460648754492
T01053,R0105,0.3855240452794654,0.30544806451058515,0.49286396690913986,2024-07-07,1.0,Diya Das,-0.06386007434969102,0,Jaipur,2020-09-28,0.666109392718418,-0.6895336596353198,-0.5839935922729057,Zone_5,0.012308197259374737,-0.9072376299335215,0.44035034732709155,Business,0,6,7,0,0,0,1,0,0,0,0,0,1,0,0,0,0,high,0,0.5787698679733774,0.7399144529365411,1378,-1.0351657958481961
T01054,R0231,0.5626624558463214,0.5040501206189465,0.7630824265108747,2023-07-04,1.0,Ishaan Nair,-1.6349869994545092,2,Mumbai,2019-08-26,0.5384872261741847,-0.07836801171070466,1.4792347619394985,Zone_7,0.7081316156560269,-0.0059291052863966335,0.52,Industrial,0,1,7,0,0,0,1,0,0,0,0,0,0,0,1,0,0,high,0,1.044894713369332,1.4170854746776111,1408,-0.14553365038478172
T01055,R0119,0.6760735497938,0.4558609535445858,0.7436580518176916,2023-08-10,1.0,Saanvi Iyer,2.0309758257900663,1,Hyderabad,2023-05-05,-1.5743686421692338,-1.0656355968196982,0.7055241291098469,Zone_6,1.0,-2.392407628638726,0.24363636363636365,Mixed,0,3,8,1,0,0,0,0,0,0,0,0,0,1,0,0,0,low,0,-0.4294251877770357,-0.47235319092296396,97,0.6768653594061801
T01056,R0266,0.7847739280562387,0.6775905162797464,0.8553588502827594,2024-02-26,1.0,Diya Reddy,-0.3257145618671607,1,Chennai,2020-09-25,-1.0922404574465745,-0.5014826910431305,-0.19713827585807986,Zone_7,0.7081316156560269,-0.0059291052863966335,0.52,Industrial,0,0,2,0,0,0,1,0,0,0,0,0,0,0,1,0,0,low,0,-0.7184992303717379,-0.783123207395564,1249,0.45913213306114864
T01057,R0282,0.7234127884039098,0.6142855413314565,0.8288452317760144,2024-02-09,0.0,Reyansh Kumar,-1.2422052681783047,1,Bengaluru,2022-05-02,0.474676142902068,-0.9716101125236036,-0.0009730452730406338,Zone_3,0.3749277083599486,0.6357961349550023,0.2581818181818183,Business,0,4,2,0,0,1,0,0,0,0,1,0,0,0,0,0,0,medium,0,1.5240133704237153,1.746127847733473,648,-2.046890552753269
T01058,R0192,0.4119742414508069,0.28852514052614936,0.5684588118212757,2023-06-09,0.0,Aadhya Nair,-0.06386007434969102,1,Delhi,2021-01-31,1.3963917901659753,0.3447466676217211,-0.2155599575921188,Zone_2,0.3225568228440141,-0.0059291052863966335,1.0,Residential,0,4,6,0,0,1,0,0,0,1,0,0,0,0,0,0,0,high,0,0.29502768804007334,0.407091201641703,859,0.2468839118430684
T01059,R0164,0.7502591323447695,0.7250243548474242,0.8469504987911405,2024-06-12,1.0,Aadhya Ghosh,0.7217033882027181,2,Ahmedabad,2022-07-06,-0.02163228254772828,-0.03135526956265735,0.023921904950391464,Zone_8,0.3749277083599486,0.2886135378550845,0.0036363636363636598,Business,0,2,6,1,0,0,0,0,0,0,0,0,0,0,0,1,0,medium,0,-34.68238410299232,-39.152155900445344,707,1.449466531951809
T01060,R0285,0.765060226693152,0.7489717633580106,0.7512706834030212,2023-12-07,0.0,Diya Iyer,-0.3257145618671607,0,Chennai,2019-01-10,-0.05708288436557087,-0.36044446459898855,1.773981669684128,Zone_5,0.012308197259374737,-0.9072376299335215,0.44035034732709155,Business,0,3,12,1,0,0,0,0,0,0,0,0,1,0,0,0,0,medium,0,-13.40262033350565,-13.16104979194332,1792,6.314405247825704
T01061,R0172,0.6163527355609287,0.5421672654556225,0.7875957534920233,2023-07-10,1.0,Reyansh Reddy,-0.06386007434969102,2,Pune,2021-01-31,-0.5959320319967782,-0.45446994889508313,-0.5287285470707872,Zone_9,0.7054238122589644,0.0957343172440192,0.9163636363636365,Business,0,0,7,0,1,0,0,0,0,0,0,0,0,0,0,0,1,low,0,-1.0342668332422529,-1.3216201029722148,890,0.7626204407443903
T01062,R0127,0.5205908721118877,0.3381861736744402,0.7648226167158312,2023-02-03,0.0,Ishaan Gupta,-0.002498701550705167,1,Chennai,2020-03-17,-1.482197077442843,-1.018622854671651,1.516078125407578,Zone_1,0.3749277083599486,-0.0059291052863966335,0.44035034732709155,Business,0,4,2,0,0,0,1,1,0,0,0,0,0,0,0,0,0,low,0,-0.3512291853995798,-0.5160060213013911,1053,0.6872384719777127
T01063,R0226,0.5205908721118877,0.4245928869066601,0.6350506726477056,2024-08-09,1.0,Aarav Iyer,-0.002498701550705167,2,Surat,2021-07-30,0.09889976363293652,-1.018622854671651,-1.394547588570636,Zone_5,0.012308197259374737,-0.9072376299335215,0.44035034732709155,Business,0,4,8,1,0,0,0,0,0,0,0,0,1,0,0,0,0,medium,0,5.263823218466375,6.421154604622484,1106,-10.299547918559632
T01064,R0183,0.5968516967005629,0.3914412992726868,0.7385192928735662,2023-01-17,1.0,Arjun Patel,1.507266850755127,2,Jaipur,2022-08-27,1.091516614532529,1.9901926428033772,-0.39977677493251224,Zone_2,0.3225568228440141,-0.0059291052863966335,1.0,Residential,0,1,1,0,0,1,0,0,0,1,0,0,0,0,0,0,0,high,0,0.54680953890581,0.6765992226237039,143,1.8233278507223913
T01065,R0092,0.9732894827458084,0.8973372072515625,0.9751309645271609,2024-01-18,1.0,Aarav Nair,-1.3731325119370394,1,Surat,2019-07-18,-0.00036192145702272454,-0.03135526956265735,0.926584309918319,Zone_4,0.13112332813653896,1.3108734070937318,0.6290909090909091,Business,0,3,1,0,0,0,1,0,0,0,0,1,0,0,0,0,0,medium,0,-2689.228460651055,-2694.3165308541898,1645,86.63556402705518
T01066,R0250,0.4884782893870335,0.3210931434148687,0.6842186246958659,2024-03-02,0.0,Ishaan Gupta,0.32892165692651354,0,Jaipur,2021-02-01,0.0017782793317680683,0.3447466676217211,1.147644490726791,Zone_1,0.20357758267005824,1.2530096409104126,0.0,Residential,0,5,3,0,1,0,0,1,0,0,0,0,0,0,0,0,0,medium,0,274.6915406711499,384.7644250667729,1125,193.86530645832454
T01067,R0029,0.7563235347699996,0.7154498750565067,0.8212720369630873,2023-09-09,0.0,Kavya Iyer,-0.19478731810842584,1,Surat,2022-07-24,-1.7587117716220153,-1.1126483389677455,-0.0009730452730406338,Zone_9,0.7054238122589644,0.0957343172440192,0.9163636363636365,Business,0,5,9,0,0,0,1,0,0,0,0,0,0,0,0,0,1,low,0,-0.430044050977416,-0.4669736395780469,412,0.6326496228211278
T01068,R0116,0.5462375040807096,0.42184112179280175,0.6969159067303867,2023-05-27,0.0,Ishaan Kumar,0.32892165692651354,0,Bengaluru,2020-02-08,-0.09962360654698198,0.29773392547367383,1.0555360820565947,Zone_10,0.0,-0.46361542252807086,0.44035034732709155,Industrial,0,5,5,1,0,0,0,0,1,0,0,0,0,0,0,0,0,medium,0,-5.483012741795358,-6.995489632286348,1204,-2.9885881047005065
T01069,R0218,0.5648292425055843,0.4347869172233546,0.7864983159602994,2023-10-15,0.0,Arjun Reddy,0.32892165692651354,2,Delhi,2019-01-11,-0.6526529949053264,-0.36044446459898855,-0.25240332106019747,Zone_6,1.0,-2.392407628638726,0.24363636363636365,Mixed,0,6,10,0,1,0,0,0,0,0,0,0,0,1,0,0,0,low,0,-0.865435762824498,-1.205078842968289,1738,0.552275814885787
T01070,R0029,0.5486350957722796,0.43580144557743095,0.6893236332672139,2024-01-01,0.0,Kavya Iyer,-0.19478731810842584,1,Surat,2022-07-24,-1.7587117716220153,-1.1126483389677455,-0.0009730452730406338,Zone_1,0.3749277083599486,-0.0059291052863966335,0.44035034732709155,Business,0,0,1,0,0,1,0,1,0,0,0,0,0,0,0,0,0,low,0,-0.311952819458465,-0.39194804082733137,526,0.6326496228211278
T01071,R0286,0.8316752926832759,0.8665219482535672,0.8131317883345133,2024-06-04,0.0,Ishaan Nair,-0.7184962931433652,1,Pune,2023-02-15,-1.5814587625328023,-1.1126483389677455,0.8713192647162021,Zone_1,0.3749277083599486,-0.0059291052863966335,0.44035034732709155,Business,0,1,6,1,0,0,0,1,0,0,0,0,0,0,0,0,0,low,0,-0.5258912292795402,-0.5141656599582991,475,0.7035582370707989
T01072,R0112,0.7738691673665267,0.6458211616188418,0.8233759293352854,2024-05-10,1.0,Meera Nair,1.2454123632376575,0,Delhi,2020-11-13,0.41795517999351983,-0.5955081753392251,-1.412969270304675,Zone_6,1.0,-2.392407628638726,0.24363636363636365,Mixed,0,4,5,1,0,0,0,0,0,0,0,0,0,1,0,0,0,medium,0,1.8515601777648145,1.9700101081365982,1274,-1.424813482030437
T01073,R0121,0.6868110968926957,0.6698427372566632,0.7466816443106552,2023-09-08,1.0,Diya Iyer,-0.3257145618671607,1,Pune,2023-07-13,0.8929932443526105,-0.6425209174872724,0.30024713096098204,Zone_10,0.0,-0.46361542252807086,0.44035034732709155,Industrial,0,4,9,0,0,0,1,0,1,0,0,0,0,0,0,0,0,high,0,0.7691111900746911,0.8361559832985901,57,-0.7195137494607565
T01074,R0109,0.7916574923535505,0.6501652952642398,0.8880393151146415,2023-08-11,0.0,Vivaan Kumar,0.45984890068524836,0,Delhi,2022-11-19,-1.347484790535041,-0.8775846282275089,-1.2103307712302427,Zone_10,0.0,-0.46361542252807086,0.44035034732709155,Industrial,0,4,8,0,1,0,0,0,1,0,0,0,0,0,0,0,0,low,0,-0.5875075532683451,-0.6590347596888503,265,0.6512760918652369
T01075,R0240,0.8243112485153006,0.7402650938464825,0.8273155642392234,2024-05-16,0.0,Aarav Iyer,-0.19478731810842584,1,Surat,2020-05-18,-0.5533913098153671,-1.018622854671651,0.11603031362058941,Zone_7,0.7081316156560269,-0.0059291052863966335,0.52,Industrial,0,3,5,0,0,1,0,0,0,0,0,0,0,0,1,0,0,medium,0,-1.4895630522104204,-1.4949919696340155,1459,1.8406918153657006
T01076,R0257,0.5025307958461352,0.3520754672504744,0.7061272882280487,2023-11-10,0.0,Arjun Reddy,0.5907761444439832,2,Delhi,2023-03-11,1.4672929938016606,-0.2194062381548466,1.4976564436735391,Zone_1,0.20357758267005824,1.2530096409104126,0.0,Residential,0,4,11,0,1,0,0,1,0,0,0,0,0,0,0,0,0,high,0,0.3424883768742811,0.48124491237330785,244,-0.1495313063455577
T01077,R0241,0.7981208595281225,0.6388731157322892,0.8905569660627657,2024-06-27,1.0,Kavya Gupta,0.32892165692651354,0,Chennai,2020-01-13,-0.6172023930874838,-0.9716101125236036,-1.3392825433685185,Zone_4,0.13112332813653896,1.3108734070937318,0.6290909090909091,Business,0,3,6,0,0,0,1,0,0,0,0,1,0,0,0,0,0,low,0,-1.2931266444636011,-1.4428929246496554,1627,1.5742163727901897
T01078,R0091,0.5450320768769195,0.3606061924108268,0.7400828794922791,2023-06-01,1.0,Meera Das,1.2454123632376575,2,Surat,2022-04-16,0.5810279483555958,0.9088995733982889,-1.1182223625600463,Zone_6,1.0,-2.392407628638726,0.24363636363636365,Mixed,0,3,6,0,0,1,0,0,0,0,0,0,0,1,0,0,0,high,0,0.9380479517714242,1.2737474704733822,411,1.5642957898507697
T01079,R0030,0.8361639642433866,0.7973023094474472,0.9104732670800573,2023-05-18,0.0,Saanvi Patel,-0.8494235369021,2,Mumbai,2021-01-08,1.3467609476209956,1.6140907056189988,-0.5287285470707872,Zone_5,0.012308197259374737,-0.9072376299335215,0.44035034732709155,Business,0,3,5,1,0,0,0,0,0,0,0,0,1,0,0,0,0,high,0,0.620870367321268,0.6760466797677608,860,1.198498299546205
T01080,R0194,0.8237972115853871,0.7704331297987241,0.8779253735724224,2023-11-19,0.0,Arjun Iyer,-0.19478731810842584,2,Jaipur,2023-02-10,-1.7161710494406042,-1.018622854671651,0.09760863188654885,Zone_2,0.3225568228440141,-0.0059291052863966335,1.0,Residential,0,6,11,0,1,0,0,0,0,1,0,0,0,0,0,0,0,low,0,-0.48002045708317276,-0.51156053113621,282,0.5935438982050635
T01081,R0212,0.7774458863264903,0.6989056340027401,0.8989445899050055,2024-06-18,1.0,Aadhya Iyer,0.5907761444439832,0,Ahmedabad,2023-09-11,-1.2694934665357875,-0.5484954331911778,-1.4498126337727537,Zone_3,0.3749277083599486,0.6357961349550023,0.2581818181818183,Business,0,1,6,1,0,0,0,0,0,0,1,0,0,0,0,0,0,low,0,-0.6124063705881024,-0.7081128131821416,281,0.432058492343344
T01082,R0134,0.7548656068167712,0.5904780263897346,0.863610146874723,2024-03-05,0.0,Aadhya Singh,0.32892165692651354,1,Jaipur,2022-07-30,1.1198770959868032,0.25072118332562654,-0.0009730452730406338,Zone_1,0.20357758267005824,1.2530096409104126,0.0,Residential,0,1,3,0,1,0,0,1,0,0,0,0,0,0,0,0,0,high,0,0.6740611175296924,0.7711651126445576,584,0.2238827673359087
T01083,R0136,0.5983938100359304,0.5445253234663155,0.7039556401791276,2024-01-11,0.0,Diya Ghosh,0.32892165692651354,1,Hyderabad,2019-01-19,0.6164785501734383,-0.5955081753392251,-0.3445117297303946,Zone_7,0.7081316156560269,-0.0059291052863966335,0.52,Industrial,0,3,1,1,0,0,0,0,0,0,0,0,0,0,1,0,0,high,0,0.9706644454500161,1.14189802707828,1818,-0.965983609927201
T01084,R0177,0.6594877338762225,0.5209860708792567,0.8301355707691522,2023-06-15,1.0,Ishaan Reddy,0.32892165692651354,2,Bengaluru,2023-02-15,1.679996604708716,1.8491544163592353,0.8713192647162021,Zone_10,0.0,-0.46361542252807086,0.44035034732709155,Industrial,0,3,6,1,0,0,0,0,1,0,0,0,0,0,0,0,0,high,0,0.3925530158976523,0.49412931457268283,120,1.100689377095407
T01085,R0013,0.8276329159461396,0.6684865997952294,0.8987198695962346,2023-12-03,1.0,Ishaan Gupta,1.507266850755127,0,Kolkata,2019-04-01,-1.7445315308948781,-1.1126483389677455,-0.1787165941240401,Zone_2,0.3225568228440141,-0.0059291052863966335,1.0,Residential,0,6,12,1,0,0,0,0,0,1,0,0,0,0,0,0,0,low,0,-0.47441556732516926,-0.5151640160583544,1707,0.6377920486177738
T01086,R0151,0.5557240625946631,0.3939905128275406,0.641914047532848,2023-07-22,0.0,Meera Reddy,0.32892165692651354,1,Hyderabad,2023-02-25,0.0017782793317680683,1.520065221322904,1.8292467148862463,Zone_1,0.20357758267005824,1.2530096409104126,0.0,Residential,0,5,7,0,0,1,0,1,0,0,0,0,0,0,0,0,0,medium,0,312.50661955460623,360.9748120362057,147,854.7955285582536
T01087,R0081,0.7202497366727485,0.6013952496832955,0.8726785986427021,2023-08-25,1.0,Diya Reddy,1.3763396069963922,2,Mumbai,2022-01-31,-0.9787985316294783,-1.018622854671651,-0.19713827585807986,Zone_10,0.0,-0.46361542252807086,0.44035034732709155,Industrial,0,4,8,1,0,0,0,0,1,0,0,0,0,0,0,0,0,low,0,-0.7358508553069604,-0.8915814342200632,571,1.0406869460417705
T01088,R0193,0.1744689401419112,0.1579806464682112,0.32567799626277977,2024-03-18,0.0,Kavya Singh,0.19799441316777866,0,Chennai,2022-01-03,0.9709845683518643,2.0842181270994717,0.7423674925779263,Zone_7,0.7081316156560269,-0.0059291052863966335,0.52,Industrial,0,0,3,0,0,1,0,0,0,0,0,0,0,0,1,0,0,high,0,0.179682505601559,0.3354100640503289,805,2.1464997436954065
T01089,R0118,0.7553734505281517,0.5573847154305055,0.7300192317182699,2024-05-07,1.0,Reyansh Gupta,-0.3257145618671607,1,Surat,2023-09-26,-0.6172023930874838,0.015657472585389957,0.22656040402482466,Zone_7,0.7081316156560269,-0.0059291052863966335,0.52,Industrial,0,1,5,0,0,0,1,0,0,0,0,0,0,0,1,0,0,low,0,-1.2238666910370894,-1.1827874290416032,224,-0.025368457350052154
T01090,R0130,0.4313512115293161,0.3501345058252154,0.6025159048517055,2023-03-20,1.0,Diya Ghosh,-0.002498701550705167,0,Pune,2019-02-16,0.45340578181136243,1.802141674211188,-0.7129453644111807,Zone_1,0.20357758267005824,1.2530096409104126,0.0,Residential,0,0,3,1,0,0,0,1,0,0,0,0,0,0,0,0,0,medium,0,0.9513579862304843,1.328866831924035,1493,3.9746773122557166
T01091,R0189,0.28087909061381977,0.20394273654089146,0.41979275917414755,2024-01-12,1.0,Ishaan Gupta,-0.3257145618671607,0,Delhi,2019-09-16,-0.09962360654698198,0.8618868312502416,-1.3392825433685185,Zone_10,0.0,-0.46361542252807086,0.44035034732709155,Industrial,0,4,1,1,0,0,0,0,1,0,0,0,0,0,0,0,0,medium,0,-2.819402954272275,-4.213788013950041,1579,-8.651431735145827
T01092,R0037,0.7939201535315089,0.5724461365668425,0.8123030475295523,2024-04-13,1.0,Aadhya Iyer,0.06706716940904384,2,Ahmedabad,2020-11-21,1.679996604708716,-0.8305718860794616,-1.1919090894962037,Zone_7,0.7081316156560269,-0.0059291052863966335,0.52,Industrial,0,5,4,0,1,0,0,0,0,0,0,0,0,0,1,0,0,high,0,0.4725724750313776,0.4835146959540388,1239,-0.49438902659179434
T01093,R0234,0.7473467469186243,0.7171750080771294,0.8269280091640887,2024-03-24,1.0,Saanvi Nair,0.06706716940904384,2,Surat,2022-12-01,-0.48958022654325045,0.3447466676217211,-0.049764821985765095,Zone_6,1.0,-2.392407628638726,0.24363636363636365,Mixed,0,6,3,0,0,0,1,0,0,0,0,0,0,1,0,0,0,medium,0,-1.5265051699399104,-1.689055162629278,479,-0.7041678747033007
T01094,R0126,0.6187707362496621,0.5632267546794597,0.7398432388893368,2023-04-22,0.0,Ishaan Gupta,-0.3257145618671607,0,Surat,2022-09-25,1.1269672163503717,-0.1723934960067993,-0.6576803192090631,Zone_1,0.3749277083599486,-0.0059291052863966335,0.44035034732709155,Business,0,5,4,0,0,0,1,1,0,0,0,0,0,0,0,0,0,high,0,0.5490583286473238,0.6564904712004693,209,-0.15297117210302463
T01095,R0188,0.6513043954352085,0.547108173958517,0.7067082981320167,2023-11-03,0.0,Vivaan Gupta,-0.9803507806608349,1,Delhi,2020-07-16,1.3042202254395847,1.8961671585072826,-1.5787644059110295,Zone_1,0.3749277083599486,-0.0059291052863966335,0.44035034732709155,Business,0,4,11,0,0,0,1,1,0,0,0,0,0,0,0,0,0,high,0,0.4993822229797791,0.5418627041256182,1205,1.4538703828704875
T01097,R0021,0.6740457940491169,0.5822464672720932,0.8582292540534637,2024-07-02,1.0,Diya Ghosh,0.7217033882027181,0,Pune,2019-05-08,0.9071734850797476,-0.3134317224509412,-0.1787165941240401,Zone_7,0.7081316156560269,-0.0059291052863966335,0.52,Industrial,0,1,7,0,0,1,0,0,0,0,0,0,0,0,1,0,0,high,0,0.7430175210531678,0.9460475511781726,1882,-0.3455036193252365
T01098,R0259,0.6724144777923285,0.48676163777584003,0.6736771089930522,2023-09-08,0.0,Aadhya Das,-0.002498701550705167,1,Jaipur,2019-06-25,-0.7235541985410116,0.1566956990295319,-0.8971621817515741,Zone_6,1.0,-2.392407628638726,0.24363636363636365,Mixed,0,4,9,0,1,0,0,0,0,0,0,0,0,1,0,0,0,low,0,-0.9293215064582555,-0.931066546709932,1536,-0.2165638722648505
T01099,R0198,0.8122787926605667,0.6848761521559614,0.8297184507945989,2024-01-26,1.0,Vivaan Kumar,-0.06386007434969102,2,Mumbai,2021-12-10,-0.35486793963544866,-0.03135526956265735,-0.2892466845282762,Zone_8,0.3749277083599486,0.2886135378550845,0.0036363636363636598,Business,0,4,1,1,0,0,0,0,0,0,0,0,0,0,0,1,0,medium,0,-2.2889607708574924,-2.338104850066079,777,0.08835757210095739
T01100,R0151,0.7268917392988877,0.7123985067787797,0.7488774596216381,2023-06-13,0.0,Meera Reddy,0.32892165692651354,1,Hyderabad,2023-02-25,0.0017782793317680683,1.520065221322904,1.8292467148862463,Zone_1,0.20357758267005824,1.2530096409104126,0.0,Residential,0,1,6,0,1,0,0,1,0,0,0,0,0,0,0,0,0,medium,0,408.761281938856,421.12476158459356,108,854.7955285582536
T01101,R0228,0.854229960739208,0.8973664814330957,0.9652747406662612,2024-06-15,1.0,Ishaan Gupta,-1.3731325119370394,0,Pune,2021-01-31,-1.7161710494406042,-1.1126483389677455,-0.0009730452730406338,Zone_2,0.3225568228440141,-0.0059291052863966335,1.0,Residential,0,5,6,0,1,0,0,0,0,1,0,0,0,0,0,0,0,low,0,-0.4977533917832078,-0.562458352260923,1231,0.6483318427556621
T01102,R0291,0.7582154535806819,0.6272342883997789,0.8706337562913871,2024-02-02,1.0,Arjun Ghosh,-1.1112780244195697,2,Pune,2021-04-19,1.7508978083444013,3.306549422948702,-0.0009730452730406338,Zone_5,0.012308197259374737,-0.9072376299335215,0.44035034732709155,Business,0,4,2,0,0,0,1,0,0,0,0,0,1,0,0,0,0,high,0,0.4330438075638627,0.4972498978193555,1019,1.8884879558306604
T01103,R0005,0.8266144571272531,0.6486205465567337,0.8949449101000655,2023-06-01,1.0,Diya Reddy,-0.5875690493846304,1,Ahmedabad,2021-05-31,0.297423133812855,0.29773392547367383,-0.8787405000175352,Zone_9,0.7054238122589644,0.0957343172440192,0.9163636363636365,Business,0,3,6,0,1,0,0,0,0,0,0,0,0,0,0,0,1,medium,0,2.779254076609174,3.0089956306599337,731,1.0010449478385712
T01104,R0013,0.7833214116499997,0.784664751354154,0.9124513942927184,2023-08-18,1.0,Ishaan Gupta,1.507266850755127,0,Kolkata,2019-04-01,-1.7445315308948781,-1.1126483389677455,-0.1787165941240401,Zone_9,0.7054238122589644,0.0957343172440192,0.9163636363636365,Business,0,4,8,0,0,1,0,0,0,0,0,0,0,0,0,0,1,low,0,-0.44901533608176497,-0.5230351977786641,1600,0.6377920486177738
T01105,R0170,0.8114784564458958,0.8117275064346269,0.8524089543184739,2023-01-14,0.0,Saanvi Kumar,-0.3257145618671607,2,Bengaluru,2021-01-31,-1.5885488828963708,-0.9716101125236036,-0.6024152740069446,Zone_8,0.3749277083599486,0.2886135378550845,0.0036363636363636598,Business,0,5,1,0,1,0,0,0,0,0,0,0,0,0,0,1,0,low,0,-0.5108300192603092,-0.5365959861205486,713,0.6116337513971151
T01106,R0196,0.7035866584835665,0.5440544787149754,0.8803765240872039,2023-12-04,1.0,Vivaan Das,-1.765914243213244,1,Hyderabad,2019-06-24,0.0017782793317680683,-0.6895336596353198,1.7002949427479706,Zone_10,0.0,-0.46361542252807086,0.44035034732709155,Industrial,0,0,12,0,1,0,0,0,1,0,0,0,0,0,0,0,0,medium,0,395.6558713326662,495.07212301223933,1624,-387.75328898961305
T01107,R0095,0.7492912193357465,0.6559150496771153,0.8367688837031171,2023-03-25,1.0,Kavya Iyer,-0.3257145618671607,0,Chennai,2020-10-07,1.623275641800168,2.5073328064318976,0.4660422665673357,Zone_10,0.0,-0.46361542252807086,0.44035034732709155,Industrial,0,5,3,0,0,0,1,0,1,0,0,0,0,0,0,0,0,high,0,0.4615921042866159,0.5154816977202735,899,1.5446130908804463
T01108,R0182,0.6577818793390059,0.5883482609543615,0.6858879465052243,2023-11-06,0.0,Meera Patel,1.507266850755127,1,Jaipur,2020-09-30,-1.7303512901677411,-1.1126483389677455,0.7239458108438874,Zone_10,0.0,-0.46361542252807086,0.44035034732709155,Industrial,0,0,11,0,0,1,0,0,1,0,0,0,0,0,0,0,0,low,0,-0.38014354835152586,-0.3963865316844038,1132,0.643018758843983
T01109,R0064,0.8058205183641735,0.7721676803066359,0.9231740785538955,2023-09-26,0.0,Ishaan Nair,-1.3731325119370394,0,Bengaluru,2023-09-30,-0.26978649527262644,-1.018622854671651,0.3739338578971394,Zone_1,0.3749277083599486,-0.0059291052863966335,0.44035034732709155,Business,0,1,9,0,1,0,0,1,0,0,0,0,0,0,0,0,0,medium,0,-2.9868823402367504,-3.4218691251428415,-4,3.775662876091353
T01110,R0192,0.2613288745292959,0.2315342226489494,0.47223382349044646,2023-01-03,0.0,Aadhya Nair,-0.06386007434969102,1,Delhi,2021-01-31,1.3963917901659753,0.3447466676217211,-0.2155599575921188,Zone_8,0.3749277083599486,0.2886135378550845,0.0036363636363636598,Business,0,1,1,0,0,1,0,0,0,0,0,0,0,0,0,1,0,high,0,0.18714581134728261,0.33818146655983755,702,0.2468839118430684
T01111,R0006,0.8219916856224161,0.8549051681020864,0.8703221143955624,2024-03-03,1.0,Aarav Das,1.7691213382725968,0,Jaipur,2023-06-30,-0.028722402911296796,-0.5014826910431305,1.16606617246083,Zone_2,0.3225568228440141,-0.0059291052863966335,1.0,Residential,0,6,3,0,0,1,0,0,0,1,0,0,0,0,0,0,0,medium,0,-28.618486000665317,-30.30115958902785,247,17.459635692454288
T01112,R0218,0.855399566004241,0.6845444304502402,0.7796691009448555,2024-01-26,0.0,Arjun Reddy,0.32892165692651354,2,Delhi,2019-01-11,-0.6526529949053264,-0.36044446459898855,-0.25240332106019747,Zone_5,0.012308197259374737,-0.9072376299335215,0.44035034732709155,Business,0,4,1,0,0,0,1,0,0,0,0,0,1,0,0,0,0,low,0,-1.3106498747137827,-1.194615066553022,1841,0.552275814885787
T01113,R0294,0.8240543311591132,0.6501155189445129,0.9187635160084282,2024-07-21,0.0,Arjun Reddy,-0.9803507806608349,1,Surat,2021-04-02,-1.49637731816998,-0.7835591439314143,-1.4866559972408324,Zone_7,0.7081316156560269,-0.0059291052863966335,0.52,Industrial,0,6,7,0,1,0,0,0,0,0,0,0,0,0,1,0,0,low,0,-0.550699560300008,-0.6139918754796723,1206,0.5236374104424955
T01114,R0002,0.691857798833383,0.632006192395939,0.8379110242417134,2024-08-03,1.0,Ishaan Nair,0.9835578757201877,0,Mumbai,2019-11-23,-1.290763827626493,-0.8775846282275089,0.20813872229078573,Zone_7,0.7081316156560269,-0.0059291052863966335,0.52,Industrial,0,5,8,0,0,0,1,0,0,0,0,0,0,0,1,0,0,low,0,-0.5360064978777708,-0.6491590531960421,1715,0.6798955854234355
T01115,R0060,0.7922246286098096,0.787738666422131,0.8981003904775473,2023-05-04,1.0,Ishaan Gupta,1.1144851194789225,0,Surat,2023-08-01,-0.9149874483573616,-0.7835591439314143,1.0371144003225559,Zone_3,0.3749277083599486,0.6357961349550023,0.2581818181818183,Business,0,3,5,0,0,1,0,0,0,0,1,0,0,0,0,0,0,low,0,-0.8658311434020839,-0.9815439458649068,-89,0.8563605384293578
T01116,R0242,0.5270342841943049,0.4317301297314024,0.6632958377764109,2024-05-28,1.0,Kavya Iyer,0.32892165692651354,1,Ahmedabad,2022-06-05,1.3680313087117013,-0.736546401783367,0.9818493551204374,Zone_1,0.3749277083599486,-0.0059291052863966335,0.44035034732709155,Business,0,1,5,0,1,0,0,1,0,0,0,0,0,0,0,0,0,high,0,0.38525016265206835,0.4848542818812005,723,-0.5383987903588153
T01117,R0086,0.8361639642433866,0.7464004933024323,0.9333014454511666,2024-03-14,0.0,Vivaan Patel,-1.1112780244195697,1,Hyderabad,2019-11-08,0.6022983094463014,-0.3134317224509412,1.0186927185885153,Zone_5,0.012308197259374737,-0.9072376299335215,0.44035034732709155,Business,0,3,3,1,0,0,0,0,0,0,0,0,1,0,0,0,0,high,0,1.388288745176921,1.5495667691798098,1588,-0.5203928311521944
T01118,R0108,0.4027716497599618,0.29827109964755716,0.5636926611886881,2023-09-02,0.0,Reyansh Gupta,-1.765914243213244,1,Pune,2019-05-31,-0.48249010617968197,0.3917594097697685,1.6081865340777743,Zone_1,0.20357758267005824,1.2530096409104126,0.0,Residential,0,5,9,0,1,0,0,1,0,0,0,0,0,0,0,0,0,medium,0,-0.8347770132512675,-1.1682989018198973,1555,-0.8119532499260723
T01119,R0280,0.8044588223468205,0.5851124281290842,0.865870495070314,2023-02-14,1.0,Saanvi Gupta,-0.7184962931433652,2,Chennai,2023-05-31,-0.5675715505425042,-0.03135526956265735,0.7792108560460042,Zone_1,0.3749277083599486,-0.0059291052863966335,0.44035034732709155,Business,0,1,2,0,0,0,1,1,0,0,0,0,0,0,0,0,0,low,0,-1.4173698832823658,-1.525570642578342,-106,0.05524461106742739
T01120,R0172,0.795887207054313,0.5869243721673439,0.9201964489906633,2023-05-13,0.0,Reyansh Reddy,-0.06386007434969102,2,Pune,2021-01-31,-0.5959320319967782,-0.45446994889508313,-0.5287285470707872,Zone_9,0.7054238122589644,0.0957343172440192,0.9163636363636365,Business,0,5,5,0,0,1,0,0,0,0,0,0,0,0,0,0,1,low,0,-1.3355335244986728,-1.5441298664671177,832,0.7626204407443903
T01121,R0292,0.7777421860307535,0.7433826537756428,0.8429489449210785,2024-03-23,0.0,Ishaan Gupta,0.7217033882027181,0,Jaipur,2020-06-28,-0.7873652818131283,-0.2194062381548466,0.7055241291098469,Zone_5,0.012308197259374737,-0.9072376299335215,0.44035034732709155,Business,0,5,3,0,1,0,0,0,0,0,0,0,1,0,0,0,0,low,0,-0.9877781050236113,-1.0705945059959379,1364,0.27865876642363824
T01122,R0055,0.6178056826628519,0.561114189596044,0.7684722946045996,2023-11-05,1.0,Kavya Singh,0.06706716940904384,1,Delhi,2021-11-07,1.226228901440331,-0.5484954331911778,0.3370904944290615,Zone_4,0.13112332813653896,1.3108734070937318,0.6290909090909091,Business,0,6,11,0,1,0,0,0,0,0,0,1,0,0,0,0,0,high,0,0.5038257391724955,0.6266956305645305,728,-0.4473026467953201
T01123,R0296,0.8263593455160414,0.805134822820083,0.7755174985672035,2024-01-05,1.0,Reyansh Patel,0.7217033882027181,2,Hyderabad,2021-02-20,0.9780746887154328,0.0023974683897869183,-0.06818650371980403,Zone_8,0.3749277083599486,0.2886135378550845,0.0036363636363636598,Business,0,4,1,1,0,0,0,0,0,0,0,0,0,0,0,1,0,high,0,0.8448836832710099,0.7929021244642774,1049,0.002451211975371395
T01124,R0104,0.24960849989072473,0.2147989331587839,0.5543308999300718,2023-08-24,0.0,Diya Gupta,2.6856120445837406,1,Kolkata,2021-05-27,0.5384872261741847,-1.0656355968196982,-0.5655719105388659,Zone_1,0.3749277083599486,-0.0059291052863966335,0.44035034732709155,Business,0,3,8,1,0,0,0,1,0,0,0,0,0,0,0,0,0,high,0,0.463536529295467,1.0294225619212036,819,-1.978943129980574
T01125,R0072,0.8286482093867478,0.8209437976465273,0.7729253375391718,2023-05-23,0.0,Saanvi Das,-0.8494235369021,2,Jaipur,2023-11-05,-1.347484790535041,0.0023974683897869183,0.11603031362058941,Zone_8,0.3749277083599486,0.2886135378550845,0.0036363636363636598,Business,0,1,5,0,0,1,0,0,0,0,0,0,0,0,0,1,0,low,0,-0.6149592301206749,-0.573605982767545,-166,-0.0017792174031403827
T01126,R0079,0.7444081627710729,0.609858732754168,0.8223209333359482,2024-01-06,1.0,Ishaan Nair,-0.8494235369021,1,Bengaluru,2020-09-23,-0.7519146799952856,0.2037084411775792,1.6818732610139318,Zone_2,0.3225568228440141,-0.0059291052863966335,1.0,Residential,0,5,1,0,0,0,1,0,0,1,0,0,0,0,0,0,0,low,0,-0.9900167965542849,-1.0936359605867838,1200,-0.2709196223949989
T01127,R0133,0.8614149133377427,0.7626879452989955,0.8541185015252872,2024-05-19,1.0,Diya Kumar,-0.8494235369021,0,Delhi,2019-07-13,-0.688103596723169,0.0023974683897869183,0.7239458108438874,Zone_3,0.3749277083599486,0.6357961349550023,0.2581818181818183,Business,0,6,5,0,0,1,0,0,0,0,1,0,0,0,0,0,0,low,0,-1.2518680580074029,-1.2412644049423676,1772,-0.0034841677927625247
T01128,R0071,0.745717464730445,0.5981721307188794,0.7620650968447455,2023-06-28,1.0,Vivaan Nair,0.45984890068524836,1,Surat,2021-01-31,-1.3120341887171987,-0.9245973703755562,-0.3445117297303946,Zone_2,0.3225568228440141,-0.0059291052863966335,1.0,Residential,0,2,6,0,0,1,0,0,0,1,0,0,0,0,0,0,0,low,0,-0.568367403184476,-0.5808271639551035,878,0.7047052419263198
T01129,R0146,0.941160086446492,0.8982442803489061,0.865870495070314,2024-01-05,0.0,Kavya Gupta,-0.19478731810842584,1,Surat,2020-04-15,-1.219862623990808,0.0023974683897869183,-0.2155599575921188,Zone_2,0.3225568228440141,-0.0059291052863966335,1.0,Residential,0,4,1,0,1,0,0,0,0,1,0,0,0,0,0,0,0,low,0,-0.7715295705736648,-0.7098098409127409,1360,-0.0019653593303347117
T01130,R0262,0.4692568396168911,0.31179055373263254,0.7262794333609168,2024-04-23,1.0,Meera Singh,-0.19478731810842584,1,Ahmedabad,2019-04-21,-1.7445315308948781,0.0023974683897869183,-1.2103307712302427,Zone_8,0.3749277083599486,0.2886135378550845,0.0036363636363636598,Business,0,1,4,1,0,0,0,0,0,0,0,0,0,0,0,1,0,low,0,-0.2689873076562739,-0.4163177451933833,1829,-0.0013742763299652765
T01131,R0044,0.8066348197452462,0.705816282806304,0.8975919009717532,2024-03-09,0.0,Arjun Gupta,0.5907761444439832,0,Hyderabad,2020-08-01,0.1343503654507791,-0.8775846282275089,-1.4682343155067934,Zone_7,0.7081316156560269,-0.0059291052863966335,0.52,Industrial,0,5,3,0,1,0,0,0,0,0,0,0,0,0,1,0,0,medium,0,6.003964462908489,6.680978484577304,1316,-6.532059851739091
T01132,R0225,0.489911056602942,0.44907887219564885,0.7068049450780842,2024-06-24,1.0,Ishaan Sharma,0.9835578757201877,0,Delhi,2020-06-15,1.5098337159830717,-0.6895336596353198,0.13445199535462835,Zone_1,0.20357758267005824,1.2530096409104126,0.0,Residential,0,0,6,1,0,0,0,1,0,0,0,0,0,0,0,0,0,high,0,0.3244801407047363,0.4681342969069111,1470,-0.4566950998218739
T01133,R0020,0.6875926054031202,0.5611599457241542,0.8636356855110912,2023-06-15,1.0,Diya Das,0.45984890068524836,0,Chennai,2019-09-17,0.15562072654148468,-0.12538075385875197,0.042343586684432034,Zone_1,0.3749277083599486,-0.0059291052863966335,0.44035034732709155,Business,0,3,6,0,1,0,0,1,0,0,0,0,0,0,0,0,0,medium,0,4.418387066325801,5.549618644665992,1367,-0.8056815865419349
T01134,R0104,0.8240543311591132,0.7357643051700774,0.9327209560087111,2024-04-12,1.0,Diya Gupta,2.6856120445837406,1,Kolkata,2021-05-27,0.5384872261741847,-1.0656355968196982,-0.5655719105388659,Zone_2,0.3225568228440141,-0.0059291052863966335,1.0,Residential,0,4,4,0,0,1,0,0,0,1,0,0,0,0,0,0,0,high,0,1.5303136102481214,1.7321134293852376,1051,-1.978943129980574
T01135,R0246,0.8087964183788688,0.7608470452283606,0.9253313027663408,2023-08-15,0.0,Vivaan Das,-0.3257145618671607,2,Mumbai,2021-03-31,-0.08544336581984495,0.48578489406586306,1.4423913984714205,Zone_5,0.012308197259374737,-0.9072376299335215,0.44035034732709155,Business,0,1,8,0,1,0,0,0,0,0,0,0,1,0,0,0,0,medium,0,-9.4658773167269,-10.82976184151473,867,-5.685460648754492
T01136,R0160,0.9621980110000817,0.964103248058556,0.8966842400819222,2023-09-15,0.0,Kavya Nair,-0.19478731810842584,1,Surat,2021-06-16,1.3184004661667217,-0.7835591439314143,0.7607891743119652,Zone_10,0.0,-0.46361542252807086,0.44035034732709155,Industrial,0,4,9,0,0,1,0,0,1,0,0,0,0,0,0,0,0,high,0,0.7298222624250836,0.6801304027819797,821,-0.5943255968420808
T01137,R0209,0.6402147222084819,0.4570399585381022,0.6539333549924566,2024-07-17,1.0,Vivaan Sharma,-0.06386007434969102,2,Surat,2020-06-11,-1.014249133447321,-0.1723934960067993,-0.43662013840059094,Zone_3,0.3749277083599486,0.6357961349550023,0.2581818181818183,Business,0,2,7,0,0,0,1,0,0,0,1,0,0,0,0,0,0,low,0,-0.6312203787963443,-0.6447462792201846,1497,0.1699715487267441
T01138,R0137,0.887403751962361,0.878065828486915,0.8464200687751382,2023-05-08,1.0,Arjun Gupta,-0.5875690493846304,1,Bengaluru,2021-08-10,-0.6101122727239153,0.3917594097697685,-1.5971860876450683,Zone_7,0.7081316156560269,-0.0059291052863966335,0.52,Industrial,0,0,5,0,0,1,0,0,0,0,0,0,0,0,1,0,0,low,0,-1.4544925444630812,-1.3873185422024048,636,-0.6421103578538327
T01139,R0022,0.6616076011567374,0.49131505781324547,0.8400944139362223,2023-03-22,1.0,Aarav Nair,1.507266850755127,0,Kolkata,2020-09-14,-0.2272457730912153,-1.0656355968196982,-1.265595816432361,Zone_7,0.7081316156560269,-0.0059291052863966335,0.52,Industrial,0,2,3,0,1,0,0,0,0,0,0,0,0,0,1,0,0,medium,0,-2.9114187346893865,-3.696853862267496,919,4.689352775736592
T01140,R0164,0.5504218116296383,0.5162444068400247,0.7652722343125793,2024-06-15,0.0,Aadhya Ghosh,0.7217033882027181,2,Ahmedabad,2022-07-06,-0.02163228254772828,-0.03135526956265735,0.023921904950391464,Zone_4,0.13112332813653896,1.3108734070937318,0.6290909090909091,Business,0,5,6,0,0,0,1,0,0,0,0,1,0,0,0,0,0,medium,0,-25.444462941680698,-35.3763978731382,710,1.449466531951809
T01141,R0030,0.027622395901503,0.03009358300328635,0.19418982479170716,2024-08-05,1.0,Saanvi Patel,-0.8494235369021,2,Mumbai,2021-01-08,1.3467609476209956,1.6140907056189988,-0.5287285470707872,Zone_6,1.0,-2.392407628638726,0.24363636363636365,Mixed,0,0,8,0,0,1,0,0,0,0,0,0,0,1,0,0,0,high,0,0.020510244190178637,0.14419027009562196,1305,1.198498299546205
T01142,R0178,0.7394510054086253,0.5592236843939411,0.746277664812848,2023-08-30,1.0,Saanvi Ghosh,-0.5875690493846304,1,Delhi,2021-05-15,-1.3900255127164522,-0.7835591439314143,-1.6156077693791082,Zone_1,0.20357758267005824,1.2530096409104126,0.0,Residential,0,2,8,0,0,1,0,1,0,0,0,0,0,0,0,0,0,low,0,-0.5319693765645753,-0.5368805521809723,837,0.563701267899858
T01143,R0103,0.5994178560204727,0.5333575442760603,0.798976336092845,2023-05-07,1.0,Ishaan Gupta,0.7217033882027181,2,Surat,2022-11-24,-0.5463011894517986,-0.45446994889508313,-1.7261378597833443,Zone_5,0.012308197259374737,-0.9072376299335215,0.44035034732709155,Business,0,6,5,1,0,0,0,0,0,0,0,0,1,0,0,0,0,medium,0,-1.0972296374129726,-1.4625198544681925,164,0.8319036415628782
T01144,R0105,0.8373999490759952,0.6116014448413696,0.8441283321693458,2023-07-01,1.0,Diya Das,-0.06386007434969102,0,Jaipur,2020-09-28,0.666109392718418,-0.6895336596353198,-0.5839935922729057,Zone_6,1.0,-2.392407628638726,0.24363636363636365,Mixed,0,5,7,1,0,0,0,0,0,0,0,0,0,1,0,0,0,high,0,1.2571507896901648,1.267251807881624,1006,-1.0351657958481961
T01145,R0250,0.5978805807056108,0.5127079527576855,0.7356157667600467,2024-02-12,0.0,Ishaan Gupta,0.32892165692651354,0,Jaipur,2021-02-01,0.0017782793317680683,0.3447466676217211,1.147644490726791,Zone_2,0.3225568228440141,-0.0059291052863966335,1.0,Residential,0,0,2,0,1,0,0,0,0,1,0,0,0,0,0,0,0,medium,0,336.2129728579611,413.66716331829315,1106,193.86530645832454
T01146,R0271,0.6109692812663053,0.4871534837750431,0.7296382484698094,2024-04-03,1.0,Saanvi Iyer,-1.2422052681783047,1,Bengaluru,2022-10-07,-1.3758452719893153,-0.8305718860794616,0.6686807656417689,Zone_1,0.3749277083599486,-0.0059291052863966335,0.44035034732709155,Business,0,2,4,0,0,0,1,1,0,0,0,0,0,0,0,0,0,low,0,-0.444068307465209,-0.530319988246088,544,0.6036811718504869
T01147,R0252,0.7699496785190777,0.7472294508718649,0.7990048013605326,2024-05-06,1.0,Reyansh Gupta,-0.002498701550705167,2,Ahmedabad,2021-01-31,0.9922549294425698,1.0969505419904781,1.516078125407578,Zone_8,0.3749277083599486,0.2886135378550845,0.0036363636363636598,Business,0,0,5,0,1,0,0,0,0,0,0,0,0,0,0,1,0,high,0,0.7759595399053558,0.8052414532315789,1191,1.1055128167584156
T01148,R0181,0.93057430921004,0.725293578550537,0.9514889256099892,2023-05-24,1.0,Arjun Patel,0.06706716940904384,1,Hyderabad,2019-01-09,0.6873797538091235,0.3917594097697685,-0.4734635018686696,Zone_5,0.012308197259374737,-0.9072376299335215,0.44035034732709155,Business,0,2,5,1,0,0,0,0,0,0,0,0,1,0,0,0,0,high,0,1.3537994159025646,1.3842259978378784,1596,0.5699315518079036
T01149,R0016,0.35931085876921665,0.2675356556787619,0.6052193048835122,2024-07-16,0.0,Aarav Iyer,-0.4566418056258955,0,Delhi,2022-01-24,0.7370105963541032,1.2850015105826673,-1.7445595415173831,Zone_10,0.0,-0.46361542252807086,0.44035034732709155,Industrial,0,1,7,1,0,0,0,0,1,0,0,0,0,0,0,0,0,high,0,0.48752468491861767,0.8211812799944186,904,1.7435319341938975
T01150,R0164,0.8577262881022951,0.8561693629980186,0.944566003147497,2023-04-07,0.0,Aadhya Ghosh,0.7217033882027181,2,Ahmedabad,2022-07-06,-0.02163228254772828,-0.03135526956265735,0.023921904950391464,Zone_7,0.7081316156560269,-0.0059291052863966335,0.52,Industrial,0,4,4,0,0,0,1,0,0,0,0,0,0,0,1,0,0,medium,0,-39.65029054191831,-43.6646480122224,275,1.449466531951809
T01151,R0018,0.8405917934999494,0.7933583150644792,0.9461881828482988,2024-07-21,1.0,Aarav Reddy,2.2928303133075363,0,Delhi,2023-01-09,1.3751214290752698,2.9304474857643235,-1.3208608616344786,Zone_7,0.7081316156560269,-0.0059291052863966335,0.52,Industrial,0,6,7,0,0,1,0,0,0,0,0,0,0,0,1,0,0,high,0,0.6112855023030392,0.6880760948395542,559,2.131046338020466
T01152,R0083,0.6687139553838203,0.5239825901993872,0.7886108097164595,2024-01-12,0.0,Kavya Patel,1.7691213382725968,0,Mumbai,2021-12-31,0.0017782793317680683,0.7208486048060996,0.7239458108438874,Zone_3,0.3749277083599486,0.6357961349550023,0.2581818181818183,Business,0,4,1,1,0,0,0,0,0,0,1,0,0,0,0,0,0,medium,0,376.04550839543646,443.46846731462426,742,405.3629775303018
T01153,R0226,0.8154606723774349,0.7404410637576799,0.8527542988836336,2024-08-15,0.0,Aarav Iyer,-0.002498701550705167,2,Surat,2021-07-30,0.09889976363293652,-1.018622854671651,-1.394547588570636,Zone_3,0.3749277083599486,0.6357961349550023,0.2581818181818183,Business,0,3,8,0,1,0,0,0,0,0,1,0,0,0,0,0,0,medium,0,8.245324785648553,8.622409878031714,1112,-10.299547918559632
T01154,R0183,0.6552062780737569,0.5343165069828228,0.6611432598926774,2024-05-12,0.0,Arjun Patel,1.507266850755127,2,Jaipur,2022-08-27,1.091516614532529,1.9901926428033772,-0.39977677493251224,Zone_3,0.3749277083599486,0.6357961349550023,0.2581818181818183,Business,0,6,5,0,0,1,0,0,0,0,1,0,0,0,0,0,0,high,0,0.600271465729696,0.6057106699890497,624,1.8233278507223913
T01155,R0154,0.8720598169041774,0.9501753443905663,0.8757748713872255,2023-12-11,0.0,Kavya Patel,-1.765914243213244,2,Kolkata,2019-03-25,1.5169238363466402,2.601358290727992,1.2397528993969873,Zone_10,0.0,-0.46361542252807086,0.44035034732709155,Industrial,0,0,12,0,1,0,0,0,1,0,0,0,0,0,0,0,0,high,0,0.574887015424879,0.5773360866267631,1722,1.714890509594143
T01156,R0234,0.6903132550502984,0.6497669835460493,0.858502584667872,2024-06-25,1.0,Saanvi Nair,0.06706716940904384,2,Surat,2022-12-01,-0.48958022654325045,0.3447466676217211,-0.049764821985765095,Zone_1,0.20357758267005824,1.2530096409104126,0.0,Residential,0,1,6,1,0,0,0,1,0,0,0,0,0,0,0,0,0,medium,0,-1.4100104898524017,-1.7535483218541104,572,-0.7041678747033007
T01157,R0231,0.7255046017515281,0.6265026505228558,0.8257479394360263,2024-07-17,1.0,Ishaan Nair,-1.6349869994545092,2,Mumbai,2019-08-26,0.5384872261741847,-0.07836801171070466,1.4792347619394985,Zone_7,0.7081316156560269,-0.0059291052863966335,0.52,Industrial,0,2,7,1,0,0,0,0,0,0,0,0,0,0,1,0,0,high,0,1.347301414939876,1.5334587327219558,1787,-0.14553365038478172
T01158,R0197,0.6460283119455901,0.4993498495618489,0.8421619325692864,2023-10-07,0.0,Saanvi Das,-0.3257145618671607,1,Bengaluru,2020-10-08,1.5807349196187568,2.977460227912371,-0.25240332106019747,Zone_8,0.3749277083599486,0.2886135378550845,0.0036363636363636598,Business,0,5,10,0,0,1,0,0,0,0,0,0,0,0,0,1,0,high,0,0.40868858144881104,0.5327660710958418,1094,1.8835923664104781
T01159,R0212,0.11938489095934972,0.13009763745861688,0.26806779965886074,2023-06-10,0.0,Aadhya Iyer,0.5907761444439832,0,Ahmedabad,2023-09-11,-1.2694934665357875,-0.5484954331911778,-1.4498126337727537,Zone_7,0.7081316156560269,-0.0059291052863966335,0.52,Industrial,0,5,6,0,0,0,1,0,0,0,0,0,0,0,1,0,0,low,0,-0.0940413590982307,-0.21116122825773032,-93,0.432058492343344
T01160,R0094,0.6594877338762225,0.6329258549600907,0.8171404572083951,2023-03-17,0.0,Diya Iyer,1.2454123632376575,2,Delhi,2023-04-13,1.6161855214365994,1.802141674211188,1.5897648523437353,Zone_3,0.3749277083599486,0.6357961349550023,0.2581818181818183,Business,0,4,3,0,0,0,1,0,0,0,1,0,0,0,0,0,0,high,0,0.40805199968009565,0.5055981793983979,-27,1.1150586676517775
T01161,R0021,0.7509028180733405,0.5434064424572619,0.7888523392151856,2024-08-06,0.0,Diya Ghosh,0.7217033882027181,0,Pune,2019-05-08,0.9071734850797476,-0.3134317224509412,-0.1787165941240401,Zone_3,0.3749277083599486,0.6357961349550023,0.2581818181818183,Business,0,1,8,0,0,1,0,0,0,0,1,0,0,0,0,0,0,high,0,0.8277389390490512,0.8695716444422308,1917,-0.3455036193252365
T01162,R0013,0.9093059291212457,0.8863457286888768,0.9233554516490303,2024-02-05,0.0,Ishaan Gupta,1.507266850755127,0,Kolkata,2019-04-01,-1.7445315308948781,-1.1126483389677455,-0.1787165941240401,Zone_4,0.13112332813653896,1.3108734070937318,0.6290909090909091,Business,0,0,2,1,0,0,0,0,0,0,0,1,0,0,0,0,0,low,0,-0.5212321548896319,-0.5292856192604236,1771,0.6377920486177738
T01163,R0052,0.7902353290209236,0.69275468793548,0.7792392352696671,2024-04-13,1.0,Reyansh Singh,-1.1112780244195697,2,Hyderabad,2021-03-09,-1.5034674385335485,-0.7835591439314143,1.3502829898012243,Zone_5,0.012308197259374737,-0.9072376299335215,0.44035034732709155,Business,0,5,4,1,0,0,0,0,0,0,0,0,1,0,0,0,0,low,0,-0.5256085424714639,-0.5182947201235839,1131,0.5211680172439797
T01164,R0126,0.6748584074073419,0.636134764905228,0.7822011908839439,2023-12-15,1.0,Ishaan Gupta,-0.3257145618671607,0,Surat,2022-09-25,1.1269672163503717,-0.1723934960067993,-0.6576803192090631,Zone_9,0.7054238122589644,0.0957343172440192,0.9163636363636365,Business,0,4,12,0,1,0,0,0,0,0,0,0,0,0,0,0,1,high,0,0.5988270089992839,0.6940762601924343,446,-0.15297117210302463
T01165,R0032,0.7220107673610215,0.6424567215652688,0.8628382956554213,2023-12-15,0.0,Kavya Reddy,-1.765914243213244,0,Mumbai,2023-09-20,-0.2768766156361949,0.015657472585389957,-0.012921458517686406,Zone_3,0.3749277083599486,0.6357961349550023,0.2581818181818183,Business,0,4,12,0,0,1,0,0,0,0,1,0,0,0,0,0,0,medium,0,-2.607698615869083,-3.116327804256164,86,-0.05655036106755677
T01166,R0142,0.7659825907926753,0.6649386188124464,0.812658704826017,2023-07-01,0.0,Meera Nair,0.19799441316777866,0,Kolkata,2021-03-04,-1.2340428647179449,-0.8775846282275089,-0.9708489086877315,Zone_1,0.20357758267005824,1.2530096409104126,0.0,Residential,0,5,7,0,1,0,0,1,0,0,0,0,0,0,0,0,0,low,0,-0.6207098737755351,-0.6585336118059074,849,0.7111459847288946
T01167,R0130,0.6342957934259188,0.5161825589685872,0.6897663508109175,2024-01-06,0.0,Diya Ghosh,-0.002498701550705167,0,Pune,2019-02-16,0.45340578181136243,1.802141674211188,-0.7129453644111807,Zone_9,0.7054238122589644,0.0957343172440192,0.9163636363636365,Business,0,5,1,1,0,0,0,0,0,0,0,0,0,0,0,0,1,medium,0,1.3989583257890938,1.5213002976170513,1785,3.9746773122557166
T01168,R0063,0.816251323190724,0.816107653126753,0.9026740594141935,2024-05-20,0.0,Diya Iyer,0.32892165692651354,1,Surat,2023-04-21,0.5455773465377531,0.43877215191781577,1.516078125407578,Zone_4,0.13112332813653896,1.3108734070937318,0.6290909090909091,Business,0,0,5,0,0,1,0,0,0,0,0,1,0,0,0,0,0,high,0,1.4961239288446897,1.6545299491311078,395,0.804234550247136
T01170,R0285,0.6374962288371601,0.4692196441222698,0.737448794537086,2023-03-17,1.0,Diya Iyer,-0.3257145618671607,0,Chennai,2019-01-10,-0.05708288436557087,-0.36044446459898855,1.773981669684128,Zone_2,0.3225568228440141,-0.0059291052863966335,1.0,Residential,0,4,3,1,0,0,0,0,0,1,0,0,0,0,0,0,0,medium,0,-11.167904984522144,-12.918912608099966,1527,6.314405247825704
T01171,R0239,0.8790408760491711,0.9383991737640447,0.9201680475074421,2023-02-23,0.0,Diya Iyer,0.5907761444439832,1,Mumbai,2020-03-13,0.11308000436007357,-0.6425209174872724,-1.1919090894962037,Zone_6,1.0,-2.392407628638726,0.24363636363636365,Mixed,0,3,2,0,1,0,0,0,0,0,0,0,0,1,0,0,0,medium,0,7.773619049837462,8.137318818784342,1077,-5.6820029422826455
T01172,R0066,0.8408360330638909,0.6767284865601643,0.7687772441155298,2024-04-14,1.0,Arjun Patel,-0.002498701550705167,0,Bengaluru,2022-06-03,-0.6030221523603467,0.2037084411775792,1.3134396263331447,Zone_7,0.7081316156560269,-0.0059291052863966335,0.52,Industrial,0,6,4,0,0,1,0,0,0,0,0,0,0,0,1,0,0,low,0,-1.3943700571740094,-1.2748739679071246,681,-0.3378125337190756
T01173,R0202,0.7967266175415925,0.603214470029128,0.7759403866540062,2023-01-04,0.0,Aadhya Reddy,-0.5875690493846304,1,Ahmedabad,2021-10-28,0.46049590217493097,-1.1126483389677455,1.3134396263331447,Zone_2,0.3225568228440141,-0.0059291052863966335,1.0,Residential,0,2,1,1,0,0,0,0,0,1,0,0,0,0,0,0,0,medium,0,1.730149201716318,1.6850104050638126,433,-2.416195961164228
T01174,R0182,0.7310181571329695,0.6542347385682089,0.8348562473063386,2024-07-27,1.0,Meera Patel,1.507266850755127,1,Jaipur,2020-09-30,-1.7303512901677411,-1.1126483389677455,0.7239458108438874,Zone_1,0.20357758267005824,1.2530096409104126,0.0,Residential,0,5,7,0,0,1,0,1,0,0,0,0,0,0,0,0,0,low,0,-0.4224680625759549,-0.48247789454672363,1396,0.643018758843983
T01175,R0122,0.7675141004030573,0.6309316499831735,0.9152420320792918,2024-03-16,1.0,Ishaan Patel,-0.5875690493846304,0,Kolkata,2022-11-22,0.5101267447199106,-0.3134317224509412,1.7924033514181685,Zone_10,0.0,-0.46361542252807086,0.44035034732709155,Industrial,0,5,3,1,0,0,0,0,1,0,0,0,0,0,0,0,0,high,0,1.504555697867728,1.7941463402037725,480,-0.6144193098972561
T01176,R0250,0.6691272007286879,0.49338357751606676,0.8159668768315858,2023-09-08,1.0,Ishaan Gupta,0.32892165692651354,0,Jaipur,2021-02-01,0.0017782793317680683,0.3447466676217211,1.147644490726791,Zone_3,0.3749277083599486,0.6357961349550023,0.2581818181818183,Business,0,4,9,1,0,0,0,0,0,0,1,0,0,0,0,0,0,medium,0,376.2778933405265,458.85191502524196,949,193.86530645832454
T01178,R0131,0.5450320768769195,0.49627883373601056,0.6899793077349623,2023-05-07,0.0,Reyansh Ghosh,-0.9803507806608349,1,Surat,2019-10-22,-1.085150337083006,-0.7835591439314143,-0.7497887278792594,Zone_5,0.012308197259374737,-0.9072376299335215,0.44035034732709155,Business,0,6,5,0,1,0,0,0,0,0,0,0,1,0,0,0,0,low,0,-0.5022641179304435,-0.6358375279039185,1293,0.7220742759364575
T01179,R0191,0.8709039324047235,0.8231330460936002,0.9717738902018547,2023-05-07,1.0,Meera Gupta,0.19799441316777866,2,Surat,2020-08-14,-1.1702317814458283,-0.8305718860794616,1.0186927185885153,Zone_4,0.13112332813653896,1.3108734070937318,0.6290909090909091,Business,0,6,5,0,1,0,0,0,0,0,0,1,0,0,0,0,0,low,0,-0.7442149035883443,-0.8304114668644722,996,0.709749896771121
T01180,R0044,0.9142183585584432,0.7154044233351425,0.9751309645271609,2023-01-04,1.0,Arjun Gupta,0.5907761444439832,0,Hyderabad,2020-08-01,0.1343503654507791,-0.8775846282275089,-1.4682343155067934,Zone_3,0.3749277083599486,0.6357961349550023,0.2581818181818183,Business,0,2,1,0,0,1,0,0,0,0,1,0,0,0,0,0,0,medium,0,6.804732949486306,7.25811918155453,886,-6.532059851739091
T01181,R0252,0.6464712549308161,0.609647175299366,0.821609871166433,2023-03-03,1.0,Reyansh Gupta,-0.002498701550705167,2,Ahmedabad,2021-01-31,0.9922549294425698,1.0969505419904781,1.516078125407578,Zone_6,1.0,-2.392407628638726,0.24363636363636365,Mixed,0,4,3,1,0,0,0,0,0,0,0,0,0,1,0,0,0,high,0,0.6515173024073476,0.8280229674726817,761,1.1055128167584156
T01182,R0072,0.874447510490839,0.8787381472875077,0.9448805577124795,2023-03-03,1.0,Saanvi Das,-0.8494235369021,2,Jaipur,2023-11-05,-1.347484790535041,0.0023974683897869183,0.11603031362058941,Zone_8,0.3749277083599486,0.2886135378550845,0.0036363636363636598,Business,0,4,3,0,1,0,0,0,0,0,0,0,0,0,0,1,0,low,0,-0.6489479633707963,-0.7012179761504388,-247,-0.0017792174031403827
T01183,R0115,0.7367761048820329,0.650712596660143,0.7825393771498903,2023-08-07,1.0,Aarav Ghosh,1.1144851194789225,0,Bengaluru,2020-03-01,-0.5817517912696412,-0.40745720674703584,0.7239458108438874,Zone_7,0.7081316156560269,-0.0059291052863966335,0.52,Industrial,0,0,8,1,0,0,0,0,0,0,0,0,0,0,1,0,0,low,0,-1.266478446545149,-1.345143047075182,1254,0.7003969955258461
T01184,R0230,0.6705283374361762,0.5746313657140125,0.7383178146996465,2023-01-02,0.0,Kavya Gupta,0.06706716940904384,1,Chennai,2022-11-22,-0.48958022654325045,-0.03135526956265735,-0.6576803192090631,Zone_10,0.0,-0.46361542252807086,0.44035034732709155,Industrial,0,0,1,0,0,1,0,0,1,0,0,0,0,0,0,0,0,medium,0,-1.36959848679048,-1.5080629785901334,41,0.06404521233229865
T01185,R0177,0.6975856557163392,0.6509612258837734,0.7650129811269268,2023-10-17,1.0,Ishaan Reddy,0.32892165692651354,2,Bengaluru,2023-02-15,1.679996604708716,1.8491544163592353,0.8713192647162021,Zone_9,0.7054238122589644,0.0957343172440192,0.9163636363636365,Business,0,1,10,1,0,0,0,0,0,0,0,0,0,0,0,0,1,high,0,0.415230396157431,0.45536579001572897,244,1.100689377095407
T01186,R0191,0.015633145654885116,0.014247677043294563,0.19418982479170716,2023-10-27,1.0,Meera Gupta,0.19799441316777866,2,Surat,2020-08-14,-1.1702317814458283,-0.8305718860794616,1.0186927185885153,Zone_5,0.012308197259374737,-0.9072376299335215,0.44035034732709155,Business,0,4,10,1,0,0,0,0,0,0,0,0,1,0,0,0,0,low,0,-0.01335901648096608,-0.16594133561454336,1169,0.709749896771121
T01187,R0200,0.7981208595281225,0.6628402824213214,0.8671361544697187,2024-02-22,1.0,Kavya Kumar,-0.19478731810842584,2,Bengaluru,2021-11-15,1.3538510679845643,0.0023974683897869183,-0.7497887278792594,Zone_1,0.3749277083599486,-0.0059291052863966335,0.44035034732709155,Business,0,3,2,0,0,1,0,1,0,0,0,0,0,0,0,0,0,high,0,0.5895189496110972,0.6404959710676279,829,0.0017708509055992063
T01188,R0073,0.8281917177956576,0.8499460071793238,0.8192691745768335,2023-12-30,0.0,Meera Das,1.2454123632376575,2,Ahmedabad,2021-06-19,1.6870867250722845,0.29773392547367383,-1.8366679501875802,Zone_9,0.7054238122589644,0.0957343172440192,0.9163636363636365,Business,0,5,12,0,0,1,0,0,0,0,0,0,0,0,0,0,1,high,0,0.4909005005419464,0.48561177229447483,924,0.17647813894150416
T01189,R0224,0.5492317542058319,0.4784639372813735,0.6420541992099067,2023-04-02,0.0,Ishaan Sharma,-0.3257145618671607,0,Ahmedabad,2020-08-04,-0.3690481803625857,-1.0656355968196982,0.558150675237532,Zone_10,0.0,-0.46361542252807086,0.44035034732709155,Industrial,0,6,4,1,0,0,0,0,1,0,0,0,0,0,0,0,0,medium,0,-1.4882386187793093,-1.7397571194609216,971,2.8875243220891194
T01190,R0244,0.8373999490759952,0.7285615405844703,0.9151178109374729,2023-07-16,0.0,Aadhya Iyer,-0.002498701550705167,0,Kolkata,2019-04-22,-1.5956390032599392,-1.0656355968196982,-1.6156077693791082,Zone_8,0.3749277083599486,0.2886135378550845,0.0036363636363636598,Business,0,6,7,0,0,0,1,0,0,0,0,0,0,0,0,1,0,low,0,-0.5248053897937827,-0.5735118087912486,1546,0.6678425349609606
T01191,R0084,0.6953065506469003,0.5088352219548281,0.8253813456933026,2024-08-04,1.0,Kavya Sharma,0.8526306319614528,1,Jaipur,2019-07-21,0.8079117999897883,-0.8305718860794616,1.2213312176629485,Zone_6,1.0,-2.392407628638726,0.24363636363636365,Mixed,0,6,8,1,0,0,0,0,0,0,0,0,0,1,0,0,0,high,0,0.8606218533454872,1.0216230852225887,1841,-1.0280477226473976
T01192,R0108,0.4064838533614254,0.34064243755303275,0.5209028875279345,2023-03-02,0.0,Reyansh Gupta,-1.765914243213244,1,Pune,2019-05-31,-0.48249010617968197,0.3917594097697685,1.6081865340777743,Zone_1,0.20357758267005824,1.2530096409104126,0.0,Residential,0,3,3,1,0,0,0,1,0,0,0,0,0,0,0,0,0,medium,0,-0.8424708572367048,-1.0796136145721242,1371,-0.8119532499260723
T01193,R0163,0.855399566004241,0.852602024238439,0.8905317162231499,2023-11-02,0.0,Kavya Gupta,0.19799441316777866,2,Ahmedabad,2020-02-20,0.3541440967214032,-0.12538075385875197,-0.8234754548154167,Zone_4,0.13112332813653896,1.3108734070937318,0.6290909090909091,Business,0,3,11,1,0,0,0,0,0,0,0,1,0,0,0,0,0,medium,0,2.415399759372987,2.5146027407135074,1351,-0.35403880798664294
T01194,R0189,0.9272180769320164,0.883177981240914,0.9751309645271609,2023-01-22,1.0,Ishaan Gupta,-0.3257145618671607,0,Delhi,2019-09-16,-0.09962360654698198,0.8618868312502416,-1.3392825433685185,Zone_10,0.0,-0.46361542252807086,0.44035034732709155,Industrial,0,6,1,0,0,0,1,0,1,0,0,0,0,0,0,0,0,medium,0,-9.307212507858218,-9.788151607092182,1224,-8.651431735145827
T01195,R0221,0.5212409626777855,0.43129181357470237,0.7191812334227945,2024-02-28,1.0,Diya Patel,-1.3731325119370394,0,Surat,2021-01-13,-1.0355194945380264,-1.0656355968196982,-0.0009730452730406338,Zone_9,0.7054238122589644,0.0957343172440192,0.9163636363636365,Business,0,2,2,0,1,0,0,0,0,0,0,0,0,0,0,0,1,low,0,-0.5033618057671868,-0.6945125004562478,1141,1.0290830857753261
T01196,R0290,0.7483204299093935,0.7002057418054497,0.8711989541307847,2023-06-10,0.0,Ishaan Gupta,0.32892165692651354,2,Chennai,2020-05-06,-0.5888419116332098,-0.9245973703755562,0.5028856300354152,Zone_10,0.0,-0.46361542252807086,0.44035034732709155,Industrial,0,5,6,1,0,0,0,0,1,0,0,0,0,0,0,0,0,low,0,-1.2708341833784467,-1.479512475113109,1130,1.5701962650910775
T01197,R0252,0.18554357364111704,0.15833242700351338,0.4823293049675476,2024-04-16,1.0,Reyansh Gupta,-0.002498701550705167,2,Ahmedabad,2021-01-31,0.9922549294425698,1.0969505419904781,1.516078125407578,Zone_1,0.3749277083599486,-0.0059291052863966335,0.44035034732709155,Business,0,1,4,0,0,0,1,1,0,0,0,0,0,0,0,0,0,high,0,0.18699183862493074,0.48609413836675136,1171,1.1055128167584156
T01198,R0208,0.7345527028263208,0.6078991742213641,0.7964963273119912,2023-04-08,0.0,Aadhya Iyer,-0.9803507806608349,2,Chennai,2020-01-08,0.7370105963541032,1.379026994878762,1.3687046715352633,Zone_3,0.3749277083599486,0.6357961349550023,0.2581818181818183,Business,0,5,4,0,0,1,0,0,0,0,1,0,0,0,0,0,0,high,0,0.9966650499464441,1.0807121787015768,1186,1.8711087760483112
T01199,R0083,0.7893790496274857,0.7921632062595013,0.8463224671168035,2024-05-24,1.0,Kavya Patel,1.7691213382725968,0,Mumbai,2021-12-31,0.0017782793317680683,0.7208486048060996,0.7239458108438874,Zone_3,0.3749277083599486,0.6357961349550023,0.2581818181818183,Business,0,4,5,0,0,1,0,0,0,0,1,0,0,0,0,0,0,medium,0,443.9004803832699,475.92211864451053,875,405.3629775303018
T01200,R0064,0.9333450671402627,0.889318100450285,0.9751309645271609,2024-03-29,1.0,Ishaan Nair,-1.3731325119370394,0,Bengaluru,2023-09-30,-0.26978649527262644,-1.018622854671651,0.3739338578971394,Zone_1,0.20357758267005824,1.2530096409104126,0.0,Residential,0,4,3,0,1,0,0,1,0,0,0,0,0,0,0,0,0,medium,0,-3.459569264937048,-3.614454324490057,181,3.775662876091353
T01201,R0187,0.9149975369876138,0.7180360945632439,0.9164793978758243,2024-06-26,1.0,Saanvi Reddy,-0.002498701550705167,2,Surat,2022-08-05,0.7441007167176716,0.6738358626580523,1.295017944599106,Zone_4,0.13112332813653896,1.3108734070937318,0.6290909090909091,Business,0,2,6,1,0,0,0,0,0,0,0,1,0,0,0,0,0,high,0,1.2296689365168079,1.2316604154321182,691,0.9055707749220199
T01202,R0203,0.923068628049773,0.8974762514376928,0.9523647885337239,2023-07-27,1.0,Kavya Gupta,2.2928303133075363,0,Surat,2023-07-25,-0.7093739578138746,-0.6895336596353198,-0.7497887278792594,Zone_7,0.7081316156560269,-0.0059291052863966335,0.52,Industrial,0,3,7,1,0,0,0,0,0,0,0,0,0,0,1,0,0,low,0,-1.301244030573741,-1.3425426434721264,2,0.9720312566312724
T01203,R0008,0.5978805807056108,0.48197043643977044,0.7084876480912752,2023-11-18,1.0,Ishaan Ghosh,-0.4566418056258955,0,Jaipur,2022-10-01,-0.2626963749090579,-0.03135526956265735,0.023921904950391464,Zone_1,0.3749277083599486,-0.0059291052863966335,0.44035034732709155,Business,0,5,11,0,1,0,0,1,0,0,0,0,0,0,0,0,0,medium,0,-2.2759376900902777,-2.696982964978274,413,0.11935935383010954
T01204,R0300,0.6632936456818262,0.4713782475048379,0.7764918503468057,2023-06-26,1.0,Saanvi Iyer,0.8526306319614528,0,Kolkata,2023-07-08,0.2761527727221495,-0.7835591439314143,-0.6208369557409844,Zone_4,0.13112332813653896,1.3108734070937318,0.6290909090909091,Business,0,0,6,1,0,0,0,0,0,0,0,1,0,0,0,0,0,medium,0,2.401908331911618,2.8118198585971514,-12,-2.837411828994347
T01205,R0068,0.08422513866808275,0.09386800565264314,0.33571118949974493,2024-03-22,0.0,Meera Singh,-0.19478731810842584,0,Ahmedabad,2022-08-31,0.0017782793317680683,2.1782436113955663,1.773981669684128,Zone_4,0.13112332813653896,1.3108734070937318,0.6290909090909091,Business,0,4,3,0,1,0,0,0,0,0,0,1,0,0,0,0,0,medium,0,47.36327817764222,188.78428349384313,569,1224.9164529342138
T01206,R0121,0.5456353464879878,0.3725676354471326,0.7781679289677652,2023-06-21,0.0,Diya Iyer,-0.3257145618671607,1,Pune,2023-07-13,0.8929932443526105,-0.6425209174872724,0.30024713096098204,Zone_2,0.3225568228440141,-0.0059291052863966335,1.0,Residential,0,2,6,1,0,0,0,0,0,1,0,0,0,0,0,0,0,high,0,0.611018448279029,0.8714152474153489,-22,-0.7195137494607565
T01207,R0003,0.1744689401419112,0.16760091031228674,0.4094621145218122,2024-02-08,1.0,Kavya Reddy,0.32892165692651354,1,Pune,2023-05-04,-1.468016836715706,-0.6895336596353198,-0.4550418201346307,Zone_9,0.7054238122589644,0.0957343172440192,0.9163636363636365,Business,0,3,2,0,0,0,1,0,0,0,0,0,0,0,0,0,1,low,0,-0.11884668879700226,-0.27892194713370855,280,0.46970419029932
T01208,R0141,0.7717645187510763,0.74039707501883,0.9059328612746929,2023-09-08,0.0,Arjun Das,-0.8494235369021,2,Jaipur,2019-07-08,-1.411295873807158,-1.1126483389677455,0.5213073117694542,Zone_5,0.012308197259374737,-0.9072376299335215,0.44035034732709155,Business,0,4,9,0,0,0,1,0,0,0,0,0,1,0,0,0,0,low,0,-0.5468481365775832,-0.641915616766326,1523,0.7883877219638069
T01209,R0068,0.5516075494162694,0.501196747839734,0.6592813250326712,2023-08-23,1.0,Meera Singh,-0.19478731810842584,0,Ahmedabad,2022-08-31,0.0017782793317680683,2.1782436113955663,1.773981669684128,Zone_3,0.3749277083599486,0.6357961349550023,0.2581818181818183,Business,0,2,8,1,0,0,0,0,0,0,1,0,0,0,0,0,0,medium,0,310.19173397681527,370.74115031026963,357,1224.9164529342138
T01210,R0062,0.40183696986177714,0.3006939440914466,0.5034974199032576,2023-04-03,0.0,Kavya Sharma,0.8526306319614528,1,Jaipur,2019-05-13,-1.3829353923528838,-0.9716101125236036,-0.786632091347338,Zone_1,0.20357758267005824,1.2530096409104126,0.0,Residential,0,0,4,1,0,0,0,1,0,0,0,0,0,0,0,0,0,low,0,-0.2905681437352645,-0.3640787723616087,1421,0.7025708633217753
T01211,R0005,0.6393110690691587,0.5740158115803318,0.6947033054601479,2023-06-09,0.0,Diya Reddy,-0.5875690493846304,1,Ahmedabad,2021-05-31,0.297423133812855,0.29773392547367383,-0.8787405000175352,Zone_6,1.0,-2.392407628638726,0.24363636363636365,Mixed,0,4,6,0,1,0,0,0,0,0,0,0,0,1,0,0,0,medium,0,2.1495001443681474,2.3357406552553845,739,1.0010449478385712
T01212,R0017,0.36101227095679844,0.28279169278632516,0.5124910274354229,2024-05-04,1.0,Meera Das,2.2928303133075363,0,Mumbai,2023-03-18,0.0017782793317680683,-0.12538075385875197,-0.3260900479963549,Zone_6,1.0,-2.392407628638726,0.24363636363636365,Mixed,0,5,5,0,0,1,0,0,0,0,0,0,0,1,0,0,0,medium,0,203.01212779538923,288.19489620107913,413,-70.50678238164707
T01213,R0220,0.763207648562345,0.6129185655923736,0.9027917807622157,2023-02-16,1.0,Ishaan Gupta,0.06706716940904384,0,Kolkata,2023-04-18,1.6941768454358532,1.8491544163592353,-0.418198456666552,Zone_8,0.3749277083599486,0.2886135378550845,0.0036363636363636598,Business,0,3,2,0,0,0,1,0,0,0,0,0,0,0,0,1,0,high,0,0.4504887731280485,0.5328793054835775,-61,1.0914766196580332
T01214,R0248,0.7591573198791607,0.741452117835204,0.7950028537267557,2023-01-31,0.0,Vivaan Ghosh,-1.765914243213244,0,Chennai,2021-10-24,-1.0496997352651634,-0.5484954331911778,-0.6576803192090631,Zone_4,0.13112332813653896,1.3108734070937318,0.6290909090909091,Business,0,1,1,0,0,1,0,0,0,0,0,1,0,0,0,0,0,low,0,-0.723213786166566,-0.7573621551175594,464,0.5225260279337148
T01215,R0036,0.6482370451846365,0.49280262414562104,0.7632956626831946,2024-06-19,1.0,Aadhya Das,-0.19478731810842584,0,Surat,2022-03-16,-0.5321209487246615,-0.40745720674703584,1.6450298975458537,Zone_2,0.3225568228440141,-0.0059291052863966335,1.0,Residential,0,2,6,0,0,0,1,0,0,1,0,0,0,0,0,0,0,medium,0,-1.218213728924357,-1.4344401672450433,826,0.7657229201811951
T01216,R0008,0.5413888747863116,0.40947017217295245,0.6402941499040691,2023-09-08,0.0,Ishaan Ghosh,-0.4566418056258955,0,Jaipur,2022-10-01,-0.2626963749090579,-0.03135526956265735,0.023921904950391464,Zone_3,0.3749277083599486,0.6357961349550023,0.2581818181818183,Business,0,4,9,1,0,0,0,0,0,0,1,0,0,0,0,0,0,medium,0,-2.060892065883031,-2.437392408348728,342,0.11935935383010954
T01217,R0209,0.26561782543670864,0.2320443477681025,0.47825346305452515,2023-09-03,1.0,Vivaan Sharma,-0.06386007434969102,2,Surat,2020-06-11,-1.014249133447321,-0.1723934960067993,-0.43662013840059094,Zone_6,1.0,-2.392407628638726,0.24363636363636365,Mixed,0,6,9,0,0,0,1,0,0,0,0,0,0,1,0,0,0,low,0,-0.26188617438981976,-0.47153450496821664,1179,0.1699715487267441
T01218,R0041,0.7992319844141741,0.6279033907948758,0.8636946065465418,2023-10-11,0.0,Aarav Nair,-0.8494235369021,2,Pune,2021-01-31,0.7157402352633976,-0.736546401783367,1.3502829898012243,Zone_9,0.7054238122589644,0.0957343172440192,0.9163636363636365,Business,0,2,10,1,0,0,0,0,0,0,0,0,0,0,0,0,1,high,0,1.1166509091389154,1.206715179605204,983,-1.0290694381772636
T01219,R0029,0.7502591323447695,0.592002634693446,0.903347918705691,2023-07-21,0.0,Kavya Iyer,-0.19478731810842584,1,Surat,2022-07-24,-1.7587117716220153,-1.1126483389677455,-0.0009730452730406338,Zone_8,0.3749277083599486,0.2886135378550845,0.0036363636363636598,Business,0,4,7,1,0,0,0,0,0,0,0,0,0,0,0,1,0,low,0,-0.4265958438731689,-0.5136418219754998,362,0.6326496228211278
T01220,R0266,0.786220014532594,0.6184215266983444,0.8991129401847371,2023-10-15,1.0,Diya Reddy,-0.3257145618671607,1,Chennai,2020-09-25,-1.0922404574465745,-0.5014826910431305,-0.19713827585807986,Zone_7,0.7081316156560269,-0.0059291052863966335,0.52,Industrial,0,6,10,0,1,0,0,0,0,0,0,0,0,0,1,0,0,low,0,-0.7198231938511132,-0.8231822343283929,1115,0.45913213306114864
T01221,R0113,0.6504309446433008,0.534555995830838,0.8092570016905294,2023-09-08,1.0,Aadhya Singh,-0.7184962931433652,2,Chennai,2019-03-09,1.212048660713194,0.10968295688148458,1.1108011272587133,Zone_4,0.13112332813653896,1.3108734070937318,0.6290909090909091,Business,0,4,9,0,0,0,1,0,0,0,0,1,0,0,0,0,0,high,0,0.536637649729817,0.6676769901419191,1644,0.0904938559289731
T01222,R0207,0.7212370831976486,0.6143380599425465,0.7382169881992757,2023-10-08,1.0,Ishaan Iyer,-0.06386007434969102,1,Mumbai,2023-12-06,-1.4538365959885688,0.0023974683897869183,-0.1418732306559614,Zone_7,0.7081316156560269,-0.0059291052863966335,0.52,Industrial,0,6,10,1,0,0,0,0,0,0,0,0,0,0,1,0,0,low,0,-0.4960922604285024,-0.5077716369474855,-59,-0.0016490631728503888
T01223,R0115,0.903513394808794,0.6861069272395395,0.9787156213923944,2023-06-23,0.0,Aarav Ghosh,1.1144851194789225,0,Bengaluru,2020-03-01,-0.5817517912696412,-0.40745720674703584,0.7239458108438874,Zone_4,0.13112332813653896,1.3108734070937318,0.6290909090909091,Business,0,4,6,0,0,1,0,0,0,0,0,1,0,0,0,0,0,low,0,-1.5530908685935043,-1.6823594462105593,1209,0.7003969955258461
T01224,R0243,0.5788458530906259,0.4049700938556217,0.8015478221767103,2023-03-01,1.0,Ishaan Patel,0.19799441316777866,1,Jaipur,2023-02-06,0.44631566144779394,-0.5955081753392251,-0.5655719105388659,Zone_1,0.3749277083599486,-0.0059291052863966335,0.44035034732709155,Business,0,2,3,0,1,0,0,1,0,0,0,0,0,0,0,0,0,medium,0,1.2969427315477122,1.7959213431511372,23,-1.334275775596735
T01225,R0298,0.6491163738489749,0.4840761223400246,0.691013762555091,2024-06-14,0.0,Vivaan Singh,0.45984890068524836,0,Ahmedabad,2020-03-25,-1.3262144294443357,-0.5955081753392251,-0.23398163932615854,Zone_3,0.3749277083599486,0.6357961349550023,0.2581818181818183,Business,0,4,6,1,0,0,0,0,0,0,1,0,0,0,0,0,0,low,0,-0.4894505439221809,-0.5210422592405479,1542,0.44902857495581183
T01226,R0285,0.8243112485153006,0.8572406101518009,0.9462309903719701,2024-01-16,0.0,Diya Iyer,-0.3257145618671607,0,Chennai,2019-01-10,-0.05708288436557087,-0.36044446459898855,1.773981669684128,Zone_10,0.0,-0.46361542252807086,0.44035034732709155,Industrial,0,1,1,0,0,1,0,0,1,0,0,0,0,0,0,0,0,medium,0,-14.44060260228332,-16.576439696216234,1832,6.314405247825704
T01227,R0289,0.7619667338638705,0.6278004958620262,0.8487248620136154,2023-11-30,1.0,Aarav Gupta,-1.3731325119370394,2,Chennai,2021-09-30,0.49594650399277357,-0.45446994889508313,0.30024713096098204,Zone_8,0.3749277083599486,0.2886135378550845,0.0036363636363636598,Business,0,3,11,1,0,0,0,0,0,0,0,0,0,0,0,1,0,medium,0,1.5363889607637462,1.7113234092400864,791,-0.9163688930887296
T01228,R0191,0.3765462783748891,0.27836869658212016,0.50861801024608,2024-03-26,1.0,Meera Gupta,0.19799441316777866,2,Surat,2020-08-14,-1.1702317814458283,-0.8305718860794616,1.0186927185885153,Zone_3,0.3749277083599486,0.6357961349550023,0.2581818181818183,Business,0,1,3,0,1,0,0,0,0,0,1,0,0,0,0,0,0,low,0,-0.3217706819666647,-0.4346301461900816,1320,0.709749896771121
T01229,R0230,0.11264918012907034,0.1367492316279015,0.2575770712487358,2023-12-20,1.0,Kavya Gupta,0.06706716940904384,1,Chennai,2022-11-22,-0.48958022654325045,-0.03135526956265735,-0.6576803192090631,Zone_9,0.7054238122589644,0.0957343172440192,0.9163636363636365,Business,0,2,12,1,0,0,0,0,0,0,0,0,0,0,0,0,1,medium,0,-0.23009340251432459,-0.5261182075660912,393,0.06404521233229865
T01230,R0057,0.5620898520160061,0.42146799217233705,0.7248130393284511,2024-03-01,0.0,Aadhya Reddy,0.9835578757201877,1,Bengaluru,2023-06-04,1.0986067348960975,-0.5955081753392251,-0.6392586374750233,Zone_1,0.20357758267005824,1.2530096409104126,0.0,Residential,0,4,3,0,1,0,0,1,0,0,0,0,0,0,0,0,0,high,0,0.5116388186616813,0.6597565956092573,271,-0.5420576412136653
T01231,R0134,0.8449604078097244,0.6442163407504626,0.8870717879095287,2023-11-16,0.0,Aadhya Singh,0.32892165692651354,1,Jaipur,2022-07-30,1.1198770959868032,0.25072118332562654,-0.0009730452730406338,Zone_5,0.012308197259374737,-0.9072376299335215,0.44035034732709155,Business,0,3,11,1,0,0,0,0,0,0,0,0,1,0,0,0,0,high,0,0.7545117324371831,0.7921153054102484,474,0.2238827673359087
T01232,R0109,0.8149325066980228,0.6790249231054631,0.8138520841602663,2023-07-13,1.0,Vivaan Kumar,0.45984890068524836,0,Delhi,2022-11-19,-1.347484790535041,-0.8775846282275089,-1.2103307712302427,Zone_6,1.0,-2.392407628638726,0.24363636363636365,Mixed,0,3,7,0,0,1,0,0,0,0,0,0,0,1,0,0,0,low,0,-0.604780486148894,-0.6039786792970873,236,0.6512760918652369
T01233,R0247,0.79420188740111,0.7270412173186686,0.7905636157138227,2023-08-21,1.0,Aadhya Das,0.7217033882027181,1,Bengaluru,2021-05-11,-0.02163228254772828,1.0969505419904781,1.6818732610139318,Zone_9,0.7054238122589644,0.0957343172440192,0.9163636363636365,Business,0,0,8,1,0,0,0,0,0,0,0,0,0,0,0,0,1,medium,0,-36.71373493059859,-36.54554779272907,832,-50.708959610259654
T01234,R0139,0.8187686224148453,0.7416278191430438,0.850460157005539,2024-06-08,1.0,Diya Gupta,1.638194094513862,1,Kolkata,2021-01-31,-0.688103596723169,-0.7835591439314143,0.7055241291098469,Zone_4,0.13112332813653896,1.3108734070937318,0.6290909090909091,Business,0,5,6,0,1,0,0,0,0,0,0,1,0,0,0,0,0,low,0,-1.1898915022591345,-1.2359478442716056,1224,1.1387226395310472
T01235,R0149,0.45920464952373335,0.3969193302718597,0.6938467702884239,2023-03-14,1.0,Diya Reddy,-0.19478731810842584,1,Jaipur,2019-09-14,-1.156051540718691,-0.736546401783367,1.0371144003225559,Zone_6,1.0,-2.392407628638726,0.24363636363636365,Mixed,0,1,3,0,0,1,0,0,0,0,0,0,0,1,0,0,0,low,0,-0.39721814586074267,-0.600186709545039,1277,0.6371224602369137
T01236,R0220,0.8055486328706973,0.8254356810589177,0.9040269727161265,2024-07-25,1.0,Ishaan Gupta,0.06706716940904384,0,Kolkata,2023-04-18,1.6941768454358532,1.8491544163592353,-0.418198456666552,Zone_9,0.7054238122589644,0.0957343172440192,0.9163636363636365,Business,0,3,7,1,0,0,0,0,0,0,0,0,0,0,0,0,1,high,0,0.47548084194448864,0.533608386368633,464,1.0914766196580332
T01237,R0188,0.47678414043275263,0.41625716556636866,0.6381941679023913,2023-05-28,1.0,Vivaan Gupta,-0.9803507806608349,1,Delhi,2020-07-16,1.3042202254395847,1.8961671585072826,-1.5787644059110295,Zone_4,0.13112332813653896,1.3108734070937318,0.6290909090909091,Business,0,6,5,0,1,0,0,0,0,0,0,1,0,0,0,0,0,high,0,0.3655702703675321,0.48933006516387156,1046,1.4538703828704875
T01238,R0195,0.8495092080434349,0.8022876956169456,0.90852557813214,2023-07-29,0.0,Aadhya Reddy,0.19799441316777866,1,Kolkata,2021-01-31,-1.276583586899356,-0.6425209174872724,1.773981669684128,Zone_5,0.012308197259374737,-0.9072376299335215,0.44035034732709155,Business,0,5,7,0,0,0,1,0,0,0,0,0,1,0,0,0,0,low,0,-0.6654552171603385,-0.7116851473383128,909,0.5033128453796483
T01239,R0071,0.6024708726495089,0.5257485113702904,0.8130267695901301,2023-07-29,1.0,Vivaan Nair,0.45984890068524836,1,Surat,2021-01-31,-1.3120341887171987,-0.9245973703755562,-0.3445117297303946,Zone_4,0.13112332813653896,1.3108734070937318,0.6290909090909091,Business,0,5,7,1,0,0,0,0,0,0,0,1,0,0,0,0,0,low,0,-0.4591883945025521,-0.6196688901720177,909,0.7047052419263198
T01240,R0036,0.758843666084969,0.7482317535067009,0.8519369243542456,2024-06-19,0.0,Aadhya Das,-0.19478731810842584,0,Surat,2022-03-16,-0.5321209487246615,-0.40745720674703584,1.6450298975458537,Zone_1,0.20357758267005824,1.2530096409104126,0.0,Residential,0,2,6,0,1,0,0,1,0,0,0,0,0,0,0,0,0,medium,0,-1.426073654690152,-1.6010212084228024,826,0.7657229201811951
T01241,R0133,0.2754116759343113,0.24595341859552766,0.5652777683772647,2023-04-16,1.0,Diya Kumar,-0.8494235369021,0,Delhi,2019-07-13,-0.688103596723169,0.0023974683897869183,0.7239458108438874,Zone_8,0.3749277083599486,0.2886135378550845,0.0036363636363636598,Business,0,6,4,0,0,0,1,0,0,0,0,0,0,0,0,1,0,low,0,-0.40024740060341846,-0.8215009644902084,1373,-0.0034841677927625247
T01242,R0185,0.2598866187580545,0.17902188642972142,0.5519390891199554,2023-02-08,1.0,Vivaan Sharma,-0.5875690493846304,1,Delhi,2021-08-27,-0.36195805999901715,-0.5484954331911778,0.07918695015250991,Zone_4,0.13112332813653896,1.3108734070937318,0.6290909090909091,Business,0,2,2,1,0,0,0,0,0,0,0,1,0,0,0,0,0,medium,0,-0.7180020214462421,-1.5248702822682112,530,1.5153563183333094
T01243,R0116,0.8659678846217359,0.7706025184351708,0.9166388874552858,2023-10-06,0.0,Ishaan Kumar,0.32892165692651354,0,Bengaluru,2020-02-08,-0.09962360654698198,0.29773392547367383,1.0555360820565947,Zone_1,0.3749277083599486,-0.0059291052863966335,0.44035034732709155,Business,0,4,10,1,0,0,0,1,0,0,0,0,0,0,0,0,0,medium,0,-8.692396457393357,-9.201020914887312,1336,-2.9885881047005065
T01244,R0032,0.8175648368283648,0.8172291985379466,0.9254966721072082,2023-03-27,1.0,Kavya Reddy,-1.765914243213244,0,Mumbai,2023-09-20,-0.2768766156361949,0.015657472585389957,-0.012921458517686406,Zone_2,0.3225568228440141,-0.0059291052863966335,1.0,Residential,0,0,3,0,0,1,0,0,0,1,0,0,0,0,0,0,0,medium,0,-2.9528128800252786,-3.342632132297062,-177,-0.05655036106755677
T01245,R0195,0.3424650637408831,0.3186940882925038,0.48074574292726985,2024-05-21,1.0,Aadhya Reddy,0.19799441316777866,1,Kolkata,2021-01-31,-1.276583586899356,-0.6425209174872724,1.773981669684128,Zone_1,0.20357758267005824,1.2530096409104126,0.0,Residential,0,1,5,0,0,0,1,1,0,0,0,0,0,0,0,0,0,low,0,-0.26826685479537077,-0.37658775176244774,1206,0.5033128453796483
T01246,R0271,0.887403751962361,0.697510104304899,0.8087194361778591,2024-01-01,0.0,Saanvi Iyer,-1.2422052681783047,1,Bengaluru,2022-10-07,-1.3758452719893153,-0.8305718860794616,0.6686807656417689,Zone_1,0.20357758267005824,1.2530096409104126,0.0,Residential,0,0,1,0,0,1,0,1,0,0,0,0,0,0,0,0,0,low,0,-0.6449880448251833,-0.5877982449353066,451,0.6036811718504869
T01247,R0118,0.4074053501686842,0.35321784969342557,0.5876151435607431,2024-06-14,1.0,Reyansh Gupta,-0.3257145618671607,1,Surat,2023-09-26,-0.6172023930874838,0.015657472585389957,0.22656040402482466,Zone_9,0.7054238122589644,0.0957343172440192,0.9163636363636365,Business,0,4,6,0,0,1,0,0,0,0,0,0,0,0,0,0,1,low,0,-0.6600838796665804,-0.9520623220873562,262,-0.025368457350052154
T01248,R0143,0.7149089571967235,0.5762512238745895,0.8566722307071282,2024-03-26,0.0,Meera Kumar,1.3763396069963922,2,Kolkata,2023-03-28,-1.262403346172219,-0.5014826910431305,1.0186927185885153,Zone_7,0.7081316156560269,-0.0059291052863966335,0.52,Industrial,0,1,3,0,0,0,1,0,0,0,0,0,0,0,1,0,0,low,0,-0.5663078756598879,-0.6786042141797837,364,0.39724442474245264
T01249,R0107,0.6099808677995092,0.43216803554348243,0.7115702071110459,2024-01-24,1.0,Reyansh Gupta,-0.002498701550705167,1,Hyderabad,2020-01-11,-0.5179407079975246,-0.45446994889508313,-0.6392586374750233,Zone_1,0.20357758267005824,1.2530096409104126,0.0,Residential,0,2,1,0,0,1,0,1,0,0,0,0,0,0,0,0,0,medium,0,-1.1777040467775408,-1.3738449133726842,1474,0.8774555501770971
T01250,R0276,0.4760391677004146,0.3223343050060929,0.6040471688851594,2023-12-26,0.0,Aadhya Ghosh,-0.7184962931433652,2,Chennai,2022-11-07,-0.39740866181685974,-1.0656355968196982,-0.6945236826771417,Zone_8,0.3749277083599486,0.2886135378550845,0.0036363636363636598,Business,0,1,12,0,1,0,0,0,0,0,0,0,0,0,0,1,0,medium,0,-1.197858057557363,-1.5199647791359066,414,2.681460418974918
T01251,R0269,0.8746677129943266,0.8789248148349498,0.9668735129767423,2023-02-05,0.0,Aadhya Sharma,1.2454123632376575,1,Mumbai,2019-05-19,0.0017782793317680683,-0.36044446459898855,-1.0998006808260066,Zone_6,1.0,-2.392407628638726,0.24363636363636365,Mixed,0,6,2,1,0,0,0,0,0,0,0,0,0,1,0,0,0,medium,0,491.86182247570815,543.7129565102805,1358,-202.6928268016329
T01252,R0224,0.9270306046734684,0.9617440861275435,0.8573965011558937,2023-11-03,1.0,Ishaan Sharma,-0.3257145618671607,0,Ahmedabad,2020-08-04,-0.3690481803625857,-1.0656355968196982,0.558150675237532,Zone_4,0.13112332813653896,1.3108734070937318,0.6290909090909091,Business,0,4,11,0,0,1,0,0,0,0,0,1,0,0,0,0,0,medium,0,-2.5119500759024778,-2.32326440497149,1186,2.8875243220891194
T01253,R0292,0.7421041806149714,0.607793082230587,0.8035142562543836,2023-09-08,0.0,Ishaan Gupta,0.7217033882027181,0,Jaipur,2020-06-28,-0.7873652818131283,-0.2194062381548466,0.7055241291098469,Zone_1,0.20357758267005824,1.2530096409104126,0.0,Residential,0,4,9,1,0,0,0,1,0,0,0,0,0,0,0,0,0,low,0,-0.942515751908783,-1.0205101428958967,1167,0.27865876642363824
T01254,R0135,0.9118696097830943,0.782998372151063,0.8950925690789406,2024-07-17,1.0,Reyansh Patel,0.8526306319614528,0,Ahmedabad,2022-02-24,-0.702283837450306,-0.736546401783367,-0.9892705904217705,Zone_7,0.7081316156560269,-0.0059291052863966335,0.52,Industrial,0,2,7,0,0,1,0,0,0,0,0,0,0,0,1,0,0,low,0,-1.298434566134549,-1.2745453068215853,874,1.0487873456656127
T01255,R0058,0.6556369576371994,0.5201269570899398,0.8140871722368712,2023-02-21,0.0,Vivaan Reddy,1.9000485820313315,1,Kolkata,2021-05-31,1.6161855214365994,0.06267021473343727,0.5765723569715726,Zone_7,0.7081316156560269,-0.0059291052863966335,0.52,Industrial,0,1,2,0,0,1,0,0,0,0,0,0,0,0,1,0,0,high,0,0.40566936712464485,0.5037089872660431,631,0.03877662180622111
T01256,R0276,0.7303340303875283,0.6850182718836283,0.8457705326298128,2023-07-26,0.0,Aadhya Ghosh,-0.7184962931433652,2,Chennai,2022-11-07,-0.39740866181685974,-1.0656355968196982,-0.6945236826771417,Zone_8,0.3749277083599486,0.2886135378550845,0.0036363636363636598,Business,0,2,7,0,1,0,0,0,0,0,0,0,0,0,0,1,0,medium,0,-1.837740594401268,-2.1282136347082803,261,2.681460418974918
T01257,R0203,0.7344174635772129,0.6740880231324703,0.8264666653322219,2024-03-01,0.0,Kavya Gupta,2.2928303133075363,0,Surat,2023-07-25,-0.7093739578138746,-0.6895336596353198,-0.7497887278792594,Zone_4,0.13112332813653896,1.3108734070937318,0.6290909090909091,Business,0,4,3,1,0,0,0,0,0,0,0,1,0,0,0,0,0,low,0,-1.0353036723261122,-1.165064852224347,220,0.9720312566312724
T01258,R0115,0.3755333460856054,0.24352041731058904,0.5177154233299777,2024-03-05,1.0,Aarav Ghosh,1.1144851194789225,0,Bengaluru,2020-03-01,-0.5817517912696412,-0.40745720674703584,0.7239458108438874,Zone_8,0.3749277083599486,0.2886135378550845,0.0036363636363636598,Business,0,1,3,1,0,0,0,0,0,0,0,0,0,0,0,1,0,low,0,-0.6455215982507327,-0.8899249320747123,1465,0.7003969955258461
T01259,R0060,0.7913735545681351,0.5633407352632979,0.7594419177631315,2023-03-22,1.0,Ishaan Gupta,1.1144851194789225,0,Surat,2023-08-01,-0.9149874483573616,-0.7835591439314143,1.0371144003225559,Zone_2,0.3225568228440141,-0.0059291052863966335,1.0,Residential,0,2,3,0,0,1,0,0,0,1,0,0,0,0,0,0,0,low,0,-0.8649009950779704,-0.8300025526323073,-132,0.8563605384293578
T01260,R0136,0.8199159334336243,0.6252229189330762,0.8274848489548456,2023-06-21,1.0,Diya Ghosh,0.32892165692651354,1,Hyderabad,2019-01-19,0.6164785501734383,-0.5955081753392251,-0.3445117297303946,Zone_5,0.012308197259374737,-0.9072376299335215,0.44035034732709155,Business,0,2,6,0,0,0,1,0,0,0,0,0,1,0,0,0,0,high,0,1.3299991268195002,1.342276789228179,1614,-0.965983609927201
T01261,R0057,0.6780887961699055,0.5635686314292112,0.7188659599921425,2023-04-07,1.0,Aadhya Reddy,0.9835578757201877,1,Bengaluru,2023-06-04,1.0986067348960975,-0.5955081753392251,-0.6392586374750233,Zone_7,0.7081316156560269,-0.0059291052863966335,0.52,Industrial,0,4,4,0,0,1,0,0,0,0,0,0,0,0,1,0,0,high,0,0.6172261416493472,0.6543433033478813,-58,-0.5420576412136653
T01262,R0282,0.11715505020880715,0.11969776598068196,0.2889272648822333,2024-08-02,0.0,Reyansh Kumar,-1.2422052681783047,1,Bengaluru,2022-05-02,0.474676142902068,-0.9716101125236036,-0.0009730452730406338,Zone_4,0.13112332813653896,1.3108734070937318,0.6290909090909091,Business,0,4,8,0,1,0,0,0,0,0,0,1,0,0,0,0,0,medium,0,0.24681048744633832,0.6086829287770691,823,-2.046890552753269
T01263,R0220,0.7720660142976776,0.715222588950686,0.9159273081440531,2024-05-02,1.0,Ishaan Gupta,0.06706716940904384,0,Kolkata,2023-04-18,1.6941768454358532,1.8491544163592353,-0.418198456666552,Zone_3,0.3749277083599486,0.6357961349550023,0.2581818181818183,Business,0,3,5,1,0,0,0,0,0,0,1,0,0,0,0,0,0,high,0,0.4557174868595561,0.5406326444677719,380,1.0914766196580332
T01264,R0056,0.10808028884694763,0.10202602016972234,0.3348968020317086,2023-04-18,0.0,Meera Patel,1.1144851194789225,2,Hyderabad,2021-02-26,-1.1276910592644172,-0.5014826910431305,-1.394547588570636,Zone_1,0.3749277083599486,-0.0059291052863966335,0.44035034732709155,Business,0,1,4,0,0,1,0,1,0,0,0,0,0,0,0,0,0,low,0,-0.09584210849152909,-0.2969756648156444,781,0.4446986494423776
T01265,R0116,0.5153430419611603,0.45370369613688366,0.7471613544980091,2023-06-03,1.0,Ishaan Kumar,0.32892165692651354,0,Bengaluru,2020-02-08,-0.09962360654698198,0.29773392547367383,1.0555360820565947,Zone_1,0.20357758267005824,1.2530096409104126,0.0,Residential,0,5,6,1,0,0,0,1,0,0,0,0,0,0,0,0,0,medium,0,-5.172900879854487,-7.499842460989923,1211,-2.9885881047005065
T01266,R0125,0.7344174635772129,0.5476350762296098,0.8284490483770726,2023-12-23,1.0,Saanvi Ghosh,1.638194094513862,1,Ahmedabad,2023-04-22,-1.085150337083006,-0.2194062381548466,-0.2155599575921188,Zone_7,0.7081316156560269,-0.0059291052863966335,0.52,Industrial,0,5,12,1,0,0,0,0,0,0,0,0,0,0,1,0,0,low,0,-0.6767886793929415,-0.7634417279029074,245,0.20218971570762517
T01267,R0258,0.528942782718462,0.49370605408671797,0.5915901740065557,2023-07-14,1.0,Vivaan Nair,0.06706716940904384,0,Jaipur,2020-01-29,0.43213542072065686,0.7208486048060996,-0.4550418201346307,Zone_3,0.3749277083599486,0.6357961349550023,0.2581818181818183,Business,0,4,7,0,0,1,0,0,0,0,1,0,0,0,0,0,0,medium,0,1.224020891035414,1.368992555666883,1262,1.6681081213013411
T01268,R0142,0.754420595010892,0.7153589688643776,0.8393892192578876,2023-08-09,1.0,Meera Nair,0.19799441316777866,0,Kolkata,2021-03-04,-1.2340428647179449,-0.8775846282275089,-0.9708489086877315,Zone_6,1.0,-2.392407628638726,0.24363636363636365,Mixed,0,2,8,0,0,0,1,0,0,0,0,0,0,1,0,0,0,low,0,-0.6113406726623907,-0.6801945404463239,888,0.7111459847288946
T01269,R0058,0.6674710734727743,0.5214151312578336,0.6911459420085488,2023-08-07,1.0,Vivaan Reddy,1.9000485820313315,1,Kolkata,2021-05-31,1.6161855214365994,0.06267021473343727,0.5765723569715726,Zone_2,0.3225568228440141,-0.0059291052863966335,1.0,Residential,0,0,8,0,1,0,0,0,0,1,0,0,0,0,0,0,0,high,0,0.4129916179916467,0.42764022622489595,798,0.03877662180622111
T01270,R0067,0.025259489385373864,0.03789795993779092,0.12963544598081447,2023-12-25,0.0,Saanvi Iyer,0.06706716940904384,1,Pune,2022-07-24,0.680289633445555,-0.6895336596353198,-1.155065726028125,Zone_1,0.20357758267005824,1.2530096409104126,0.0,Residential,0,0,12,0,0,0,1,1,0,0,0,0,0,0,0,0,0,high,0,0.037130492871747446,0.1905591965648988,519,-1.013588368446753
T01271,R0088,0.7404484730585884,0.5713786897705974,0.7087744871647166,2023-05-22,1.0,Diya Iyer,-1.2422052681783047,2,Jaipur,2019-07-07,1.3184004661667217,-1.1126483389677455,1.4239697167373817,Zone_1,0.3749277083599486,-0.0059291052863966335,0.44035034732709155,Business,0,0,5,0,0,0,1,1,0,0,0,0,0,0,0,0,0,high,0,0.5616263738221048,0.5376018177735434,1415,-0.8439380654975002
T01272,R0112,0.803365363914808,0.7708565347153975,0.9180605763016523,2024-06-21,0.0,Meera Nair,1.2454123632376575,0,Delhi,2020-11-13,0.41795517999351983,-0.5955081753392251,-1.412969270304675,Zone_1,0.20357758267005824,1.2530096409104126,0.0,Residential,0,4,6,1,0,0,0,1,0,0,0,0,0,0,0,0,0,medium,0,1.9221328084204237,2.1965526933196196,1316,-1.424813482030437
T01273,R0062,0.8570300098957718,0.8845814435228161,0.9095474321807893,2023-12-17,1.0,Kavya Sharma,0.8526306319614528,1,Jaipur,2019-05-13,-1.3829353923528838,-0.9716101125236036,-0.786632091347338,Zone_5,0.012308197259374737,-0.9072376299335215,0.44035034732709155,Business,0,6,12,0,1,0,0,0,0,0,0,0,1,0,0,0,0,low,0,-0.6197180393493634,-0.657693365294031,1679,0.7025708633217753
T01274,R0094,0.6370409390051971,0.5190204282942888,0.7648053005450155,2023-08-12,1.0,Diya Iyer,1.2454123632376575,2,Delhi,2023-04-13,1.6161855214365994,1.802141674211188,1.5897648523437353,Zone_5,0.012308197259374737,-0.9072376299335215,0.44035034732709155,Business,0,5,8,0,0,0,1,0,0,0,0,0,1,0,0,0,0,high,0,0.39416325078753484,0.4732162801861962,121,1.1150586676517775
T01275,R0040,0.6998489700927035,0.5830745483075701,0.8081396979072706,2023-09-29,0.0,Aarav Gupta,0.32892165692651354,2,Surat,2023-05-05,1.651636123254442,0.5798103783619577,0.7423674925779263,Zone_6,1.0,-2.392407628638726,0.24363636363636365,Mixed,0,4,9,1,0,0,0,0,0,0,0,0,0,1,0,0,0,high,0,0.42373072387984373,0.48929645369761204,147,0.35105212958135046
T01276,R0008,0.130311341012352,0.11637231678697821,0.32416533926851165,2023-09-25,1.0,Ishaan Ghosh,-0.4566418056258955,0,Jaipur,2022-10-01,-0.2626963749090579,-0.03135526956265735,0.023921904950391464,Zone_4,0.13112332813653896,1.3108734070937318,0.6290909090909091,Business,0,0,9,0,0,1,0,0,0,0,0,1,0,0,0,0,0,medium,0,-0.49605306147625416,-1.2339924347290043,359,0.11935935383010954
T01277,R0277,0.9522826065440251,0.9613674721413675,0.872948819747972,2024-03-04,1.0,Kavya Gupta,1.3763396069963922,0,Jaipur,2021-01-22,1.282949864348879,-0.36044446459898855,-1.7445595415173831,Zone_7,0.7081316156560269,-0.0059291052863966335,0.52,Industrial,0,0,3,0,0,1,0,0,0,0,0,0,0,0,1,0,0,high,0,0.7422601872500499,0.6804231747520467,1137,-0.2809497663277129
T01278,R0030,0.9098993360084078,0.7482317535067009,0.9675295015173913,2024-06-08,1.0,Saanvi Patel,-0.8494235369021,2,Mumbai,2021-01-08,1.3467609476209956,1.6140907056189988,-0.5287285470707872,Zone_9,0.7054238122589644,0.0957343172440192,0.9163636363636365,Business,0,5,6,0,1,0,0,0,0,0,0,0,0,0,0,0,1,high,0,0.6756205231639008,0.7184122046503479,1247,1.198498299546205
T01279,R0104,0.7054395868862705,0.5433474941279077,0.8711237002402517,2024-04-24,1.0,Diya Gupta,2.6856120445837406,1,Kolkata,2021-05-27,0.5384872261741847,-1.0656355968196982,-0.5655719105388659,Zone_6,1.0,-2.392407628638726,0.24363636363636365,Mixed,0,2,4,1,0,0,0,0,0,0,0,0,0,1,0,0,0,high,0,1.3100395935076121,1.617723982849816,1063,-1.978943129980574
T01280,R0074,0.687982659660273,0.5214763986417288,0.823413048060575,2024-05-19,1.0,Vivaan Ghosh,-1.1112780244195697,1,Kolkata,2023-09-11,-0.3761383007261542,-0.07836801171070466,1.6266082158118131,Zone_1,0.20357758267005824,1.2530096409104126,0.0,Residential,0,6,5,0,0,1,0,1,0,0,0,0,0,0,0,0,0,medium,0,-1.8290683462228852,-2.189123113681681,251,0.2083489279326546
T01281,R0161,0.6582091788133441,0.5262346859924815,0.8504707498395208,2024-01-20,1.0,Aarav Nair,-0.002498701550705167,2,Surat,2019-03-27,0.5668477076284587,1.23798876843462,1.6634515792798927,Zone_9,0.7054238122589644,0.0957343172440192,0.9163636363636365,Business,0,5,1,1,0,0,0,0,0,0,0,0,0,0,0,0,1,high,0,1.1611746328958754,1.5003513966699558,1760,2.18398831251173
T01282,R0190,0.8598062623128947,0.7599035429060832,0.9079552818018977,2023-09-08,1.0,Saanvi Iyer,0.45984890068524836,2,Surat,2021-01-31,0.15562072654148468,1.0969505419904781,0.20813872229078573,Zone_2,0.3225568228440141,-0.0059291052863966335,1.0,Residential,0,4,9,0,0,0,1,0,0,1,0,0,0,0,0,0,0,medium,0,5.525011233537015,5.834411019536392,950,7.048871743302509
T01283,R0032,0.800062854895719,0.7559026818367326,0.9051296614790414,2024-08-05,1.0,Kavya Reddy,-1.765914243213244,0,Mumbai,2023-09-20,-0.2768766156361949,0.015657472585389957,-0.012921458517686406,Zone_1,0.20357758267005824,1.2530096409104126,0.0,Residential,0,0,8,0,0,1,0,1,0,0,0,0,0,0,0,0,0,medium,0,-2.8896006730556487,-3.2690722522711937,320,-0.05655036106755677
T01284,R0257,0.8329283452421391,0.766357074862786,0.821984476027356,2023-06-13,0.0,Arjun Reddy,0.5907761444439832,2,Delhi,2023-03-11,1.4672929938016606,-0.2194062381548466,1.4976564436735391,Zone_6,1.0,-2.392407628638726,0.24363636363636365,Mixed,0,1,6,0,1,0,0,0,0,0,0,0,0,1,0,0,0,high,0,0.567663274315838,0.5602047304115095,94,-0.1495313063455577
T01285,R0011,0.607795773354297,0.5281146552360866,0.6553020421398776,2024-05-17,0.0,Vivaan Nair,-0.7184962931433652,1,Chennai,2021-01-31,-0.3123272174540375,0.48578489406586306,-0.012921458517686406,Zone_9,0.7054238122589644,0.0957343172440192,0.9163636363636365,Business,0,4,5,0,0,1,0,0,0,0,0,0,0,0,0,0,1,medium,0,-1.9460224386103688,-2.0981265977446,1202,-1.5553716324365865
T01286,R0253,0.612446316495032,0.5431706131426963,0.7411373682227045,2023-07-06,0.0,Ishaan Gupta,-0.7184962931433652,1,Surat,2021-08-19,-0.5604814301789357,0.015657472585389957,-1.5603427241769898,Zone_1,0.20357758267005824,1.2530096409104126,0.0,Residential,0,3,7,1,0,0,0,1,0,0,0,0,0,0,0,0,0,low,0,-1.092714733295457,-1.3223227895098928,686,-0.027935756195153965
T01287,R0084,0.3322023223020191,0.279128236599164,0.5551401552529425,2024-01-11,0.0,Kavya Sharma,0.8526306319614528,1,Jaipur,2019-07-21,0.8079117999897883,-0.8305718860794616,1.2213312176629485,Zone_4,0.13112332813653896,1.3108734070937318,0.6290909090909091,Business,0,3,1,0,0,0,1,0,0,0,0,1,0,0,0,0,0,high,0,0.411186372455778,0.6871296535834224,1635,-1.0280477226473976
T01288,R0124,0.8286482093867478,0.828996600369347,0.8176143364816677,2023-04-23,1.0,Aadhya Das,0.7217033882027181,2,Hyderabad,2022-06-09,1.1836881792589198,0.06267021473343727,-0.7682104096132991,Zone_1,0.20357758267005824,1.2530096409104126,0.0,Residential,0,6,4,0,1,0,0,1,0,0,0,0,0,0,0,0,0,high,0,0.7000561667394073,0.690734562368915,318,0.05294486827829409
T01289,R0111,0.8837846880154234,0.8092259195577357,0.8368376236202704,2024-07-22,0.0,Reyansh Sharma,-0.4566418056258955,1,Ahmedabad,2021-11-05,-0.35486793963544866,0.015657472585389957,1.2213312176629485,Zone_9,0.7054238122589644,0.0957343172440192,0.9163636363636365,Business,0,0,7,1,0,0,0,0,0,0,0,0,0,0,0,0,1,medium,0,-2.4904607864078234,-2.358166320913473,990,-0.04412196999671111
T01290,R0190,0.8697886346277717,0.6982547168693989,0.8450158614637557,2024-06-22,1.0,Saanvi Iyer,0.45984890068524836,2,Surat,2021-01-31,0.15562072654148468,1.0969505419904781,0.20813872229078573,Zone_5,0.012308197259374737,-0.9072376299335215,0.44035034732709155,Business,0,5,6,0,0,0,1,0,0,0,0,0,1,0,0,0,0,medium,0,5.589156752817931,5.42996990338877,1238,7.048871743302509
T01291,R0058,0.7437515386272708,0.613917792228628,0.8080991789933756,2024-03-09,1.0,Vivaan Reddy,1.9000485820313315,1,Kolkata,2021-05-31,1.6161855214365994,0.06267021473343727,0.5765723569715726,Zone_1,0.20357758267005824,1.2530096409104126,0.0,Residential,0,5,3,1,0,0,0,1,0,0,0,0,0,0,0,0,0,high,0,0.4601894576843894,0.5000039712489629,1013,0.03877662180622111
T01292,R0003,0.6460283119455901,0.46275625925658015,0.7575024759128672,2024-03-22,0.0,Kavya Reddy,0.32892165692651354,1,Pune,2023-05-04,-1.468016836715706,-0.6895336596353198,-0.4550418201346307,Zone_10,0.0,-0.46361542252807086,0.44035034732709155,Industrial,0,4,3,1,0,0,0,0,1,0,0,0,0,0,0,0,0,low,0,-0.44006873476390446,-0.516003942848214,323,0.46970419029932
T01293,R0167,0.49403089448480314,0.3875080815734349,0.6722692634291929,2024-02-21,0.0,Kavya Nair,1.638194094513862,1,Hyderabad,2021-01-31,-0.9575281705387727,-0.8775846282275089,1.3687046715352633,Zone_5,0.012308197259374737,-0.9072376299335215,0.44035034732709155,Business,0,2,2,1,0,0,0,0,0,0,0,0,1,0,0,0,0,low,0,-0.5159439791800868,-0.7020882352222879,1116,0.9165105061438746
T01294,R0103,0.5498273248385374,0.5075800685222842,0.7112172972347384,2023-10-15,1.0,Ishaan Gupta,0.7217033882027181,2,Surat,2022-11-24,-0.5463011894517986,-0.45446994889508313,-1.7261378597833443,Zone_2,0.3225568228440141,-0.0059291052863966335,1.0,Residential,0,6,10,0,1,0,0,0,0,1,0,0,0,0,0,0,0,medium,0,-1.00645456289465,-1.301877628984168,325,0.8319036415628782
T01295,R0084,0.786796661463539,0.7790689713418872,0.9072531600213245,2023-04-07,1.0,Kavya Sharma,0.8526306319614528,1,Jaipur,2019-07-21,0.8079117999897883,-0.8305718860794616,1.2213312176629485,Zone_6,1.0,-2.392407628638726,0.24363636363636365,Mixed,0,4,4,1,0,0,0,0,0,0,0,0,0,1,0,0,0,high,0,0.9738645499093883,1.122960649953116,1356,-1.0280477226473976
T01296,R0055,0.6552062780737569,0.5668067906609082,0.7896650388274238,2023-08-09,0.0,Kavya Singh,0.06706716940904384,1,Delhi,2021-11-07,1.226228901440331,-0.5484954331911778,0.3370904944290615,Zone_4,0.13112332813653896,1.3108734070937318,0.6290909090909091,Business,0,2,8,0,0,0,1,0,0,0,0,1,0,0,0,0,0,high,0,0.5343262398269607,0.643978492025332,640,-0.4473026467953201
T01297,R0235,0.923068628049773,0.997590595198432,0.849855298709187,2024-08-01,0.0,Aarav Ghosh,0.32892165692651354,2,Delhi,2021-02-15,0.22652193017716984,-0.736546401783367,0.09760863188654885,Zone_7,0.7081316156560269,-0.0059291052863966335,0.52,Industrial,0,3,8,0,0,0,1,0,0,0,0,0,0,0,1,0,0,medium,0,4.074963635211002,3.751757271556395,1263,-3.2515456724533967
T01298,R0254,0.872901922740506,0.6540367859120022,0.8658414025736219,2023-12-30,0.0,Meera Kumar,-1.765914243213244,1,Delhi,2020-03-09,0.7866414388990828,2.1782436113955663,-0.6024152740069446,Zone_1,0.20357758267005824,1.2530096409104126,0.0,Residential,0,5,12,1,0,0,0,1,0,0,0,0,0,0,0,0,0,high,0,1.109656674026919,1.1006811486887604,1391,2.769042544267758
T01299,R0060,0.5783009482077258,0.5187742332998196,0.714460543055093,2023-10-20,1.0,Ishaan Gupta,1.1144851194789225,0,Surat,2023-08-01,-0.9149874483573616,-0.7835591439314143,1.0371144003225559,Zone_1,0.20357758267005824,1.2530096409104126,0.0,Residential,0,4,10,0,0,0,1,1,0,0,0,0,0,0,0,0,0,low,0,-0.6320315641989681,-0.7808419059056317,80,0.8563605384293578
T01300,R0196,0.343585718018497,0.28386119546210387,0.5982904925462043,2024-01-25,1.0,Vivaan Das,-1.765914243213244,1,Hyderabad,2019-06-24,0.0017782793317680683,-0.6895336596353198,1.7002949427479706,Zone_3,0.3749277083599486,0.6357961349550023,0.2581818181818183,Business,0,3,1,0,0,0,1,0,0,0,1,0,0,0,0,0,0,medium,0,193.21245649123313,336.4434832357576,1676,-387.75328898961305
T01301,R0097,0.5927034453826538,0.46888152871027855,0.6670986538889274,2023-05-06,1.0,Aarav Iyer,-1.1112780244195697,2,Bengaluru,2021-01-25,1.6020052807094625,-0.8775846282275089,-1.3392825433685185,Zone_3,0.3749277083599486,0.6357961349550023,0.2581818181818183,Business,0,5,5,0,1,0,0,0,0,0,1,0,0,0,0,0,0,high,0,0.3699759623265223,0.41641476586987075,831,-0.5478038298593265
T01302,R0028,0.8632437237211991,0.905164626902589,0.9218358656712407,2023-05-04,1.0,Ishaan Gupta,-1.5040597556957742,0,Surat,2023-11-11,-0.02163228254772828,-0.12538075385875197,-0.39977677493251224,Zone_4,0.13112332813653896,1.3108734070937318,0.6290909090909091,Business,0,3,5,0,1,0,0,0,0,0,0,1,0,0,0,0,0,medium,0,-39.905346179562216,-42.613897245348596,-191,5.796002043802765
T01303,R0235,0.5989062343003033,0.5145720758219086,0.7012585795365569,2024-03-09,1.0,Aarav Ghosh,0.32892165692651354,2,Delhi,2021-02-15,0.22652193017716984,-0.736546401783367,0.09760863188654885,Zone_9,0.7054238122589644,0.0957343172440192,0.9163636363636365,Business,0,5,3,0,1,0,0,0,0,0,0,0,0,0,0,0,1,medium,0,2.6439216451664533,3.0957646307714257,1118,-3.2515456724533967
T01304,R0072,0.7978424867788066,0.7095179172972552,0.9042605171308904,2023-05-28,1.0,Saanvi Das,-0.8494235369021,2,Jaipur,2023-11-05,-1.347484790535041,0.0023974683897869183,0.11603031362058941,Zone_10,0.0,-0.46361542252807086,0.44035034732709155,Industrial,0,6,5,1,0,0,0,0,1,0,0,0,0,0,0,0,0,low,0,-0.5920975823868188,-0.671072893351055,-161,-0.0017792174031403827
T01305,R0134,0.5879728178795117,0.4557220612326331,0.7655828299213765,2023-08-20,1.0,Aadhya Singh,0.32892165692651354,1,Jaipur,2022-07-30,1.1198770959868032,0.25072118332562654,-0.0009730452730406338,Zone_1,0.3749277083599486,-0.0059291052863966335,0.44035034732709155,Business,0,6,8,0,0,1,0,1,0,0,0,0,0,0,0,0,0,high,0,0.525033345164906,0.6836311169010624,386,0.2238827673359087
T01306,R0084,0.76842957153435,0.670954761277292,0.8846857936040775,2023-09-01,0.0,Kavya Sharma,0.8526306319614528,1,Jaipur,2019-07-21,0.8079117999897883,-0.8305718860794616,1.2213312176629485,Zone_10,0.0,-0.46361542252807086,0.44035034732709155,Industrial,0,4,9,1,0,0,0,0,1,0,0,0,0,0,0,0,0,high,0,0.9511305213564929,1.095027691903076,1503,-1.0280477226473976
T01307,R0164,0.7953263993602628,0.617847197771457,0.8359649082380334,2024-08-04,1.0,Aadhya Ghosh,0.7217033882027181,2,Ahmedabad,2022-07-06,-0.02163228254772828,-0.03135526956265735,0.023921904950391464,Zone_10,0.0,-0.46361542252807086,0.44035034732709155,Industrial,0,6,8,0,0,1,0,0,1,0,0,0,0,0,0,0,0,medium,0,-36.76571797754113,-38.644322733562966,760,1.449466531951809
T01308,R0176,0.8539955363290371,0.7613783455066415,0.9581016311776813,2023-08-09,0.0,Kavya Gupta,1.507266850755127,1,Mumbai,2019-05-24,0.05635904145152542,-0.5014826910431305,-0.10502986718788272,Zone_6,1.0,-2.392407628638726,0.24363636363636365,Mixed,0,2,8,0,0,0,1,0,0,0,0,0,0,1,0,0,0,medium,0,15.152769002708487,16.99996320912852,1538,-8.897998939078075
T01309,R0170,0.9027063026093494,0.8389681473760482,0.9426916212084426,2024-07-17,0.0,Saanvi Kumar,-0.3257145618671607,2,Bengaluru,2021-01-31,-1.5885488828963708,-0.9716101125236036,-0.6024152740069446,Zone_1,0.3749277083599486,-0.0059291052863966335,0.44035034732709155,Business,0,2,7,0,0,0,1,1,0,0,0,0,0,0,0,0,0,low,0,-0.5682584353107613,-0.5934294067738419,1263,0.6116337513971151
T01310,R0245,0.8899344584981547,0.7241262538568748,0.9369443973913762,2024-04-22,1.0,Diya Sharma,0.45984890068524836,0,Surat,2020-03-04,0.0017782793317680683,1.1439632841385254,1.3318613080671853,Zone_1,0.3749277083599486,-0.0059291052863966335,0.44035034732709155,Business,0,0,4,0,1,0,0,1,0,0,0,0,0,0,0,0,0,medium,0,500.44694475154824,526.8825772494425,1510,643.2978574862763
T01311,R0004,0.5973665437756972,0.511586433018295,0.6898994793797852,2023-09-24,0.0,Aarav Nair,-1.6349869994545092,2,Kolkata,2019-07-28,1.5027435956195032,-0.8775846282275089,-1.505077678974872,Zone_7,0.7081316156560269,-0.0059291052863966335,0.52,Industrial,0,6,9,0,0,0,1,0,0,0,0,0,0,0,1,0,0,high,0,0.39751727807526205,0.4590932753869934,1519,-0.5839882670507914
T01312,R0238,0.6832709856501412,0.5698021821271602,0.7169166667237117,2024-08-23,0.0,Reyansh Patel,-0.19478731810842584,1,Pune,2019-04-22,0.0017782793317680683,1.520065221322904,1.6634515792798927,Zone_8,0.3749277083599486,0.2886135378550845,0.0036363636363636598,Business,0,4,8,0,0,1,0,0,0,0,0,0,0,0,0,1,0,medium,0,384.23152844654254,403.1518861611643,1950,854.7955285582536
T01313,R0053,0.3662727775729639,0.2595547890356819,0.6174162672632355,2024-08-04,0.0,Arjun Reddy,1.7691213382725968,0,Delhi,2019-09-16,-1.3403946701714726,-0.7835591439314143,1.552921488875656,Zone_3,0.3749277083599486,0.6357961349550023,0.2581818181818183,Business,0,6,8,0,1,0,0,0,0,0,1,0,0,0,0,0,0,low,0,-0.2732574112116603,-0.46062274119924046,1784,0.5845734553921913
T01314,R0027,0.6653890370968891,0.5480445604844021,0.839497549545229,2023-02-05,1.0,Ishaan Iyer,-0.002498701550705167,1,Jaipur,2019-10-05,1.0702462534418236,1.7551289320631407,-0.049764821985765095,Zone_6,1.0,-2.392407628638726,0.24363636363636365,Mixed,0,6,2,1,0,0,0,0,0,0,0,0,0,1,0,0,0,high,0,0.6217158293776343,0.7843966253985699,1219,1.6399299940726642
T01315,R0222,0.7156261263136494,0.6238268408134785,0.7799709646804334,2023-09-08,0.0,Aarav Singh,-0.5875690493846304,1,Surat,2022-08-28,1.5807349196187568,-0.5484954331911778,-1.0445356356238888,Zone_10,0.0,-0.46361542252807086,0.44035034732709155,Industrial,0,4,9,0,0,1,0,0,1,0,0,0,0,0,0,0,0,high,0,0.4527173515507868,0.4934229990114646,376,-0.34698761087878316
T01316,R0160,0.628267637671467,0.4769481075836153,0.7137656513807622,2023-04-11,0.0,Kavya Nair,-0.19478731810842584,1,Surat,2021-06-16,1.3184004661667217,-0.7835591439314143,0.7607891743119652,Zone_4,0.13112332813653896,1.3108734070937318,0.6290909090909091,Business,0,1,4,1,0,0,0,0,0,0,0,1,0,0,0,0,0,high,0,0.4765377848342006,0.5413875902638684,664,-0.5943255968420808
T01317,R0249,0.6039867473025955,0.5643655867863783,0.7993602254773384,2023-02-16,1.0,Diya Nair,-1.5040597556957742,1,Surat,2023-03-24,1.020615410896844,1.1439632841385254,0.889740946450241,Zone_7,0.7081316156560269,-0.0059291052863966335,0.52,Industrial,0,3,2,1,0,0,0,0,0,0,0,0,0,0,1,0,0,high,0,0.5917868188682895,0.7832139481167718,-36,1.1208563695244345
T01318,R0016,0.8593451889808053,0.7755414951820702,0.960765800097473,2024-05-26,0.0,Aarav Iyer,-0.4566418056258955,0,Delhi,2022-01-24,0.7370105963541032,1.2850015105826673,-1.7445595415173831,Zone_1,0.3749277083599486,-0.0059291052863966335,0.44035034732709155,Business,0,6,5,0,0,0,1,1,0,0,0,0,0,0,0,0,0,high,0,1.1659875627730125,1.3035983537418026,853,1.7435319341938975
T01319,R0223,0.8447192336374157,0.7476218089235072,0.9049282818012065,2023-06-10,1.0,Ishaan Gupta,-0.19478731810842584,0,Surat,2019-11-29,-0.6668332356324634,-0.6425209174872724,0.06076526841847097,Zone_5,0.012308197259374737,-0.9072376299335215,0.44035034732709155,Business,0,5,6,0,0,0,1,0,0,0,0,0,1,0,0,0,0,low,0,-1.2667623455154193,-1.3570533582401902,1289,0.9635406322809752
T01320,R0003,0.7768524794393282,0.7832068549167107,0.8411256512707259,2023-06-03,0.0,Kavya Reddy,0.32892165692651354,1,Pune,2023-05-04,-1.468016836715706,-0.6895336596353198,-0.4550418201346307,Zone_2,0.3225568228440141,-0.0059291052863966335,1.0,Residential,0,5,6,0,0,1,0,0,0,1,0,0,0,0,0,0,0,low,0,-0.5291849929850446,-0.5729673054380758,30,0.46970419029932
T01321,R0236,0.30692238982382875,0.2322990466447465,0.5959791314922531,2023-02-02,0.0,Arjun Gupta,-0.4566418056258955,1,Ahmedabad,2020-08-10,0.0017782793317680683,-1.0656355968196982,-1.1919090894962037,Zone_7,0.7081316156560269,-0.0059291052863966335,0.52,Industrial,0,3,2,0,1,0,0,0,0,0,0,0,0,0,1,0,0,medium,0,172.5951510208853,335.1437093404759,906,-599.2509600615903
T01322,R0185,0.745717464730445,0.7379738443734781,0.8417726569975001,2024-02-16,0.0,Vivaan Sharma,-0.5875690493846304,1,Delhi,2021-08-27,-0.36195805999901715,-0.5484954331911778,0.07918695015250991,Zone_9,0.7054238122589644,0.0957343172440192,0.9163636363636365,Business,0,4,2,0,0,0,1,0,0,0,0,0,0,0,0,0,1,medium,0,-2.060231687429394,-2.3256082679849315,903,1.5153563183333094
T01323,R0166,0.6329145211711154,0.4341335644007052,0.7118050839673922,2024-01-22,1.0,Reyansh Sharma,-0.9803507806608349,2,Chennai,2021-03-16,0.0017782793317680683,1.8491544163592353,0.5213073117694542,Zone_9,0.7054238122589644,0.0957343172440192,0.9163636363636365,Business,0,0,1,0,0,0,1,0,0,0,0,0,0,0,0,0,1,medium,0,355.91400623311245,400.27743181363655,1042,1039.8559907462338
T01324,R0270,0.8905640836237877,0.8613986441912841,0.9633787718469196,2024-08-14,0.0,Aadhya Reddy,0.45984890068524836,1,Hyderabad,2022-01-02,1.4389325123473864,1.8961671585072826,-1.7077161780493044,Zone_1,0.20357758267005824,1.2530096409104126,0.0,Residential,0,2,8,0,1,0,0,1,0,0,0,0,0,0,0,0,0,high,0,0.618906082100387,0.6695093505638582,955,1.3177596184924556
T01325,R0250,0.22159101778719784,0.16129724237043366,0.36222779700965313,2023-07-29,1.0,Ishaan Gupta,0.32892165692651354,0,Jaipur,2021-02-01,0.0017782793317680683,0.3447466676217211,1.147644490726791,Zone_9,0.7054238122589644,0.0957343172440192,0.9163636363636365,Business,0,5,7,0,1,0,0,0,0,0,0,0,0,0,0,0,1,medium,0,124.60979207742307,203.6956683568409,908,193.86530645832454
T01326,R0072,0.5900837809704148,0.4756013836357762,0.6288529523029107,2024-07-30,1.0,Saanvi Das,-0.8494235369021,2,Jaipur,2023-11-05,-1.347484790535041,0.0023974683897869183,0.11603031362058941,Zone_5,0.012308197259374737,-0.9072376299335215,0.44035034732709155,Business,0,1,7,0,0,0,1,0,0,0,0,0,1,0,0,0,0,low,0,-0.43791498435845966,-0.46668649376978444,268,-0.0017792174031403827
T01327,R0280,0.5826349474542556,0.5182198947173702,0.7107928598962114,2024-03-09,1.0,Saanvi Gupta,-0.7184962931433652,2,Chennai,2023-05-31,-0.5675715505425042,-0.03135526956265735,0.7792108560460042,Zone_8,0.3749277083599486,0.2886135378550845,0.0036363636363636598,Business,0,5,3,1,0,0,0,0,0,0,0,0,0,0,0,1,0,low,0,-1.026540084500982,-1.252340536125906,283,0.05524461106742739
T01328,R0203,0.6134273094291104,0.4324597453505833,0.7012585795365569,2024-01-05,0.0,Kavya Gupta,2.2928303133075363,0,Surat,2023-07-25,-0.7093739578138746,-0.6895336596353198,-0.7497887278792594,Zone_4,0.13112332813653896,1.3108734070937318,0.6290909090909091,Business,0,4,1,0,0,1,0,0,0,0,0,1,0,0,0,0,0,low,0,-0.8647446141377259,-0.9885598023610461,164,0.9720312566312724
T01329,R0165,0.8506958072469882,0.834663780063158,0.9116553794066145,2023-11-28,1.0,Meera Reddy,0.7217033882027181,0,Kolkata,2021-12-09,-1.5460081607149596,-0.8775846282275089,-1.3577042251025573,Zone_10,0.0,-0.46361542252807086,0.44035034732709155,Industrial,0,1,11,1,0,0,0,0,1,0,0,0,0,0,0,0,0,low,0,-0.5502531156456376,-0.5896834199018811,719,0.5676455341747131
T01330,R0028,0.5032178000984057,0.4408417125673717,0.5786783391958439,2023-09-08,1.0,Ishaan Gupta,-1.5040597556957742,0,Surat,2023-11-11,-0.02163228254772828,-0.12538075385875197,-0.39977677493251224,Zone_4,0.13112332813653896,1.3108734070937318,0.6290909090909091,Business,0,4,9,0,0,1,0,0,0,0,0,1,0,0,0,0,0,medium,0,-23.26235333641439,-26.750683286383662,-64,5.796002043802765
T01331,R0294,0.6711856221680937,0.6289314644212332,0.7636237461817807,2023-12-12,1.0,Arjun Reddy,-0.9803507806608349,1,Surat,2021-04-02,-1.49637731816998,-0.7835591439314143,-1.4866559972408324,Zone_5,0.012308197259374737,-0.9072376299335215,0.44035034732709155,Business,0,1,12,0,0,1,0,0,0,0,0,0,1,0,0,0,0,low,0,-0.44854036078876924,-0.5103149699673792,984,0.5236374104424955
T01332,R0146,0.8376465858574764,0.734878716278755,0.9124736601532384,2024-02-29,0.0,Kavya Gupta,-0.19478731810842584,1,Surat,2020-04-15,-1.219862623990808,0.0023974683897869183,-0.2155599575921188,Zone_1,0.3749277083599486,-0.0059291052863966335,0.44035034732709155,Business,0,3,2,0,0,1,0,1,0,0,0,0,0,0,0,0,0,low,0,-0.6866728838015357,-0.7480134584073577,1415,-0.0019653593303347117
T01333,R0135,0.8532912520428261,0.6901630916912127,0.930526736099136,2023-07-23,1.0,Reyansh Patel,0.8526306319614528,0,Ahmedabad,2022-02-24,-0.702283837450306,-0.736546401783367,-0.9892705904217705,Zone_3,0.3749277083599486,0.6357961349550023,0.2581818181818183,Business,0,6,7,0,0,1,0,0,0,0,1,0,0,0,0,0,0,low,0,-1.2150233374881072,-1.3250009276555232,514,1.0487873456656127
T01334,R0022,0.5921811904328017,0.486238719118142,0.7273346916298473,2023-05-16,1.0,Aarav Nair,1.507266850755127,0,Kolkata,2020-09-14,-0.2272457730912153,-1.0656355968196982,-1.265595816432361,Zone_2,0.3225568228440141,-0.0059291052863966335,1.0,Residential,0,1,5,0,0,1,0,0,0,1,0,0,0,0,0,0,0,medium,0,-2.605906294217861,-3.200652235401091,974,4.689352775736592
T01335,R0237,0.5563079240576051,0.4978805253657207,0.6248402209062911,2023-09-08,0.0,Aadhya Nair,1.1144851194789225,1,Chennai,2022-12-13,-1.5318279199878226,-0.9716101125236036,-0.547150228804827,Zone_3,0.3749277083599486,0.6357961349550023,0.2581818181818183,Business,0,4,9,0,0,0,1,0,0,0,1,0,0,0,0,0,0,low,0,-0.36316606898118653,-0.40790496945065363,269,0.6342815011044631
T01336,R0157,0.7687341593434136,0.6917604562749817,0.7540740534358708,2023-10-17,0.0,Kavya Nair,0.5907761444439832,0,Hyderabad,2021-11-23,0.474676142902068,0.1566956990295319,1.1844878541948707,Zone_1,0.20357758267005824,1.2530096409104126,0.0,Residential,0,1,10,0,0,1,0,1,0,0,0,0,0,0,0,0,0,medium,0,1.6194918805978704,1.588607442593647,693,0.3301107531369242
T01337,R0152,0.737781761094082,0.5560594285285546,0.8409131777342171,2024-02-14,0.0,Arjun Patel,0.32892165692651354,0,Bengaluru,2021-05-04,-0.7731850410859912,0.015657472585389957,-0.1787165941240401,Zone_1,0.20357758267005824,1.2530096409104126,0.0,Residential,0,2,2,0,0,1,0,1,0,0,0,0,0,0,0,0,0,low,0,-0.9542111162132898,-1.0875962842647566,1016,-0.020250614993013793
T01338,R0160,0.7237623554801287,0.6380629122287278,0.7808734314037236,2024-05-03,1.0,Kavya Nair,-0.19478731810842584,1,Surat,2021-06-16,1.3184004661667217,-0.7835591439314143,0.7607891743119652,Zone_1,0.20357758267005824,1.2530096409104126,0.0,Residential,0,4,5,0,1,0,0,1,0,0,0,0,0,0,0,0,0,high,0,0.5489700391145064,0.5922884976475549,1052,-0.5943255968420808
T01339,R0249,0.8055486328706973,0.8171491370451158,0.8401281376634273,2023-03-27,1.0,Diya Nair,-1.5040597556957742,1,Surat,2023-03-24,1.020615410896844,1.1439632841385254,0.889740946450241,Zone_10,0.0,-0.46361542252807086,0.44035034732709155,Industrial,0,0,3,1,0,0,0,0,1,0,0,0,0,0,0,0,0,high,0,0.7892773558679059,0.82315838923614,3,1.1208563695244345
T01340,R0223,0.38943631241778603,0.3234761893585659,0.6379791860482018,2023-11-16,0.0,Ishaan Gupta,-0.19478731810842584,0,Surat,2019-11-29,-0.6668332356324634,-0.6425209174872724,0.06076526841847097,Zone_7,0.7081316156560269,-0.0059291052863966335,0.52,Industrial,0,3,11,0,0,1,0,0,0,0,0,0,0,0,1,0,0,low,0,-0.5840085520758754,-0.956729736848082,1448,0.9635406322809752
T01341,R0285,0.4976808810778786,0.3901609745438862,0.6898462401549843,2024-07-22,0.0,Diya Iyer,-0.3257145618671607,0,Chennai,2019-01-10,-0.05708288436557087,-0.36044446459898855,1.773981669684128,Zone_9,0.7054238122589644,0.0957343172440192,0.9163636363636365,Business,0,0,7,0,0,1,0,0,0,0,0,0,0,0,0,0,1,medium,0,-8.718565759407406,-12.084992687774202,2020,6.314405247825704
T01342,R0055,0.8112112413785998,0.7222367793505444,0.7648053005450155,2024-01-29,0.0,Kavya Singh,0.06706716940904384,1,Delhi,2021-11-07,1.226228901440331,-0.5484954331911778,0.3370904944290615,Zone_3,0.3749277083599486,0.6357961349550023,0.2581818181818183,Business,0,0,1,0,0,0,1,0,0,0,1,0,0,0,0,0,0,high,0,0.6615496017307613,0.6237051660148228,813,-0.4473026467953201
T01343,R0211,0.18554357364111704,0.1448614931418765,0.4131479020678822,2024-01-16,1.0,Arjun Reddy,0.5907761444439832,0,Mumbai,2021-04-04,1.297130105076016,-0.3134317224509412,-0.0009730452730406338,Zone_2,0.3225568228440141,-0.0059291052863966335,1.0,Residential,0,1,1,0,0,1,0,0,0,1,0,0,0,0,0,0,0,high,0,0.1430416061696784,0.318509223131222,1017,-0.2416347606338017
T01344,R0189,0.4270471914088019,0.36971558066679255,0.698721655197797,2023-02-01,0.0,Ishaan Gupta,-0.3257145618671607,0,Delhi,2019-09-16,-0.09962360654698198,0.8618868312502416,-1.3392825433685185,Zone_10,0.0,-0.46361542252807086,0.44035034732709155,Industrial,0,2,2,0,1,0,0,0,1,0,0,0,0,0,0,0,0,medium,0,-4.286606420009585,-7.013615340941141,1234,-8.651431735145827
T01345,R0114,0.6820823715981374,0.5995170834322403,0.6952719991155645,2023-12-30,1.0,Meera Das,0.5907761444439832,1,Surat,2022-05-23,-0.07126312509270791,0.0023974683897869183,-1.0261139538898492,Zone_7,0.7081316156560269,-0.0059291052863966335,0.52,Industrial,0,5,12,0,0,0,1,0,0,0,0,0,0,0,1,0,0,medium,0,-9.571322766308665,-9.756406250933683,586,-0.03364248181184861
T01346,R0080,0.3006036163846149,0.24131246769741016,0.4685765112080735,2023-08-23,1.0,Reyansh Kumar,-1.6349869994545092,0,Mumbai,2021-05-15,-1.5460081607149596,-0.8305718860794616,1.0923794455246727,Zone_4,0.13112332813653896,1.3108734070937318,0.6290909090909091,Business,0,2,8,1,0,0,0,0,0,0,0,1,0,0,0,0,0,low,0,-0.19443857026317324,-0.3030879933980283,830,0.5372364177530339
T01347,R0130,0.8109438075515026,0.7504062652855701,0.9388111017645129,2023-09-30,0.0,Diya Ghosh,-0.002498701550705167,0,Pune,2019-02-16,0.45340578181136243,1.802141674211188,-0.7129453644111807,Zone_2,0.3225568228440141,-0.0059291052863966335,1.0,Residential,0,5,9,0,1,0,0,0,0,1,0,0,0,0,0,0,0,medium,0,1.7885607993611612,2.070575937549692,1687,3.9746773122557166
T01348,R0131,0.6310636924152349,0.43594620017663577,0.749993360928358,2024-05-18,1.0,Reyansh Ghosh,-0.9803507806608349,1,Surat,2019-10-22,-1.085150337083006,-0.7835591439314143,-0.7497887278792594,Zone_2,0.3225568228440141,-0.0059291052863966335,1.0,Residential,0,5,5,0,0,1,0,0,0,1,0,0,0,0,0,0,0,low,0,-0.5815449443729593,-0.6911423563157305,1670,0.7220742759364575
T01350,R0068,0.5705752745899254,0.4090559780800872,0.7898001210724219,2024-04-02,0.0,Meera Singh,-0.19478731810842584,0,Ahmedabad,2022-08-31,0.0017782793317680683,2.1782436113955663,1.773981669684128,Zone_6,1.0,-2.392407628638726,0.24363636363636365,Mixed,0,1,4,0,1,0,0,0,0,0,0,0,0,1,0,0,0,medium,0,320.8580701562934,444.13726626803725,580,1224.9164529342138
T01351,R0133,0.5853147853012974,0.5458768799396136,0.6800444206619778,2024-04-17,1.0,Diya Kumar,-0.8494235369021,0,Delhi,2019-07-13,-0.688103596723169,0.0023974683897869183,0.7239458108438874,Zone_6,1.0,-2.392407628638726,0.24363636363636365,Mixed,0,2,4,0,0,1,0,0,0,0,0,0,0,1,0,0,0,low,0,-0.8506201509316852,-0.988287844883285,1740,-0.0034841677927625247
T01352,R0091,0.8319262880099183,0.7943460698502006,0.9407716258420762,2024-01-19,1.0,Meera Das,1.2454123632376575,2,Surat,2022-04-16,0.5810279483555958,0.9088995733982889,-1.1182223625600463,Zone_5,0.012308197259374737,-0.9072376299335215,0.44035034732709155,Business,0,4,1,0,0,1,0,0,0,0,0,0,1,0,0,0,0,high,0,1.4318180224624408,1.6191503842536559,643,1.5642957898507697
T01353,R0102,0.5632340577446634,0.46344055429461967,0.7416365185134495,2023-04-16,0.0,Aarav Nair,-1.765914243213244,0,Chennai,2023-05-13,-0.9149874483573616,-0.07836801171070466,0.17129535882270622,Zone_3,0.3749277083599486,0.6357961349550023,0.2581818181818183,Business,0,6,4,1,0,0,0,0,0,0,1,0,0,0,0,0,0,low,0,-0.6155647913595031,-0.810542832958942,-27,0.08564927513639171
T01354,R0063,0.910491666907877,0.9743978449577148,0.9009382810098925,2023-06-07,0.0,Diya Iyer,0.32892165692651354,1,Surat,2023-04-21,0.5455773465377531,0.43877215191781577,1.516078125407578,Zone_6,1.0,-2.392407628638726,0.24363636363636365,Mixed,0,2,6,0,0,1,0,0,0,0,0,0,0,1,0,0,0,high,0,1.6688590035599513,1.651348405001176,47,0.804234550247136
T01355,R0245,0.7888069472018318,0.6867687842173165,0.919627538048347,2023-08-14,1.0,Diya Sharma,0.45984890068524836,0,Surat,2020-03-04,0.0017782793317680683,1.1439632841385254,1.3318613080671853,Zone_6,1.0,-2.392407628638726,0.24363636363636365,Mixed,0,0,8,0,0,0,1,0,0,0,0,0,0,1,0,0,0,medium,0,443.57876353292266,517.1445911897317,1258,643.2978574862763
T01356,R0098,0.650867961968082,0.5550779588863638,0.8263207237178065,2023-06-15,1.0,Diya Singh,-1.3731325119370394,2,Bengaluru,2023-04-29,0.2407021709043069,1.520065221322904,-0.9340055452196528,Zone_3,0.3749277083599486,0.6357961349550023,0.2581818181818183,Business,0,3,6,0,0,0,1,0,0,0,1,0,0,0,0,0,0,medium,0,2.7040386030703476,3.4329591653176945,47,6.315128839977178
T01357,R0098,0.6808894168887175,0.5521237231319038,0.8087194361778591,2023-09-15,0.0,Diya Singh,-1.3731325119370394,2,Bengaluru,2023-04-29,0.2407021709043069,1.520065221322904,-0.9340055452196528,Zone_5,0.012308197259374737,-0.9072376299335215,0.44035034732709155,Business,0,4,9,0,0,1,0,0,0,0,0,0,1,0,0,0,0,medium,0,2.828763090630415,3.3598344092184034,139,6.315128839977178
T01359,R0152,0.7896647255543533,0.7916681737193428,0.9098490566953827,2023-09-08,1.0,Arjun Patel,0.32892165692651354,0,Bengaluru,2021-05-04,-0.7731850410859912,0.015657472585389957,-0.1787165941240401,Zone_6,1.0,-2.392407628638726,0.24363636363636365,Mixed,0,4,9,0,0,1,0,0,0,0,0,0,0,1,0,0,0,low,0,-1.0213140239304361,-1.1767546038105414,857,-0.020250614993013793
T01360,R0067,0.7374468862297444,0.5174182032041157,0.7861616047619755,2023-07-09,1.0,Saanvi Iyer,0.06706716940904384,1,Pune,2022-07-24,0.680289633445555,-0.6895336596353198,-1.155065726028125,Zone_1,0.20357758267005824,1.2530096409104126,0.0,Residential,0,6,7,0,0,1,0,1,0,0,0,0,0,0,0,0,0,high,0,1.084018997165512,1.1556277886820006,350,-1.013588368446753
T01361,R0188,0.6864196404030072,0.4671196658833644,0.8607837902194,2023-02-11,1.0,Vivaan Gupta,-0.9803507806608349,1,Delhi,2020-07-16,1.3042202254395847,1.8961671585072826,-1.5787644059110295,Zone_6,1.0,-2.392407628638726,0.24363636363636365,Mixed,0,5,2,0,1,0,0,0,0,0,0,0,0,1,0,0,0,high,0,0.5263065447184357,0.6599988049788713,940,1.4538703828704875
T01362,R0204,0.8600365551680821,0.8889489225940275,0.8639104800735331,2024-02-07,0.0,Aarav Kumar,0.7217033882027181,0,Hyderabad,2019-01-01,1.3184004661667217,-0.8775846282275089,-0.5103068653367483,Zone_9,0.7054238122589644,0.0957343172440192,0.9163636363636365,Business,0,2,2,0,1,0,0,0,0,0,0,0,0,0,0,0,1,high,0,0.6523333215048515,0.6552716737012175,1863,-0.6656434450293434
T01363,R0272,0.10577165449232925,0.09307676479755561,0.24333557161295832,2023-11-24,0.0,Kavya Ghosh,-1.3731325119370394,1,Kolkata,2020-01-15,1.2758597439853105,-0.9245973703755562,1.4423913984714205,Zone_2,0.3225568228440141,-0.0059291052863966335,1.0,Residential,0,4,11,0,1,0,0,0,0,1,0,0,0,0,0,0,0,high,0,0.08290225864634462,0.1907228225987197,1409,-0.7246857460111238
T01364,R0044,0.6764775948688769,0.49260883114446075,0.7567423811209693,2024-02-23,1.0,Arjun Gupta,0.5907761444439832,0,Hyderabad,2020-08-01,0.1343503654507791,-0.8775846282275089,-1.4682343155067934,Zone_8,0.3749277083599486,0.2886135378550845,0.0036363636363636598,Business,0,4,2,0,0,1,0,0,0,0,0,0,0,0,0,1,0,medium,0,5.035174951695332,5.632603816014264,1301,-6.532059851739091
T01365,R0214,0.6370409390051971,0.5341967248400732,0.7440486360265144,2023-04-12,0.0,Aarav Kumar,-1.5040597556957742,0,Kolkata,2022-09-14,-0.2981469767269005,-1.018622854671651,0.9634276733863985,Zone_7,0.7081316156560269,-0.0059291052863966335,0.52,Industrial,0,2,4,0,0,0,1,0,0,0,0,0,0,0,1,0,0,medium,0,-2.136667445025679,-2.4955766588505615,210,3.4165124391138764
T01366,R0043,0.5963360369225261,0.456346768095568,0.6785453014850964,2024-06-16,1.0,Diya Kumar,-0.4566418056258955,1,Ahmedabad,2021-12-10,-1.1844120221729653,-0.36044446459898855,1.2397528993969873,Zone_3,0.3749277083599486,0.6357961349550023,0.2581818181818183,Business,0,6,6,0,0,1,0,0,0,0,1,0,0,0,0,0,0,low,0,-0.5034869840551487,-0.572896330653764,919,0.30432354438424564
T01367,R0044,0.8373999490759952,0.6996488340848821,0.9162761998170423,2023-08-23,0.0,Arjun Gupta,0.5907761444439832,0,Hyderabad,2020-08-01,0.1343503654507791,-0.8775846282275089,-1.4682343155067934,Zone_2,0.3225568228440141,-0.0059291052863966335,1.0,Residential,0,2,8,1,0,0,0,0,0,1,0,0,0,0,0,0,0,medium,0,6.232956242927281,6.820049925005461,1117,-6.532059851739091
T01368,R0265,0.8974110305292746,0.8794845891144585,0.8033477612801441,2024-03-12,1.0,Kavya Das,0.9835578757201877,0,Bengaluru,2020-11-26,-0.5392110690882301,0.015657472585389957,-1.3761259068365972,Zone_8,0.3749277083599486,0.2886135378550845,0.0036363636363636598,Business,0,1,3,0,0,1,0,0,0,0,0,0,0,0,0,1,0,medium,0,-1.6643037985973408,-1.489857696427767,1202,-0.02903774325676529
T01369,R0128,0.806092177757421,0.6197770320014216,0.7451376377463579,2023-06-05,0.0,Reyansh Reddy,0.45984890068524836,1,Jaipur,2021-01-31,-1.6027291236235077,-0.9245973703755562,0.558150675237532,Zone_10,0.0,-0.46361542252807086,0.44035034732709155,Industrial,0,0,6,1,0,0,0,0,1,0,0,0,0,0,0,0,0,low,0,-0.5029497286072763,-0.464918011885704,855,0.576889355005413
T01370,R0204,0.8106761546061286,0.6323128871944784,0.7502947507155857,2024-03-26,0.0,Aarav Kumar,0.7217033882027181,0,Hyderabad,2019-01-01,1.3184004661667217,-0.8775846282275089,-0.5103068653367483,Zone_1,0.3749277083599486,-0.0059291052863966335,0.44035034732709155,Business,0,1,3,0,0,1,0,1,0,0,0,0,0,0,0,0,0,high,0,0.6148937105302968,0.5690947249867745,1911,-0.6656434450293434
T01371,R0216,0.1429582262523937,0.11704318639622291,0.34170073433036413,2023-07-12,0.0,Ishaan Gupta,1.638194094513862,1,Chennai,2019-08-01,0.5881180687191643,0.015657472585389957,-1.1182223625600463,Zone_9,0.7054238122589644,0.0957343172440192,0.9163636363636365,Business,0,2,7,1,0,0,0,0,0,0,0,0,0,0,0,0,1,high,0,0.2430774258708561,0.5810070332893167,1441,0.026623008912971605
T01372,R0153,0.5568907438403098,0.4385442327918346,0.7746195319867921,2024-07-25,1.0,Aadhya Ghosh,-1.5040597556957742,1,Mumbai,2020-05-04,-1.2482231054450819,-0.45446994889508313,0.9818493551204374,Zone_2,0.3225568228440141,-0.0059291052863966335,1.0,Residential,0,3,7,0,1,0,0,0,0,1,0,0,0,0,0,0,0,low,0,-0.4461467997275519,-0.6205777866213943,1543,0.36409352375594084
T01373,R0210,0.9067219696673172,0.9762552746322392,0.8083960991629786,2023-07-18,1.0,Meera Iyer,-0.002498701550705167,2,Mumbai,2022-01-02,-1.1206009389008487,-0.8775846282275089,-1.1182223625600463,Zone_5,0.012308197259374737,-0.9072376299335215,0.44035034732709155,Business,0,1,7,0,0,1,0,0,0,0,0,0,1,0,0,0,0,low,0,-0.8091390415545104,-0.7213951649513172,562,0.7831375093155781
T01374,R0294,0.5989062343003033,0.48891317113102195,0.6527845136468742,2023-06-23,0.0,Arjun Reddy,-0.9803507806608349,1,Surat,2021-04-02,-1.49637731816998,-0.7835591439314143,-1.4866559972408324,Zone_8,0.3749277083599486,0.2886135378550845,0.0036363636363636598,Business,0,4,6,0,0,1,0,0,0,0,0,0,0,0,0,1,0,low,0,-0.40023744481288037,-0.43624325610950054,812,0.5236374104424955
T01375,R0104,0.6856353173334233,0.48793629664657767,0.6958131174066631,2023-07-13,1.0,Diya Gupta,2.6856120445837406,1,Kolkata,2021-05-27,0.5384872261741847,-1.0656355968196982,-0.5655719105388659,Zone_5,0.012308197259374737,-0.9072376299335215,0.44035034732709155,Business,0,3,7,0,0,0,1,0,0,0,0,0,1,0,0,0,0,high,0,1.2732619902698317,1.2921627173038792,777,-1.978943129980574
T01376,R0017,0.5173208708175809,0.39802237789322825,0.7086550282519373,2024-07-30,0.0,Meera Das,2.2928303133075363,0,Mumbai,2023-03-18,0.0017782793317680683,-0.12538075385875197,-0.3260900479963549,Zone_7,0.7081316156560269,-0.0059291052863966335,0.52,Industrial,0,1,7,0,1,0,0,0,0,0,0,0,0,0,1,0,0,medium,0,290.91091684860925,398.50602523021587,500,-70.50678238164707
T01377,R0007,0.47228860524399713,0.35983042481681127,0.7332451536968603,2023-11-22,0.0,Ishaan Ghosh,-1.765914243213244,0,Mumbai,2021-03-26,1.460202873438092,2.7423965171721343,0.042343586684432034,Zone_8,0.3749277083599486,0.2886135378550845,0.0036363636363636598,Business,0,2,11,1,0,0,0,0,0,0,0,0,0,0,0,1,0,high,0,0.32344040258733314,0.502152931647376,971,1.8780928096073926
T01378,R0285,0.612446316495032,0.44112811972352095,0.8238208331109469,2023-02-02,0.0,Diya Iyer,-0.3257145618671607,0,Chennai,2019-01-10,-0.05708288436557087,-0.36044446459898855,1.773981669684128,Zone_2,0.3225568228440141,-0.0059291052863966335,1.0,Residential,0,3,2,0,1,0,0,0,0,1,0,0,0,0,0,0,0,medium,0,-10.729070951860038,-14.432011315949348,1484,6.314405247825704
T01379,R0119,0.5615162427350775,0.40232890881563244,0.6452469669767074,2024-07-21,0.0,Saanvi Iyer,2.0309758257900663,1,Hyderabad,2023-05-05,-1.5743686421692338,-1.0656355968196982,0.7055241291098469,Zone_8,0.3749277083599486,0.2886135378550845,0.0036363636363636598,Business,0,6,7,1,0,0,0,0,0,0,0,0,0,0,0,1,0,low,0,-0.35666122132704314,-0.4098449052489117,443,0.6768653594061801
T01380,R0243,0.8506958072469882,0.7931523847138204,0.9431216542719882,2023-01-04,1.0,Ishaan Patel,0.19799441316777866,1,Jaipur,2023-02-06,0.44631566144779394,-0.5955081753392251,-0.5655719105388659,Zone_7,0.7081316156560269,-0.0059291052863966335,0.52,Industrial,0,2,1,0,1,0,0,0,0,0,0,0,0,0,1,0,0,medium,0,1.9060406809105332,2.1131269541665105,-33,-1.334275775596735
T01381,R0164,0.7483204299093935,0.5854972213084235,0.732120771725645,2023-05-12,0.0,Aadhya Ghosh,0.7217033882027181,2,Ahmedabad,2022-07-06,-0.02163228254772828,-0.03135526956265735,0.023921904950391464,Zone_7,0.7081316156560269,-0.0059291052863966335,0.52,Industrial,0,4,5,0,0,1,0,0,0,0,0,0,0,0,1,0,0,medium,0,-34.59276330448904,-33.84389835470825,310,1.449466531951809
T01382,R0039,0.8577262881022951,0.6847813901034212,0.9110728070427474,2024-03-08,1.0,Aadhya Iyer,-0.9803507806608349,1,Chennai,2023-11-18,-0.4399493839982708,-0.45446994889508313,0.3555121761631005,Zone_9,0.7054238122589644,0.0957343172440192,0.9163636363636365,Business,0,4,3,0,1,0,0,0,0,0,0,0,0,0,0,0,1,medium,0,-1.9496022026608095,-2.0708582400159203,111,1.0330050806409798
T01383,R0171,0.22961772139672537,0.22832363863714927,0.5353109417299828,2023-09-08,1.0,Kavya Singh,-1.1112780244195697,0,Jaipur,2019-05-13,0.1698009672686217,-0.2194062381548466,0.5397289935034931,Zone_3,0.3749277083599486,0.6357961349550023,0.2581818181818183,Business,0,4,9,0,0,1,0,0,0,0,1,0,0,0,0,0,0,medium,0,1.35227569719008,3.152578871256556,1579,-1.2921377403448495
T01384,R0201,0.8809898600299584,0.6618132203681384,0.8246581206384793,2023-02-28,0.0,Meera Reddy,0.7217033882027181,0,Delhi,2021-04-06,-0.48958022654325045,-0.40745720674703584,-0.0009730452730406338,Zone_9,0.7054238122589644,0.0957343172440192,0.9163636363636365,Business,0,1,2,0,0,1,0,0,0,0,0,0,0,0,0,0,1,medium,0,-1.7994800693857884,-1.6844187651553926,693,0.832258299367898
T01385,R0121,0.7152677385634358,0.6600980828923917,0.8526497212621156,2023-06-29,0.0,Diya Iyer,-0.3257145618671607,1,Pune,2023-07-13,0.8929932443526105,-0.6425209174872724,0.30024713096098204,Zone_2,0.3225568228440141,-0.0059291052863966335,1.0,Residential,0,3,6,1,0,0,0,0,0,1,0,0,0,0,0,0,0,high,0,0.800977771205851,0.9548221407657539,-14,-0.7195137494607565
T01386,R0001,0.9413396250064134,0.9145888657505935,0.9249033709369223,2024-08-09,0.0,Aarav Das,-1.1112780244195697,1,Pune,2020-06-29,-1.3900255127164522,-1.1126483389677455,-0.4550418201346307,Zone_5,0.012308197259374737,-0.9072376299335215,0.44035034732709155,Business,0,4,8,0,1,0,0,0,0,0,0,0,1,0,0,0,0,low,0,-0.6772103219651011,-0.6653858957807424,1502,0.8004517390428012
T01387,R0085,0.7017231599814687,0.657591290188981,0.6949103179281761,2023-08-17,1.0,Aadhya Ghosh,-0.3257145618671607,0,Surat,2022-09-17,-1.1206009389008487,-0.5484954331911778,1.7371383062160501,Zone_8,0.3749277083599486,0.2886135378550845,0.0036363636363636598,Business,0,3,8,0,0,1,0,0,0,0,0,0,0,0,0,1,0,low,0,-0.6262025451002746,-0.6201229124524784,334,0.4894654413989465
T01388,R0288,0.1324534496819176,0.13335527691279644,0.29234718113184205,2023-09-06,0.0,Diya Ghosh,1.3763396069963922,1,Ahmedabad,2021-08-30,-1.482197077442843,-0.8775846282275089,1.0186927185885153,Zone_6,1.0,-2.392407628638726,0.24363636363636365,Mixed,0,2,9,0,0,1,0,0,0,0,0,0,0,1,0,0,0,low,0,-0.08936291381064697,-0.19723907541108726,737,0.5920836315111077
T01389,R0011,0.8871919721160105,0.9101592525713984,0.9587629659278738,2023-07-02,0.0,Vivaan Nair,-0.7184962931433652,1,Chennai,2021-01-31,-0.3123272174540375,0.48578489406586306,-0.012921458517686406,Zone_3,0.3749277083599486,0.6357961349550023,0.2581818181818183,Business,0,6,7,1,0,0,0,0,0,0,1,0,0,0,0,0,0,medium,0,-2.8405848819325867,-3.0697387622613026,882,-1.5553716324365865
T01390,R0203,0.6856353173334233,0.5910229548965292,0.8614613751135325,2023-11-26,0.0,Kavya Gupta,2.2928303133075363,0,Surat,2023-07-25,-0.7093739578138746,-0.6895336596353198,-0.7497887278792594,Zone_6,1.0,-2.392407628638726,0.24363636363636365,Mixed,0,6,11,0,0,1,0,0,0,0,0,0,0,1,0,0,0,low,0,-0.9665357880438574,-1.2143966741721897,124,0.9720312566312724
T01391,R0295,0.42617954042979134,0.31061017686729797,0.5483186644725719,2023-09-08,0.0,Kavya Gupta,-1.765914243213244,0,Delhi,2019-05-29,-1.0922404574465745,-0.2664189803028939,-0.7682104096132991,Zone_7,0.7081316156560269,-0.0059291052863966335,0.52,Industrial,0,4,9,0,0,1,0,0,0,0,0,0,0,0,1,0,0,low,0,-0.39018838528112054,-0.5020127763390345,1563,0.2439197142776827
T01392,R0125,0.7367761048820329,0.6008591959267887,0.8170891497520649,2023-05-11,0.0,Saanvi Ghosh,1.638194094513862,1,Ahmedabad,2023-04-22,-1.085150337083006,-0.2194062381548466,-0.2155599575921188,Zone_5,0.012308197259374737,-0.9072376299335215,0.44035034732709155,Business,0,3,5,0,0,1,0,0,0,0,0,0,1,0,0,0,0,low,0,-0.6789622411790073,-0.7529732257637991,19,0.20218971570762517
T01393,R0214,0.7509028180733405,0.7333708758100691,0.8703410176550885,2023-05-15,1.0,Aarav Kumar,-1.5040597556957742,0,Kolkata,2022-09-14,-0.2981469767269005,-1.018622854671651,0.9634276733863985,Zone_8,0.3749277083599486,0.2886135378550845,0.0036363636363636598,Business,0,0,5,0,0,1,0,0,0,0,0,0,0,0,0,1,0,medium,0,-2.518565931195605,-2.91916767766628,243,3.4165124391138764
T01394,R0100,0.8643815528114794,0.8679966083709714,0.918787852896285,2023-10-24,1.0,Ishaan Gupta,-0.4566418056258955,1,Delhi,2021-05-24,0.9284438461704532,1.7081161899150934,-0.39977677493251224,Zone_8,0.3749277083599486,0.2886135378550845,0.0036363636363636598,Business,0,1,10,0,1,0,0,0,0,0,0,0,0,0,0,1,0,high,0,0.9310003576164448,0.9895998090633092,883,1.8397625197911
T01395,R0284,0.7750657635819695,0.5790340642444758,0.8257479394360263,2023-12-16,0.0,Vivaan Das,-0.4566418056258955,0,Surat,2019-07-31,-0.8299060039945394,-0.2194062381548466,1.7371383062160501,Zone_9,0.7054238122589644,0.0957343172440192,0.9163636363636365,Business,0,5,12,0,0,0,1,0,0,0,0,0,0,0,0,0,1,low,0,-0.9339199377416112,-0.9949897162588301,1599,0.26437480521744755
T01396,R0129,0.8724589797552799,0.733637179954844,0.9681938117233739,2023-06-12,0.0,Vivaan Singh,0.45984890068524836,1,Hyderabad,2022-10-08,0.0017782793317680683,-0.6425209174872724,-0.19713827585807986,Zone_6,1.0,-2.392407628638726,0.24363636363636365,Mixed,0,0,6,1,0,0,0,0,0,0,0,0,0,1,0,0,0,medium,0,490.6197604444014,544.4554150897877,247,-361.3160801056158
T01397,R0024,0.6038859075420928,0.4645334805767918,0.7600836316554993,2023-05-07,0.0,Meera Kumar,1.2454123632376575,2,Chennai,2021-01-31,-0.7944554021766967,-0.36044446459898855,-0.0009730452730406338,Zone_8,0.3749277083599486,0.2886135378550845,0.0036363636363636598,Business,0,6,5,0,1,0,0,0,0,0,0,0,0,0,0,1,0,low,0,-0.7601256230211663,-0.956735431055005,826,0.45370006121353207
T01398,R0176,0.9489678984620222,0.9295612250550181,0.9751309645271609,2023-09-08,1.0,Kavya Gupta,1.507266850755127,1,Mumbai,2019-05-24,0.05635904145152542,-0.5014826910431305,-0.10502986718788272,Zone_7,0.7081316156560269,-0.0059291052863966335,0.52,Industrial,0,4,9,0,0,0,1,0,0,0,0,0,0,0,1,0,0,medium,0,16.837899900732562,17.302121175461686,1568,-8.897998939078075
T01399,R0015,0.14501924508623099,0.13009763745861688,0.3239481696441109,2023-04-18,0.0,Saanvi Patel,-0.4566418056258955,2,Chennai,2022-12-19,-1.4609267163521376,-1.0656355968196982,-0.25240332106019747,Zone_9,0.7054238122589644,0.0957343172440192,0.9163636363636365,Business,0,1,4,0,1,0,0,0,0,0,0,0,0,0,0,0,1,low,0,-0.09926524271411569,-0.22174156035218084,120,0.7294244022592304
T01400,R0186,0.7978424867788066,0.7144037889816305,0.9223134762901546,2023-06-05,1.0,Ishaan Sharma,-1.765914243213244,2,Hyderabad,2020-12-11,0.857542642534768,-0.2194062381548466,-1.3761259068365972,Zone_6,1.0,-2.392407628638726,0.24363636363636365,Mixed,0,0,6,0,0,0,1,0,0,0,0,0,0,1,0,0,0,high,0,0.9303822891191783,1.0755307439452033,906,-0.25585460975598195
T01401,R0040,0.7786294760327168,0.7273007807970272,0.8721462502070918,2023-11-28,0.0,Aarav Gupta,0.32892165692651354,2,Surat,2023-05-05,1.651636123254442,0.5798103783619577,0.7423674925779263,Zone_9,0.7054238122589644,0.0957343172440192,0.9163636363636365,Business,0,1,11,0,0,0,1,0,0,0,0,0,0,0,0,0,1,high,0,0.47142918774292597,0.5280498760759628,207,0.35105212958135046
T01402,R0045,0.6240281641628116,0.4355118030670123,0.7965107645071308,2024-06-01,0.0,Saanvi Iyer,0.32892165692651354,2,Ahmedabad,2023-07-12,-1.0780602167194375,0.0023974683897869183,1.6081865340777743,Zone_10,0.0,-0.46361542252807086,0.44035034732709155,Industrial,0,5,6,1,0,0,0,0,1,0,0,0,0,0,0,0,0,low,0,-0.5788435140123656,-0.7388369890236111,325,-0.0022238724262383697
T01403,R0117,0.5276716900581048,0.39518026887494007,0.6706063265897906,2024-06-13,1.0,Aadhya Gupta,-1.3731325119370394,0,Ahmedabad,2021-06-12,0.8291821610804939,0.626823120510005,-1.5603427241769898,Zone_7,0.7081316156560269,-0.0059291052863966335,0.52,Industrial,0,3,6,0,0,1,0,0,0,0,0,0,0,0,1,0,0,high,0,0.636376076121204,0.8087563361420297,1097,0.7559534562263157
T01404,R0300,0.6352134075167942,0.4712436039023786,0.8315227406709766,2023-12-05,1.0,Saanvi Iyer,0.8526306319614528,0,Kolkata,2023-07-08,0.2761527727221495,-0.7835591439314143,-0.6208369557409844,Zone_9,0.7054238122589644,0.0957343172440192,0.9163636363636365,Business,0,1,12,0,0,1,0,0,0,0,0,0,0,0,0,0,1,medium,0,2.3002246229695213,3.0110968377189224,150,-2.837411828994347
T01405,R0133,0.6332834318840143,0.4746659269824214,0.6822830975715963,2023-05-09,1.0,Diya Kumar,-0.8494235369021,0,Delhi,2019-07-13,-0.688103596723169,0.0023974683897869183,0.7239458108438874,Zone_8,0.3749277083599486,0.2886135378550845,0.0036363636363636598,Business,0,1,5,1,0,0,0,0,0,0,0,0,0,0,0,1,0,low,0,-0.9203315240608901,-0.9915412458541264,1396,-0.0034841677927625247
T01406,R0031,0.32160667774721463,0.26345777444825585,0.5835963173710526,2023-10-18,1.0,Reyansh Nair,-0.3257145618671607,0,Hyderabad,2023-04-27,-0.15634456945553013,-0.12538075385875197,1.129222808992752,Zone_6,1.0,-2.392407628638726,0.24363636363636365,Mixed,0,2,10,0,0,1,0,0,0,0,0,0,0,1,0,0,0,medium,0,-2.057037726780084,-3.73275720035193,174,0.8019514479805111
T01407,R0002,0.854698305481157,0.6772075205856036,0.8890099918724033,2023-01-13,0.0,Ishaan Nair,0.9835578757201877,0,Mumbai,2019-11-23,-1.290763827626493,-0.8775846282275089,0.20813872229078573,Zone_6,1.0,-2.392407628638726,0.24363636363636365,Mixed,0,4,1,1,0,0,0,0,0,0,0,0,0,1,0,0,0,low,0,-0.6621647486456215,-0.6887472152881364,1147,0.6798955854234355
T01408,R0285,0.4064838533614254,0.3265978312918155,0.6417036084639745,2023-04-17,0.0,Diya Iyer,-0.3257145618671607,0,Chennai,2019-01-10,-0.05708288436557087,-0.36044446459898855,1.773981669684128,Zone_4,0.13112332813653896,1.3108734070937318,0.6290909090909091,Business,0,0,4,0,1,0,0,0,0,0,0,1,0,0,0,0,0,medium,0,-7.120941029507493,-11.241611484702993,1558,6.314405247825704
T01409,R0164,0.8584210853898561,0.7233170547725071,0.8547914526728311,2024-08-08,1.0,Aadhya Ghosh,0.7217033882027181,2,Ahmedabad,2022-07-06,-0.02163228254772828,-0.03135526956265735,0.023921904950391464,Zone_5,0.012308197259374737,-0.9072376299335215,0.44035034732709155,Business,0,3,8,0,0,1,0,0,0,0,0,0,1,0,0,0,0,medium,0,-39.682409079850125,-39.5146212974459,764,1.449466531951809
T01410,R0144,0.21001161405896548,0.19745003819477916,0.4899544068272124,2023-12-14,0.0,Ishaan Kumar,0.32892165692651354,2,Pune,2021-01-31,-0.41158890254399677,-0.6425209174872724,-0.8971621817515741,Zone_5,0.012308197259374737,-0.9072376299335215,0.44035034732709155,Business,0,3,12,0,1,0,0,0,0,0,0,0,1,0,0,0,0,medium,0,-0.5102460556173919,-1.1903975150905308,1047,1.5610744447090386
T01411,R0027,0.6772841888627539,0.6509612258837734,0.6904044425114904,2023-09-13,0.0,Ishaan Iyer,-0.002498701550705167,1,Jaipur,2019-10-05,1.0702462534418236,1.7551289320631407,-0.049764821985765095,Zone_2,0.3225568228440141,-0.0059291052863966335,1.0,Residential,0,2,9,1,0,0,0,0,0,1,0,0,0,0,0,0,0,high,0,0.6328302357374893,0.6450893336848474,1439,1.6399299940726642
T01412,R0049,0.6804907952388222,0.5677013112565711,0.7788722152353191,2024-05-03,1.0,Meera Iyer,0.9835578757201877,1,Mumbai,2020-05-19,0.8717228832619051,1.4730524791748567,0.7239458108438874,Zone_9,0.7054238122589644,0.0957343172440192,0.9163636363636365,Business,0,4,5,0,0,0,1,0,0,0,0,0,0,0,0,0,1,high,0,0.7806274313833423,0.8934860265694214,1445,1.6898173805680456
T01413,R0298,0.7083825833819732,0.5807863445281237,0.8179720932663042,2023-09-08,1.0,Vivaan Singh,0.45984890068524836,0,Ahmedabad,2020-03-25,-1.3262144294443357,-0.5955081753392251,-0.23398163932615854,Zone_1,0.20357758267005824,1.2530096409104126,0.0,Residential,0,4,9,0,0,0,1,1,0,0,0,0,0,0,0,0,0,low,0,-0.5341387996198889,-0.6167721260648796,1262,0.44902857495581183
T01414,R0208,0.8504588319725015,0.8944345042162902,0.8118673673031074,2023-04-01,0.0,Aadhya Iyer,-0.9803507806608349,2,Chennai,2020-01-08,0.7370105963541032,1.379026994878762,1.3687046715352633,Zone_10,0.0,-0.46361542252807086,0.44035034732709155,Industrial,0,5,4,0,1,0,0,0,1,0,0,0,0,0,0,0,0,high,0,1.1539302639332625,1.1015681067807044,1179,1.8711087760483112
T01415,R0213,0.6724144777923285,0.598441349345493,0.7730079614448726,2023-09-20,1.0,Kavya Ghosh,-0.3257145618671607,1,Chennai,2019-06-04,1.4460226327109549,0.10968295688148458,-0.49188518360270855,Zone_7,0.7081316156560269,-0.0059291052863966335,0.52,Industrial,0,2,9,0,0,1,0,0,0,0,0,0,0,0,1,0,0,high,0,0.46500964962886393,0.5345752853090986,1569,0.07585148005315424
T01416,R0230,0.6153805015053221,0.5162444068400247,0.8107002003158255,2023-09-06,0.0,Kavya Gupta,0.06706716940904384,1,Chennai,2022-11-22,-0.48958022654325045,-0.03135526956265735,-0.6576803192090631,Zone_7,0.7081316156560269,-0.0059291052863966335,0.52,Industrial,0,2,9,0,1,0,0,0,0,0,0,0,0,0,1,0,0,medium,0,-1.256955383697381,-1.6559087895356548,288,0.06404521233229865
T01417,R0252,0.6728230712183981,0.5261739371569715,0.8460293337520837,2024-06-09,1.0,Reyansh Gupta,-0.002498701550705167,2,Ahmedabad,2021-01-31,0.9922549294425698,1.0969505419904781,1.516078125407578,Zone_2,0.3225568228440141,-0.0059291052863966335,1.0,Residential,0,6,6,0,1,0,0,0,0,1,0,0,0,0,0,0,0,high,0,0.6780748084530832,0.8526330367815528,1225,1.1055128167584156
T01418,R0010,0.8535261822230733,0.751794802980703,0.8697445778266781,2024-01-21,1.0,Vivaan Gupta,-0.8494235369021,0,Surat,2023-05-14,0.0017782793317680683,-1.0656355968196982,-1.155065726028125,Zone_3,0.3749277083599486,0.6357961349550023,0.2581818181818183,Business,0,6,1,0,0,1,0,0,0,0,1,0,0,0,0,0,0,medium,0,479.9730655219662,489.09333999958693,252,-599.2509600615903
T01419,R0218,0.3491320380319179,0.322524871605276,0.581477252710604,2023-12-18,1.0,Arjun Reddy,0.32892165692651354,2,Delhi,2019-01-11,-0.6526529949053264,-0.36044446459898855,-0.25240332106019747,Zone_2,0.3225568228440141,-0.0059291052863966335,1.0,Residential,0,0,12,0,0,0,1,0,0,1,0,0,0,0,0,0,0,low,0,-0.5349428268272375,-0.8909439736731047,1802,0.552275814885787
T01420,R0057,0.4381218249080077,0.33451733671495126,0.5279864018491081,2023-03-21,0.0,Aadhya Reddy,0.9835578757201877,1,Bengaluru,2023-06-04,1.0986067348960975,-0.5955081753392251,-0.6392586374750233,Zone_10,0.0,-0.46361542252807086,0.44035034732709155,Industrial,0,1,3,0,0,0,1,0,1,0,0,0,0,0,0,0,0,high,0,0.39879768709905444,0.48059636362874036,-75,-0.5420576412136653
T01421,R0107,0.3275355229113996,0.2820409011754722,0.5098936827738476,2023-12-17,1.0,Reyansh Gupta,-0.002498701550705167,1,Hyderabad,2020-01-11,-0.5179407079975246,-0.45446994889508313,-0.6392586374750233,Zone_10,0.0,-0.46361542252807086,0.44035034732709155,Industrial,0,6,12,0,1,0,0,0,1,0,0,0,0,0,0,0,0,medium,0,-0.6323803436453677,-0.9844634239027309,1436,0.8774555501770971
T01423,R0165,0.3734980098966616,0.29878155537177326,0.6282474234382665,2024-08-18,1.0,Meera Reddy,0.7217033882027181,0,Kolkata,2021-12-09,-1.5460081607149596,-0.8775846282275089,-1.3577042251025573,Zone_1,0.20357758267005824,1.2530096409104126,0.0,Residential,0,6,8,0,0,0,1,1,0,0,0,0,0,0,0,0,0,low,0,-0.24158864059549043,-0.40636746907450355,983,0.5676455341747131
T01424,R0244,0.2835788613651332,0.25206458453175906,0.4688605839702848,2023-05-30,1.0,Aadhya Iyer,-0.002498701550705167,0,Kolkata,2019-04-22,-1.5956390032599392,-1.0656355968196982,-1.6156077693791082,Zone_10,0.0,-0.46361542252807086,0.44035034732709155,Industrial,0,1,5,1,0,0,0,0,1,0,0,0,0,0,0,0,0,low,0,-0.17772118930771494,-0.29383875864928616,1499,0.6678425349609606
T01425,R0226,0.5166629241670573,0.4761351631686044,0.7437166952822223,2023-06-28,0.0,Aarav Iyer,-0.002498701550705167,2,Surat,2021-07-30,0.09889976363293652,-1.018622854671651,-1.394547588570636,Zone_6,1.0,-2.392407628638726,0.24363636363636365,Mixed,0,2,6,0,1,0,0,0,0,0,0,0,0,1,0,0,0,medium,0,5.224106764143907,7.51990366774287,698,-10.299547918559632
T01426,R0022,0.5755627058416078,0.4262213057764345,0.732433828395112,2023-05-09,0.0,Aarav Nair,1.507266850755127,0,Kolkata,2020-09-14,-0.2272457730912153,-1.0656355968196982,-1.265595816432361,Zone_6,1.0,-2.392407628638726,0.24363636363636365,Mixed,0,1,5,0,0,1,0,0,0,0,0,0,0,1,0,0,0,medium,0,-2.5327762889150853,-3.2230910983814725,967,4.689352775736592
T01427,R0182,0.9059227756257543,0.8412292190805032,0.9753440018317547,2023-07-22,0.0,Meera Patel,1.507266850755127,1,Jaipur,2020-09-30,-1.7303512901677411,-1.1126483389677455,0.7239458108438874,Zone_4,0.13112332813653896,1.3108734070937318,0.6290909090909091,Business,0,5,7,0,0,0,1,0,0,0,0,1,0,0,0,0,0,low,0,-0.5235484729450132,-0.5636682027365694,1025,0.643018758843983
T01428,R0144,0.6139167033806491,0.547108173958517,0.7680988524413863,2024-01-19,0.0,Ishaan Kumar,0.32892165692651354,2,Pune,2021-01-31,-0.41158890254399677,-0.6425209174872724,-0.8971621817515741,Zone_2,0.3225568228440141,-0.0059291052863966335,1.0,Residential,0,4,1,1,0,0,0,0,0,1,0,0,0,0,0,0,0,medium,0,-1.4915773957608696,-1.8661796945783309,1083,1.5610744447090386
T01429,R0269,0.7604089321442005,0.6810759026404513,0.8864955744867473,2023-11-18,0.0,Aadhya Sharma,1.2454123632376575,1,Mumbai,2019-05-19,0.0017782793317680683,-0.36044446459898855,-1.0998006808260066,Zone_8,0.3749277083599486,0.2886135378550845,0.0036363636363636598,Business,0,5,11,0,1,0,0,0,0,0,0,0,0,0,0,1,0,medium,0,427.6093854097477,498.5131180742803,1644,-202.6928268016329
T01430,R0164,0.2116911570983179,0.1712581785541086,0.3463484391237719,2024-05-06,1.0,Aadhya Ghosh,0.7217033882027181,2,Ahmedabad,2022-07-06,-0.02163228254772828,-0.03135526956265735,0.023921904950391464,Zone_1,0.20357758267005824,1.2530096409104126,0.0,Residential,0,0,5,1,0,0,0,1,0,0,0,0,0,0,0,0,0,medium,0,-9.78589090777888,-16.01072093800586,670,1.449466531951809
T01431,R0243,0.7470215399215776,0.6600490168664402,0.712624669090365,2023-09-08,1.0,Ishaan Patel,0.19799441316777866,1,Jaipur,2023-02-06,0.44631566144779394,-0.5955081753392251,-0.5655719105388659,Zone_9,0.7054238122589644,0.0957343172440192,0.9163636363636365,Business,0,4,9,0,0,1,0,0,0,0,0,0,0,0,0,0,1,medium,0,1.6737515719218328,1.5966830892259012,214,-1.334275775596735
T01432,R0105,0.06380158854767744,0.08959047576477974,0.26228335005336406,2023-01-10,0.0,Diya Das,-0.06386007434969102,0,Jaipur,2020-09-28,0.666109392718418,-0.6895336596353198,-0.5839935922729057,Zone_7,0.7081316156560269,-0.0059291052863966335,0.52,Industrial,0,1,1,0,1,0,0,0,0,0,0,0,0,0,1,0,0,high,0,0.09578244841631899,0.393754168490217,834,-1.0351657958481961
T01433,R0027,0.6377690984631228,0.5237995907664865,0.7583311745641554,2023-12-25,0.0,Ishaan Iyer,-0.002498701550705167,1,Jaipur,2019-10-05,1.0702462534418236,1.7551289320631407,-0.049764821985765095,Zone_5,0.012308197259374737,-0.9072376299335215,0.44035034732709155,Business,0,0,12,0,0,1,0,0,0,0,0,0,1,0,0,0,0,high,0,0.5959087419480423,0.7085576540216095,1542,1.6399299940726642
T01434,R0262,0.53209904303578,0.4600784899853162,0.7185501151918541,2024-08-03,0.0,Meera Singh,-0.19478731810842584,1,Ahmedabad,2019-04-21,-1.7445315308948781,0.0023974683897869183,-1.2103307712302427,Zone_4,0.13112332813653896,1.3108734070937318,0.6290909090909091,Business,0,5,8,0,1,0,0,0,0,0,0,1,0,0,0,0,0,low,0,-0.3050097023828704,-0.41188714704586926,1931,-0.0013742763299652765
T01435,R0019,0.7216593198805882,0.4995412033568405,0.7635016595911277,2023-03-19,0.0,Kavya Patel,-0.002498701550705167,2,Mumbai,2023-04-02,0.09889976363293652,0.015657472585389957,0.13445199535462835,Zone_8,0.3749277083599486,0.2886135378550845,0.0036363636363636598,Business,0,6,3,0,0,1,0,0,0,0,0,0,0,0,0,1,0,medium,0,7.296876083132058,7.7199543410926745,-14,0.15831658246931907
T01436,R0010,0.8098718774623419,0.8106793537054818,0.9073143265047214,2023-01-25,1.0,Vivaan Gupta,-0.8494235369021,0,Surat,2023-05-14,0.0017782793317680683,-1.0656355968196982,-1.155065726028125,Zone_10,0.0,-0.46361542252807086,0.44035034732709155,Industrial,0,2,1,1,0,0,0,0,1,0,0,0,0,0,0,0,0,medium,0,455.42444485204715,510.2203631881708,-109,-599.2509600615903
T01437,R0030,0.2684461582696835,0.18941210583552356,0.5572040049104257,2024-04-17,0.0,Saanvi Patel,-0.8494235369021,2,Mumbai,2021-01-08,1.3467609476209956,1.6140907056189988,-0.5287285470707872,Zone_6,1.0,-2.392407628638726,0.24363636363636365,Mixed,0,2,4,1,0,0,0,0,0,0,0,0,0,1,0,0,0,high,0,0.1993272516134982,0.4137363842445137,1195,1.198498299546205
T01438,R0095,0.3855240452794654,0.2874710575212284,0.5692051881270712,2023-06-18,0.0,Kavya Iyer,-0.3257145618671607,0,Chennai,2020-10-07,1.623275641800168,2.5073328064318976,0.4660422665673357,Zone_10,0.0,-0.46361542252807086,0.44035034732709155,Industrial,0,6,6,0,0,0,1,0,1,0,0,0,0,0,0,0,0,high,0,0.23749758534658344,0.350652208084536,984,1.5446130908804463
T01439,R0090,0.7447359805623106,0.637809523853178,0.7413752371418383,2024-03-03,0.0,Kavya Iyer,0.19799441316777866,0,Surat,2021-01-31,-0.7093739578138746,0.06267021473343727,0.926584309918319,Zone_3,0.3749277083599486,0.6357961349550023,0.2581818181818183,Business,0,6,3,0,0,0,1,0,0,0,1,0,0,0,0,0,0,low,0,-1.0498496207239036,-1.045112001893309,1127,-0.0883458069514876
T01440,R0184,0.817040064986108,0.8207444976700939,0.8746259694530996,2024-07-09,0.0,Meera Nair,-0.3257145618671607,0,Surat,2020-03-04,0.2336120505407384,0.1566956990295319,-0.06818650371980403,Zone_8,0.3749277083599486,0.2886135378550845,0.0036363636363636598,Business,0,1,7,0,0,1,0,0,0,0,0,0,0,0,0,1,0,medium,0,3.4974225991121495,3.7439248849903746,1588,0.6707517812836737
T01441,R0262,0.9010861113077042,0.8668927304336818,0.9324829246477429,2024-01-03,0.0,Meera Singh,-0.19478731810842584,1,Ahmedabad,2019-04-21,-1.7445315308948781,0.0023974683897869183,-1.2103307712302427,Zone_5,0.012308197259374737,-0.9072376299335215,0.44035034732709155,Business,0,2,1,0,0,1,0,0,0,0,0,0,1,0,0,0,0,low,0,-0.5165203926382926,-0.5345176674275498,1718,-0.0013742763299652765
T01442,R0132,0.6119547130891554,0.5797000744273365,0.78457647344005,2023-08-05,1.0,Aadhya Iyer,-1.1112780244195697,1,Surat,2022-12-09,1.6445460028908734,0.06267021473343727,-0.0009730452730406338,Zone_3,0.3749277083599486,0.6357961349550023,0.2581818181818183,Business,0,5,8,1,0,0,0,0,0,0,1,0,0,0,0,0,0,high,0,0.37211164176218103,0.47707785131025726,239,0.038107912228221116
T01443,R0139,0.1345816031471086,0.1007834010115704,0.41431625460694216,2023-05-28,1.0,Diya Gupta,1.638194094513862,1,Kolkata,2021-01-31,-0.688103596723169,-0.7835591439314143,0.7055241291098469,Zone_1,0.3749277083599486,-0.0059291052863966335,0.44035034732709155,Business,0,6,5,0,0,1,0,1,0,0,0,0,0,0,0,0,0,low,0,-0.19558334499049584,-0.602113194263139,847,1.1387226395310472
T01444,R0232,0.7434227309482229,0.5847384006439699,0.8286532553286172,2024-02-21,0.0,Meera Das,0.8526306319614528,1,Jaipur,2022-12-08,-0.5675715505425042,-0.40745720674703584,-0.12345154892192248,Zone_1,0.3749277083599486,-0.0059291052863966335,0.44035034732709155,Business,0,2,2,0,0,0,1,1,0,0,0,0,0,0,0,0,0,low,0,-1.3098308578674074,-1.4599978708174541,440,0.7178957549186079
T01445,R0146,0.5212409626777855,0.41553162537594934,0.7140207668180714,2024-08-10,0.0,Kavya Gupta,-0.19478731810842584,1,Surat,2020-04-15,-1.219862623990808,0.0023974683897869183,-0.2155599575921188,Zone_9,0.7054238122589644,0.0957343172440192,0.9163636363636365,Business,0,5,8,0,0,1,0,0,0,0,0,0,0,0,0,0,1,low,0,-0.4272948055187838,-0.5853288335715512,1578,-0.0019653593303347117
T01446,R0236,0.4760391677004146,0.3057479980106055,0.6807190483470833,2023-09-08,1.0,Arjun Gupta,-0.4566418056258955,1,Ahmedabad,2020-08-10,0.0017782793317680683,-1.0656355968196982,-1.1919090894962037,Zone_9,0.7054238122589644,0.0957343172440192,0.9163636363636365,Business,0,4,9,1,0,0,0,0,0,0,0,0,0,0,0,0,1,medium,0,267.69650818980665,382.7964685785742,1124,-599.2509600615903
T01447,R0204,0.8610479194482192,0.887766562015477,0.9000558960786802,2023-08-22,1.0,Aarav Kumar,0.7217033882027181,0,Hyderabad,2019-01-01,1.3184004661667217,-0.8775846282275089,-0.5103068653367483,Zone_2,0.3225568228440141,-0.0059291052863966335,1.0,Residential,0,1,8,0,1,0,0,0,0,1,0,0,0,0,0,0,0,high,0,0.6531004361305598,0.6826877865840054,1694,-0.6656434450293434
T01448,R0095,0.8077174069880932,0.7024291727677834,0.864370770540777,2023-04-29,1.0,Kavya Iyer,-0.3257145618671607,0,Chennai,2020-10-07,1.623275641800168,2.5073328064318976,0.4660422665673357,Zone_10,0.0,-0.46361542252807086,0.44035034732709155,Industrial,0,5,4,0,1,0,0,0,1,0,0,0,0,0,0,0,0,high,0,0.4975848747981932,0.5324855177289629,934,1.5446130908804463
T01449,R0041,0.5419989037246601,0.4613161750258142,0.7113114764323993,2024-08-10,0.0,Aarav Nair,-0.8494235369021,2,Pune,2021-01-31,0.7157402352633976,-0.736546401783367,1.3502829898012243,Zone_1,0.20357758267005824,1.2530096409104126,0.0,Residential,0,5,8,0,0,0,1,1,0,0,0,0,0,0,0,0,0,high,0,0.7572564416826456,0.993812337754956,1287,-1.0290694381772636
T01450,R0095,0.7080161555235255,0.5928178686407165,0.8713023752009754,2023-01-11,1.0,Kavya Iyer,-0.3257145618671607,0,Chennai,2020-10-07,1.623275641800168,2.5073328064318976,0.4660422665673357,Zone_1,0.3749277083599486,-0.0059291052863966335,0.44035034732709155,Business,0,2,1,1,0,0,0,1,0,0,0,0,0,0,0,0,0,high,0,0.43616508329931886,0.5367556518218466,826,1.5446130908804463
T01451,R0090,0.6953065506469003,0.6356264377325151,0.755924298249536,2023-01-17,0.0,Kavya Iyer,0.19799441316777866,0,Surat,2021-01-31,-0.7093739578138746,0.06267021473343727,0.926584309918319,Zone_1,0.3749277083599486,-0.0059291052863966335,0.44035034732709155,Business,0,1,1,0,1,0,0,1,0,0,0,0,0,0,0,0,0,low,0,-0.9801692647269901,-1.0656217216926298,716,-0.0883458069514876
T01452,R0216,0.7401163221387126,0.5957440005582662,0.8117351276723372,2023-05-21,0.0,Ishaan Gupta,1.638194094513862,1,Chennai,2019-08-01,0.5881180687191643,0.015657472585389957,-1.1182223625600463,Zone_1,0.20357758267005824,1.2530096409104126,0.0,Residential,0,6,5,0,0,1,0,1,0,0,0,0,0,0,0,0,0,high,0,1.2584485352585382,1.380224772621216,1389,0.026623008912971605
T01453,R0112,0.6277992929295181,0.4858461862715937,0.7516371214127009,2023-11-23,1.0,Meera Nair,1.2454123632376575,0,Delhi,2020-11-13,0.41795517999351983,-0.5955081753392251,-1.412969270304675,Zone_1,0.20357758267005824,1.2530096409104126,0.0,Residential,0,3,11,0,1,0,0,1,0,0,0,0,0,0,0,0,0,medium,0,1.5020732436890762,1.7983677614053128,1105,-1.424813482030437
T01454,R0026,0.29285612911106507,0.26742312117439115,0.5116048631480115,2023-01-16,1.0,Ishaan Gupta,-0.7184962931433652,0,Surat,2020-04-17,-1.4751069570792745,-0.8775846282275089,-1.5419210424429508,Zone_3,0.3749277083599486,0.6357961349550023,0.2581818181818183,Business,0,0,1,0,1,0,0,0,0,0,1,0,0,0,0,0,0,low,0,-0.19853213199598957,-0.3468256052164474,1004,0.5949294890216874
T01455,R0248,0.4560483892064152,0.30061278716003853,0.5988299160391048,2023-11-11,0.0,Vivaan Ghosh,-1.765914243213244,0,Chennai,2021-10-24,-1.0496997352651634,-0.5484954331911778,-0.6576803192090631,Zone_8,0.3749277083599486,0.2886135378550845,0.0036363636363636598,Business,0,5,11,0,0,0,1,0,0,0,0,0,0,0,0,1,0,low,0,-0.4344560390797978,-0.5704773431116805,748,0.5225260279337148
T01456,R0014,0.5968516967005629,0.4355118030670123,0.7919473178555845,2023-09-13,0.0,Aarav Das,-0.7184962931433652,0,Ahmedabad,2021-06-08,0.5172168650834791,1.379026994878762,-1.8550896319216192,Zone_6,1.0,-2.392407628638726,0.24363636363636365,Mixed,0,2,9,0,0,0,1,0,0,0,0,0,0,1,0,0,0,high,0,1.1539679716442168,1.5311707164223343,827,2.666245221250058
T01457,R0197,0.7163417244126319,0.6006446480496022,0.8412373754883031,2023-10-27,0.0,Saanvi Das,-0.3257145618671607,1,Bengaluru,2020-10-08,1.5807349196187568,2.977460227912371,-0.25240332106019747,Zone_10,0.0,-0.46361542252807086,0.44035034732709155,Industrial,0,4,10,1,0,0,0,0,1,0,0,0,0,0,0,0,0,high,0,0.45317005117176756,0.5321811804418122,1114,1.8835923664104781
T01458,R0197,0.4110655610274701,0.3695471881548307,0.518855434597097,2023-04-17,0.0,Saanvi Das,-0.3257145618671607,1,Bengaluru,2020-10-08,1.5807349196187568,2.977460227912371,-0.25240332106019747,Zone_8,0.3749277083599486,0.2886135378550845,0.0036363636363636598,Business,0,0,4,0,1,0,0,0,0,0,0,0,0,0,0,1,0,high,0,0.2600471185431972,0.3282368398126076,921,1.8835923664104781
T01459,R0050,0.7434227309482229,0.5444664887579914,0.7978338960724478,2024-04-09,1.0,Diya Das,-0.002498701550705167,1,Ahmedabad,2022-10-06,0.5526674669013217,0.0023974683897869183,-1.0813789990919676,Zone_8,0.3749277083599486,0.2886135378550845,0.0036363636363636598,Business,0,1,4,0,0,1,0,0,0,0,0,0,0,0,0,1,0,high,0,1.3451537777615563,1.443605683080492,551,0.004337994424077406
T01460,R0144,0.6333755945032048,0.5211699943547361,0.7572856440329152,2024-03-22,0.0,Ishaan Kumar,0.32892165692651354,2,Pune,2021-01-31,-0.41158890254399677,-0.6425209174872724,-0.8971621817515741,Zone_4,0.13112332813653896,1.3108734070937318,0.6290909090909091,Business,0,4,3,0,0,1,0,0,0,0,0,1,0,0,0,0,0,medium,0,-1.538854887943681,-1.8399078287878892,1146,1.5610744447090386
T01461,R0086,0.53209904303578,0.4529359299110049,0.6294940297795455,2023-06-28,0.0,Vivaan Patel,-1.1112780244195697,1,Hyderabad,2019-11-08,0.6022983094463014,-0.3134317224509412,1.0186927185885153,Zone_6,1.0,-2.392407628638726,0.24363636363636365,Mixed,0,2,6,0,0,0,1,0,0,0,0,0,0,1,0,0,0,high,0,0.8834476781529469,1.045153240357333,1328,-0.5203928311521944
T01462,R0020,0.3118908567260499,0.2563014405282839,0.45762551550930447,2024-02-07,1.0,Diya Das,0.45984890068524836,0,Chennai,2019-09-17,0.15562072654148468,-0.12538075385875197,0.042343586684432034,Zone_9,0.7054238122589644,0.0957343172440192,0.9163636363636365,Business,0,2,2,1,0,0,0,0,0,0,0,0,0,0,0,0,1,medium,0,2.0041729894051574,2.9406463115779933,1604,-0.8056815865419349
T01463,R0006,0.7836124320715225,0.662889152491788,0.8490135001552135,2023-03-13,0.0,Aarav Das,1.7691213382725968,0,Jaipur,2023-06-30,-0.028722402911296796,-0.5014826910431305,1.16606617246083,Zone_9,0.7054238122589644,0.0957343172440192,0.9163636363636365,Business,0,0,3,0,1,0,0,0,0,0,0,0,0,0,0,0,1,medium,0,-27.282272813021514,-29.559278267114912,-109,17.459635692454288
T01464,R0079,0.7803968585307794,0.5907505498642004,0.8881502798208951,2023-07-30,1.0,Ishaan Nair,-0.8494235369021,1,Bengaluru,2020-09-23,-0.7519146799952856,0.2037084411775792,1.6818732610139318,Zone_1,0.20357758267005824,1.2530096409104126,0.0,Residential,0,6,7,1,0,0,0,1,0,0,0,0,0,0,0,0,0,low,0,-1.0378795351298,-1.1811849182495862,1040,-0.2709196223949989
T01465,R0137,0.8314241043575167,0.702567914963878,0.9534417300817959,2024-05-01,1.0,Arjun Gupta,-0.5875690493846304,1,Bengaluru,2021-08-10,-0.6101122727239153,0.3917594097697685,-1.5971860876450683,Zone_10,0.0,-0.46361542252807086,0.44035034732709155,Industrial,0,2,5,1,0,0,0,0,1,0,0,0,0,0,0,0,0,low,0,-1.3627395178358397,-1.5627316031933718,995,-0.6421103578538327
T01466,R0013,0.7983989952635747,0.602251999275777,0.8295035425794821,2024-04-15,1.0,Ishaan Gupta,1.507266850755127,0,Kolkata,2019-04-01,-1.7445315308948781,-1.1126483389677455,-0.1787165941240401,Zone_10,0.0,-0.46361542252807086,0.44035034732709155,Industrial,0,0,4,1,0,0,0,0,1,0,0,0,0,0,0,0,0,low,0,-0.4576581054135642,-0.4754878475334742,1841,0.6377920486177738
T01467,R0263,0.8085269994757175,0.7796972726228584,0.7530581719036253,2023-09-08,0.0,Ishaan Das,-0.06386007434969102,2,Chennai,2020-12-30,0.3186934949035606,-0.12538075385875197,-0.3076683662623159,Zone_3,0.3749277083599486,0.6357961349550023,0.2581818181818183,Business,0,4,9,0,0,1,0,0,0,0,1,0,0,0,0,0,0,medium,0,2.5370050296143787,2.3629543242842383,982,-0.39342112676850616
T01468,R0099,0.7741687275906862,0.7027528640275992,0.8743398658258441,2023-08-25,0.0,Diya Gupta,0.45984890068524836,2,Mumbai,2021-08-21,-1.219862623990808,-0.736546401783367,-0.5655719105388659,Zone_6,1.0,-2.392407628638726,0.24363636363636365,Mixed,0,4,8,0,1,0,0,0,0,0,0,0,0,1,0,0,0,low,0,-0.634635992910395,-0.7167527298815186,734,0.6037945480891438
T01469,R0012,0.18372367811773482,0.148599236193237,0.44550780326132433,2023-12-19,1.0,Aarav Das,-0.06386007434969102,0,Hyderabad,2022-01-19,-0.028722402911296796,-0.5955081753392251,-1.2840174981663999,Zone_7,0.7081316156560269,-0.0059291052863966335,0.52,Industrial,0,1,12,0,0,1,0,0,0,0,0,0,0,0,1,0,0,medium,0,-6.396528824037718,-15.51081240093954,699,20.73322963884077
T01470,R0213,0.6560670701437784,0.5963924134829425,0.841638990672888,2024-05-30,1.0,Kavya Ghosh,-0.3257145618671607,1,Chennai,2019-06-04,1.4460226327109549,0.10968295688148458,-0.49188518360270855,Zone_10,0.0,-0.46361542252807086,0.44035034732709155,Industrial,0,3,5,0,0,0,1,0,1,0,0,0,0,0,0,0,0,high,0,0.45370456540766985,0.5820372182522562,1822,0.07585148005315424
T01471,R0252,0.19272343192466201,0.1725721970255083,0.4764511863824204,2023-03-13,0.0,Reyansh Gupta,-0.002498701550705167,2,Ahmedabad,2021-01-31,0.9922549294425698,1.0969505419904781,1.516078125407578,Zone_3,0.3749277083599486,0.6357961349550023,0.2581818181818183,Business,0,0,3,0,0,1,0,0,0,0,1,0,0,0,0,0,0,high,0,0.19422773947107566,0.48017013798065156,771,1.1055128167584156
T01472,R0197,0.8961767580222995,0.8264659011893701,0.827255065540025,2024-05-12,0.0,Saanvi Das,-0.3257145618671607,1,Bengaluru,2020-10-08,1.5807349196187568,2.977460227912371,-0.25240332106019747,Zone_8,0.3749277083599486,0.2886135378550845,0.0036363636363636598,Business,0,6,5,0,0,1,0,0,0,0,0,0,0,0,0,1,0,high,0,0.5669367753566426,0.523335731546655,1312,1.8835923664104781
T01473,R0062,0.7087486006769083,0.6198291108731679,0.7200117209545662,2024-04-04,1.0,Kavya Sharma,0.8526306319614528,1,Jaipur,2019-05-13,-1.3829353923528838,-0.9716101125236036,-0.786632091347338,Zone_8,0.3749277083599486,0.2886135378550845,0.0036363636363636598,Business,0,3,4,1,0,0,0,0,0,0,0,0,0,0,0,1,0,low,0,-0.5124958147690943,-0.5206401723001394,1788,0.7025708633217753
T01474,R0259,0.8857056563826885,0.7474038564875427,0.919990433296445,2023-04-29,0.0,Aadhya Das,-0.002498701550705167,1,Jaipur,2019-06-25,-0.7235541985410116,0.1566956990295319,-0.8971621817515741,Zone_7,0.7081316156560269,-0.0059291052863966335,0.52,Industrial,0,5,4,0,1,0,0,0,0,0,0,0,0,0,1,0,0,low,0,-1.2241040936099081,-1.2714879343545118,1404,-0.2165638722648505
T01475,R0208,0.43390666446884507,0.33580554744096364,0.5512917594507449,2024-08-10,1.0,Aadhya Iyer,-0.9803507806608349,2,Chennai,2020-01-08,0.7370105963541032,1.379026994878762,1.3687046715352633,Zone_7,0.7081316156560269,-0.0059291052863966335,0.52,Industrial,0,5,8,0,1,0,0,0,0,0,0,0,0,0,1,0,0,high,0,0.5887387055428045,0.7480106285824308,1676,1.8711087760483112
T01476,R0003,0.6941610074453355,0.5825115738204164,0.8629467974905094,2024-06-29,1.0,Kavya Reddy,0.32892165692651354,1,Pune,2023-05-04,-1.468016836715706,-0.6895336596353198,-0.4550418201346307,Zone_2,0.3225568228440141,-0.0059291052863966335,1.0,Residential,0,5,6,0,1,0,0,0,0,1,0,0,0,0,0,0,0,low,0,-0.47285629843206334,-0.5878316759779959,422,0.46970419029932
T01477,R0043,0.7560071469471522,0.6701910373995825,0.7688449382709859,2023-02-09,0.0,Diya Kumar,-0.4566418056258955,1,Ahmedabad,2021-12-10,-1.1844120221729653,-0.36044446459898855,1.2397528993969873,Zone_1,0.20357758267005824,1.2530096409104126,0.0,Residential,0,3,2,0,0,1,0,1,0,0,0,0,0,0,0,0,0,low,0,-0.6382974275794281,-0.6491363848708958,426,0.30432354438424564
T01478,R0199,0.5486350957722796,0.4379681228468613,0.8323591758908369,2024-06-21,0.0,Aarav Das,-0.3257145618671607,1,Ahmedabad,2021-08-03,0.651929151991281,0.1566956990295319,-0.1787165941240401,Zone_1,0.20357758267005824,1.2530096409104126,0.0,Residential,0,4,6,0,1,0,0,1,0,0,0,0,0,0,0,0,0,high,0,0.8415563165054125,1.2767632393005321,1053,0.24035694454054354
T01479,R0058,0.7433569296786774,0.6616663737955174,0.7972023471647833,2023-10-22,1.0,Vivaan Reddy,1.9000485820313315,1,Kolkata,2021-05-31,1.6161855214365994,0.06267021473343727,0.5765723569715726,Zone_6,1.0,-2.392407628638726,0.24363636363636365,Mixed,0,6,10,0,0,0,1,0,0,0,0,0,0,1,0,0,0,high,0,0.4599452970089227,0.49326165628322416,874,0.03877662180622111
T01480,R0273,0.9075192132638871,0.8726693707725961,0.8500890016103946,2024-03-17,1.0,Aadhya Nair,1.507266850755127,1,Delhi,2022-09-17,0.26197253199501247,1.1439632841385254,-0.4550418201346307,Zone_7,0.7081316156560269,-0.0059291052863966335,0.52,Industrial,0,6,3,1,0,0,0,0,0,0,0,0,0,0,1,0,0,medium,0,3.4641769744057167,3.24495471008609,547,4.366729883575369
T01481,R0106,0.43305706606653255,0.34082374615413785,0.5402169327522595,2024-06-30,1.0,Aarav Patel,0.06706716940904384,2,Bengaluru,2021-11-25,-1.7445315308948781,-1.0656355968196982,0.042343586684432034,Zone_3,0.3749277083599486,0.6357961349550023,0.2581818181818183,Business,0,6,6,0,1,0,0,0,0,0,1,0,0,0,0,0,0,low,0,-0.24823688101778865,-0.3096630374316873,948,0.6108434143767341
T01482,R0120,0.589030004567745,0.487805909073058,0.6926090614036526,2023-12-25,1.0,Ishaan Gupta,-1.765914243213244,1,Surat,2020-07-12,0.41795517999351983,-0.40745720674703584,1.0002710368544763,Zone_7,0.7081316156560269,-0.0059291052863966335,0.52,Industrial,0,0,12,0,0,1,0,0,0,0,0,0,0,0,1,0,0,medium,0,1.409313803879348,1.657137163402045,1261,-0.9748825382505206
T01483,R0154,0.9190580085809353,0.931857680247496,0.9751309645271609,2024-07-02,1.0,Kavya Patel,-1.765914243213244,2,Kolkata,2019-03-25,1.5169238363466402,2.601358290727992,1.2397528993969873,Zone_1,0.20357758267005824,1.2530096409104126,0.0,Residential,0,1,7,0,0,0,1,1,0,0,0,0,0,0,0,0,0,high,0,0.6058695806339196,0.6428344925185344,1926,1.714890509594143
T01484,R0014,0.5218897620997037,0.4082110548032386,0.7461235212087429,2023-04-18,0.0,Aarav Das,-0.7184962931433652,0,Ahmedabad,2021-06-08,0.5172168650834791,1.379026994878762,-1.8550896319216192,Zone_1,0.20357758267005824,1.2530096409104126,0.0,Residential,0,1,4,0,0,0,1,1,0,0,0,0,0,0,0,0,0,high,0,1.0090346957566252,1.442573843929699,679,2.666245221250058
T01485,R0192,0.8695651174096403,0.8269409725889957,0.8678662389724479,2024-03-17,0.0,Aadhya Nair,-0.06386007434969102,1,Delhi,2021-01-31,1.3963917901659753,0.3447466676217211,-0.2155599575921188,Zone_9,0.7054238122589644,0.0957343172440192,0.9163636363636365,Business,0,6,3,0,0,1,0,0,0,0,0,0,0,0,0,0,1,high,0,0.6227228801640861,0.6215062599797248,1141,0.2468839118430684
T01486,R0132,0.8122787926605667,0.6886564733647096,0.906156172005782,2023-09-08,0.0,Aadhya Iyer,-1.1112780244195697,1,Surat,2022-12-09,1.6445460028908734,0.06267021473343727,-0.0009730452730406338,Zone_6,1.0,-2.392407628638726,0.24363636363636365,Mixed,0,4,9,0,0,0,1,0,0,0,0,0,0,1,0,0,0,high,0,0.49392281592165765,0.5510068860420388,273,0.038107912228221116
T01487,R0174,0.6695399239693802,0.6495179212015448,0.6849868565489019,2024-04-23,0.0,Aadhya Patel,0.06706716940904384,1,Kolkata,2019-02-07,0.4817662632656365,-0.7835591439314143,-0.3813550931984733,Zone_5,0.012308197259374737,-0.9072376299335215,0.44035034732709155,Business,0,1,4,0,1,0,0,0,0,0,0,0,1,0,0,0,0,medium,0,1.3897609173189636,1.4218240436882015,1902,-1.6264300837922625
T01488,R0273,0.7738691673665267,0.6746649609521311,0.7921102573610008,2023-09-15,1.0,Aadhya Nair,1.507266850755127,1,Delhi,2022-09-17,0.26197253199501247,1.1439632841385254,-0.4550418201346307,Zone_8,0.3749277083599486,0.2886135378550845,0.0036363636363636598,Business,0,4,9,0,0,1,0,0,0,0,0,0,0,0,0,1,0,medium,0,2.9540088095238164,3.023638590385046,363,4.366729883575369
T01489,R0150,0.38355019998981926,0.32223898369454196,0.5130058833520541,2023-09-08,0.0,Ishaan Gupta,0.19799441316777866,1,Pune,2022-02-27,-0.2626963749090579,-0.36044446459898855,1.7371383062160501,Zone_8,0.3749277083599486,0.2886135378550845,0.0036363636363636598,Business,0,4,9,0,0,1,0,0,0,0,0,0,0,0,0,1,0,medium,0,-1.4600513620433453,-1.9528472120319518,558,1.3720953124068416
T01490,R0291,0.7265455067264078,0.500815152261382,0.8677895318404745,2023-06-26,1.0,Arjun Ghosh,-1.1112780244195697,2,Pune,2021-04-19,1.7508978083444013,3.306549422948702,-0.0009730452730406338,Zone_1,0.20357758267005824,1.2530096409104126,0.0,Residential,0,0,6,0,0,1,0,1,0,0,0,0,0,0,0,0,0,high,0,0.4149559747369884,0.495625460095259,798,1.8884879558306604
T01491,R0169,0.8044588223468205,0.5789229924198817,0.8837781814122039,2023-11-18,1.0,Reyansh Kumar,0.06706716940904384,1,Delhi,2023-02-21,1.7367175676172641,2.6953837750240868,0.3370904944290615,Zone_2,0.3225568228440141,-0.0059291052863966335,1.0,Residential,0,5,11,0,0,1,0,0,0,1,0,0,0,0,0,0,0,high,0,0.4632064748734702,0.5088784716013018,270,1.5519989117874187
T01492,R0161,0.5276716900581048,0.46766243392178075,0.755522944652006,2024-07-29,0.0,Aarav Nair,-0.002498701550705167,2,Surat,2019-03-27,0.5668477076284587,1.23798876843462,1.6634515792798927,Zone_3,0.3749277083599486,0.6357961349550023,0.2581818181818183,Business,0,0,7,0,1,0,0,0,0,0,1,0,0,0,0,0,0,high,0,0.9308879315499818,1.3328499603763322,1951,2.18398831251173
T01493,R0043,0.6338360179783742,0.5268418137424304,0.7541661133403039,2023-11-07,1.0,Diya Kumar,-0.4566418056258955,1,Ahmedabad,2021-12-10,-1.1844120221729653,-0.36044446459898855,1.2397528993969873,Zone_10,0.0,-0.46361542252807086,0.44035034732709155,Industrial,0,1,11,0,0,1,0,0,1,0,0,0,0,0,0,0,0,low,0,-0.5351482474954244,-0.6367430414600853,697,0.30432354438424564
T01494,R0123,0.7635171420971524,0.7589589208193883,0.8853980931195087,2023-09-09,0.0,Meera Ghosh,0.06706716940904384,1,Bengaluru,2023-06-24,-0.6810134763596005,0.10968295688148458,-1.2840174981663999,Zone_6,1.0,-2.392407628638726,0.24363636363636365,Mixed,0,5,9,0,0,1,0,0,0,0,0,0,0,1,0,0,0,low,0,-1.1211483599099688,-1.3001183146219935,77,-0.1610584234952318
T01495,R0200,0.8914017004969472,0.9194984891339161,0.9223415303126756,2023-12-20,1.0,Kavya Kumar,-0.19478731810842584,2,Bengaluru,2021-11-15,1.3538510679845643,0.0023974683897869183,-0.7497887278792594,Zone_9,0.7054238122589644,0.0957343172440192,0.9163636363636365,Business,0,2,12,1,0,0,0,0,0,0,0,0,0,0,0,0,1,high,0,0.6584193206893495,0.681272521124304,765,0.0017708509055992063
T01496,R0144,0.7105725607563348,0.5903144553885168,0.8343922156109633,2024-06-10,1.0,Ishaan Kumar,0.32892165692651354,2,Pune,2021-01-31,-0.41158890254399677,-0.6425209174872724,-0.8971621817515741,Zone_4,0.13112332813653896,1.3108734070937318,0.6290909090909091,Business,0,0,6,1,0,0,0,0,0,0,0,1,0,0,0,0,0,medium,0,-1.7264133128088364,-2.027246629959298,1226,1.5610744447090386
T01497,R0135,0.6221261477178784,0.46725541276977156,0.6596932939150022,2024-06-27,0.0,Reyansh Patel,0.8526306319614528,0,Ahmedabad,2022-02-24,-0.702283837450306,-0.736546401783367,-0.9892705904217705,Zone_4,0.13112332813653896,1.3108734070937318,0.6290909090909091,Business,0,3,6,0,0,1,0,0,0,0,0,1,0,0,0,0,0,low,0,-0.885861406089814,-0.9393542307766445,854,1.0487873456656127
T01498,R0137,0.6836662311932815,0.561114189596044,0.7378333146279938,2023-05-18,1.0,Arjun Gupta,-0.5875690493846304,1,Bengaluru,2021-08-10,-0.6101122727239153,0.3917594097697685,-1.5971860876450683,Zone_5,0.012308197259374737,-0.9072376299335215,0.44035034732709155,Business,0,3,5,0,0,0,1,0,0,0,0,0,1,0,0,0,0,low,0,-1.12055807063342,-1.2093402273877454,646,-0.6421103578538327
T01499,R0144,0.8717934371110363,0.9143013886062924,0.9584269110002885,2023-02-20,0.0,Ishaan Kumar,0.32892165692651354,2,Pune,2021-01-31,-0.41158890254399677,-0.6425209174872724,-0.8971621817515741,Zone_3,0.3749277083599486,0.6357961349550023,0.2581818181818183,Business,0,0,2,0,0,1,0,0,0,0,1,0,0,0,0,0,0,medium,0,-2.118116965065272,-2.328602411474973,750,1.5610744447090386
T01500,R0099,0.5672075086636943,0.4781983254429628,0.6764878814153741,2023-09-08,1.0,Diya Gupta,0.45984890068524836,2,Mumbai,2021-08-21,-1.219862623990808,-0.736546401783367,-0.5655719105388659,Zone_4,0.13112332813653896,1.3108734070937318,0.6290909090909091,Business,0,4,9,1,0,0,0,0,0,0,0,1,0,0,0,0,0,low,0,-0.46497654531627686,-0.5545607088134472,748,0.6037945480891438
T01501,R0063,0.6517402466026725,0.4699627027280703,0.8465609525196129,2024-06-17,1.0,Diya Iyer,0.32892165692651354,1,Surat,2023-04-21,0.5455773465377531,0.43877215191781577,1.516078125407578,Zone_5,0.012308197259374737,-0.9072376299335215,0.44035034732709155,Business,0,0,6,0,1,0,0,0,0,0,0,0,1,0,0,0,0,high,0,1.1945881747815075,1.5516790751887133,423,0.804234550247136
T01502,R0038,0.570016385828187,0.5317356219011609,0.6975793399805683,2023-02-08,0.0,Aarav Singh,0.7217033882027181,2,Kolkata,2023-02-11,0.0017782793317680683,-0.7835591439314143,0.11603031362058941,Zone_9,0.7054238122589644,0.0957343172440192,0.9163636363636365,Business,0,2,2,1,0,0,0,0,0,0,0,0,0,0,0,0,1,medium,0,320.5437838955502,392.27770773616004,-3,-440.6277067576073
T01503,R0072,0.6720053726649029,0.5979566735052048,0.7220154571418751,2023-09-12,0.0,Saanvi Das,-0.8494235369021,2,Jaipur,2023-11-05,-1.347484790535041,0.0023974683897869183,0.11603031362058941,Zone_8,0.3749277083599486,0.2886135378550845,0.0036363636363636598,Business,0,1,9,1,0,0,0,0,0,0,0,0,0,0,0,1,0,low,0,-0.49871091487279207,-0.5358245690143834,-54,-0.0017792174031403827
T01504,R0100,0.74799619127081,0.7204780416877247,0.7441071482315393,2023-04-10,1.0,Ishaan Gupta,-0.4566418056258955,1,Delhi,2021-05-24,0.9284438461704532,1.7081161899150934,-0.39977677493251224,Zone_4,0.13112332813653896,1.3108734070937318,0.6290909090909091,Business,0,0,4,1,0,0,0,0,0,0,0,1,0,0,0,0,0,high,0,0.8056450525856415,0.8014562768666664,686,1.8397625197911
T01505,R0083,0.8595758069935985,0.821182896453433,0.8950269583107191,2023-07-03,1.0,Kavya Patel,1.7691213382725968,0,Mumbai,2021-12-31,0.0017782793317680683,0.7208486048060996,0.7239458108438874,Zone_6,1.0,-2.392407628638726,0.24363636363636365,Mixed,0,0,7,1,0,0,0,0,0,0,0,0,0,1,0,0,0,medium,0,483.3750196820645,503.31066797072396,549,405.3629775303018
T01506,R0141,0.41378405439879196,0.29333047428517706,0.6755656177726286,2023-10-07,1.0,Arjun Das,-0.8494235369021,2,Jaipur,2019-07-08,-1.411295873807158,-1.1126483389677455,0.5213073117694542,Zone_3,0.3749277083599486,0.6357961349550023,0.2581818181818183,Business,0,5,10,1,0,0,0,0,0,0,1,0,0,0,0,0,0,low,0,-0.2931944052826815,-0.4786846120014513,1552,0.7883877219638069
T01507,R0056,0.7992319844141741,0.667564875012507,0.7732885900840079,2023-10-27,0.0,Meera Patel,1.1144851194789225,2,Hyderabad,2021-02-26,-1.1276910592644172,-0.5014826910431305,-1.394547588570636,Zone_9,0.7054238122589644,0.0957343172440192,0.9163636363636365,Business,0,4,10,1,0,0,0,0,0,0,0,0,0,0,0,0,1,low,0,-0.708733103670704,-0.6857273397098822,973,0.4446986494423776
T01508,R0184,0.4877595423389857,0.386215830686447,0.6931428240507966,2024-03-18,1.0,Meera Nair,-0.3257145618671607,0,Surat,2020-03-04,0.2336120505407384,0.1566956990295319,-0.06818650371980403,Zone_3,0.3749277083599486,0.6357961349550023,0.2581818181818183,Business,0,0,3,0,0,0,1,0,0,0,1,0,0,0,0,0,0,medium,0,2.087904032390349,2.9670679335521823,1475,0.6707517812836737
T01509,R0105,0.8044588223468205,0.813458151653771,0.8187108328698163,2023-05-25,0.0,Diya Das,-0.06386007434969102,0,Jaipur,2020-09-28,0.666109392718418,-0.6895336596353198,-0.5839935922729057,Zone_1,0.3749277083599486,-0.0059291052863966335,0.44035034732709155,Business,0,3,5,0,1,0,0,1,0,0,0,0,0,0,0,0,0,high,0,1.2076977612698017,1.2290936621215114,969,-1.0351657958481961
T01510,R0265,0.8824977379534683,0.7149042728298212,0.879464068594348,2023-09-08,0.0,Kavya Das,0.9835578757201877,0,Bengaluru,2020-11-26,-0.5392110690882301,0.015657472585389957,-1.3761259068365972,Zone_2,0.3225568228440141,-0.0059291052863966335,1.0,Residential,0,4,9,0,1,0,0,0,0,1,0,0,0,0,0,0,0,medium,0,-1.636646182812443,-1.631020056916604,1016,-0.02903774325676529
T01511,R0057,0.8551659797221723,0.7220115281977919,0.9265814541693651,2023-06-26,1.0,Aadhya Reddy,0.9835578757201877,1,Bengaluru,2023-06-04,1.0986067348960975,-0.5955081753392251,-0.6392586374750233,Zone_9,0.7054238122589644,0.0957343172440192,0.9163636363636365,Business,0,0,6,0,0,1,0,0,0,0,0,0,0,0,0,0,1,high,0,0.7784095550834677,0.8434150499332211,22,-0.5420576412136653
T01512,R0056,0.7387843308883513,0.5997320118262309,0.7444578095189169,2024-02-08,1.0,Meera Patel,1.1144851194789225,2,Hyderabad,2021-02-26,-1.1276910592644172,-0.5014826910431305,-1.394547588570636,Zone_3,0.3749277083599486,0.6357961349550023,0.2581818181818183,Business,0,3,2,0,0,0,1,0,0,0,1,0,0,0,0,0,0,low,0,-0.6551300773549218,-0.6601611349162599,1077,0.4446986494423776
T01513,R0273,0.8356682579243602,0.640339135884513,0.8073546578364807,2023-04-23,1.0,Aadhya Nair,1.507266850755127,1,Delhi,2022-09-17,0.26197253199501247,1.1439632841385254,-0.4550418201346307,Zone_6,1.0,-2.392407628638726,0.24363636363636365,Mixed,0,6,4,0,1,0,0,0,0,0,0,0,0,1,0,0,0,medium,0,3.189907932562449,3.0818294257348,218,4.366729883575369
T01514,R0259,0.46849448127426485,0.3946095961956997,0.6699868169479042,2023-09-23,1.0,Aadhya Das,-0.002498701550705167,1,Jaipur,2019-06-25,-0.7235541985410116,0.1566956990295319,-0.8971621817515741,Zone_9,0.7054238122589644,0.0957343172440192,0.9163636363636365,Business,0,5,9,0,1,0,0,0,0,0,0,0,0,0,0,0,1,low,0,-0.6474905158714386,-0.925966317794684,1551,-0.2165638722648505
T01515,R0172,0.6987192730536871,0.4909263064023235,0.809471564476671,2023-09-15,0.0,Reyansh Reddy,-0.06386007434969102,2,Pune,2021-01-31,-0.5959320319967782,-0.45446994889508313,-0.5287285470707872,Zone_4,0.13112332813653896,1.3108734070937318,0.6290909090909091,Business,0,4,9,0,0,0,1,0,0,0,0,1,0,0,0,0,0,low,0,-1.1724814836895099,-1.3583286700739845,957,0.7626204407443903
T01516,R0132,0.9112797744108918,0.8742991710304095,0.9119087130311718,2023-04-17,0.0,Aadhya Iyer,-1.1112780244195697,1,Surat,2022-12-09,1.6445460028908734,0.06267021473343727,-0.0009730452730406338,Zone_10,0.0,-0.46361542252807086,0.44035034732709155,Industrial,0,0,4,0,0,1,0,0,1,0,0,0,0,0,0,0,0,high,0,0.5541223977979297,0.5545048368535562,129,0.038107912228221116
T01517,R0255,0.5225372754961567,0.3364479820673657,0.6852604064418715,2023-06-01,0.0,Reyansh Sharma,0.7217033882027181,0,Bengaluru,2021-07-06,1.5807349196187568,0.8618868312502416,-1.634029451113147,Zone_6,1.0,-2.392407628638726,0.24363636363636365,Mixed,0,3,6,1,0,0,0,0,0,0,0,0,0,1,0,0,0,high,0,0.33056603546291163,0.4335074767672895,695,0.5452443800369212
T01518,R0229,0.745390630884718,0.6566550675804271,0.8826810094911102,2023-01-17,0.0,Reyansh Ghosh,-1.2422052681783047,0,Mumbai,2020-11-23,-0.7519146799952856,-0.36044446459898855,0.7792108560460042,Zone_6,1.0,-2.392407628638726,0.24363636363636365,Mixed,0,1,1,0,0,1,0,0,0,0,0,0,0,1,0,0,0,low,0,-0.9913234183556457,-1.1739111271196945,785,0.4793688355722068
T01519,R0235,0.6361284512567101,0.5005606044463642,0.773173091835311,2023-06-25,0.0,Aarav Ghosh,0.32892165692651354,2,Delhi,2021-02-15,0.22652193017716984,-0.736546401783367,0.09760863188654885,Zone_1,0.20357758267005824,1.2530096409104126,0.0,Residential,0,6,6,0,1,0,0,1,0,0,0,0,0,0,0,0,0,medium,0,2.808242234026411,3.4132372580022974,860,-3.2515456724533967
T01520,R0280,0.6736387280755034,0.5565783720270754,0.7444383468352147,2024-08-21,1.0,Saanvi Gupta,-0.7184962931433652,2,Chennai,2023-05-31,-0.5675715505425042,-0.03135526956265735,0.7792108560460042,Zone_1,0.20357758267005824,1.2530096409104126,0.0,Residential,0,2,8,1,0,0,0,1,0,0,0,0,0,0,0,0,0,low,0,-1.1868789537312372,-1.3116202637775893,448,0.05524461106742739
T01521,R0249,0.7777421860307535,0.5988718616995427,0.7559607391489955,2024-07-04,0.0,Diya Nair,-1.5040597556957742,1,Surat,2023-03-24,1.020615410896844,1.1439632841385254,0.889740946450241,Zone_5,0.012308197259374737,-0.9072376299335215,0.44035034732709155,Business,0,3,7,0,0,1,0,0,0,0,0,0,1,0,0,0,0,high,0,0.7620325714534618,0.7406910880217958,468,1.1208563695244345
T01522,R0223,0.6582091788133441,0.6184215266983444,0.7694192794358448,2024-07-18,1.0,Ishaan Gupta,-0.19478731810842584,0,Surat,2019-11-29,-0.6668332356324634,-0.6425209174872724,0.06076526841847097,Zone_2,0.3225568228440141,-0.0059291052863966335,1.0,Residential,0,3,7,0,1,0,0,0,0,1,0,0,0,0,0,0,0,low,0,-0.987067146089472,-1.1538406280935933,1693,0.9635406322809752
T01523,R0036,0.7105725607563348,0.67596136173572,0.8633014228467091,2023-09-09,1.0,Aadhya Das,-0.19478731810842584,0,Surat,2022-03-16,-0.5321209487246615,-0.40745720674703584,1.6450298975458537,Zone_5,0.012308197259374737,-0.9072376299335215,0.44035034732709155,Business,0,5,9,0,0,1,0,0,0,0,0,0,1,0,0,0,0,medium,0,-1.335359117996331,-1.6223781922433056,542,0.7657229201811951
T01524,R0159,0.6039867473025955,0.5576724298109789,0.7896049686498259,2023-06-05,1.0,Ishaan Singh,1.507266850755127,0,Bengaluru,2020-05-21,-1.2269527443543764,-1.018622854671651,1.6450298975458537,Zone_1,0.3749277083599486,-0.0059291052863966335,0.44035034732709155,Business,0,0,6,1,0,0,0,1,0,0,0,0,0,0,0,0,0,low,0,-0.4922656965247784,-0.6435496169539249,1110,0.8302054495241796
T01525,R0232,0.24053373852886523,0.18482021401049697,0.4939324078001926,2023-11-03,1.0,Meera Das,0.8526306319614528,1,Jaipur,2022-12-08,-0.5675715505425042,-0.40745720674703584,-0.12345154892192248,Zone_9,0.7054238122589644,0.0957343172440192,0.9163636363636365,Business,0,4,11,0,0,0,1,0,0,0,0,0,0,0,0,0,1,low,0,-0.4237945652824827,-0.870255754235876,330,0.7178957549186079
T01526,R0175,0.7447359805623106,0.7405730150243623,0.7564156086483034,2023-07-04,1.0,Diya Patel,0.45984890068524836,1,Chennai,2022-08-18,-1.0922404574465745,-0.736546401783367,-0.9708489086877315,Zone_7,0.7081316156560269,-0.0059291052863966335,0.52,Industrial,0,1,7,1,0,0,0,0,0,0,0,0,0,0,1,0,0,low,0,-0.6818425150660915,-0.6925357905315482,320,0.6743445518446145
T01527,R0023,0.8783886221188903,0.7291866780947426,0.8845412413752065,2023-11-21,0.0,Meera Iyer,-0.9803507806608349,1,Jaipur,2019-10-09,-0.5392110690882301,0.3917594097697685,-1.4682343155067934,Zone_4,0.13112332813653896,1.3108734070937318,0.6290909090909091,Business,0,1,11,0,1,0,0,0,0,0,0,1,0,0,0,0,0,medium,0,-1.6290255754656275,-1.640435985245827,1504,-0.7265418538833178
T01528,R0154,0.8974110305292746,0.6938692400454819,0.8221216296464062,2024-07-12,1.0,Kavya Patel,-1.765914243213244,2,Kolkata,2019-03-25,1.5169238363466402,2.601358290727992,1.2397528993969873,Zone_8,0.3749277083599486,0.2886135378550845,0.0036363636363636598,Business,0,4,7,0,0,0,1,0,0,0,0,0,0,0,0,1,0,high,0,0.5915992675615143,0.5419663202250181,1936,1.714890509594143
T01529,R0189,0.6864196404030072,0.514199756449736,0.8370322396103773,2023-07-27,1.0,Ishaan Gupta,-0.3257145618671607,0,Delhi,2019-09-16,-0.09962360654698198,0.8618868312502416,-1.3392825433685185,Zone_1,0.3749277083599486,-0.0059291052863966335,0.44035034732709155,Business,0,3,7,0,1,0,0,1,0,0,0,0,0,0,0,0,0,medium,0,-6.8901304037742825,-8.401946773685987,1410,-8.651431735145827
T01530,R0012,0.22482540462093706,0.19568792849665434,0.4547767650823845,2023-09-08,1.0,Aarav Das,-0.06386007434969102,0,Hyderabad,2022-01-19,-0.028722402911296796,-0.5955081753392251,-1.2840174981663999,Zone_7,0.7081316156560269,-0.0059291052863966335,0.52,Industrial,0,4,9,0,0,1,0,0,0,0,0,0,0,0,1,0,0,medium,0,-7.827527707736148,-15.833520840400038,597,20.73322963884077
T01531,R0085,0.5339782643345106,0.4095161699702153,0.7365143225876019,2023-07-14,1.0,Aadhya Ghosh,-0.3257145618671607,0,Surat,2022-09-17,-1.1206009389008487,-0.5484954331911778,1.7371383062160501,Zone_1,0.3749277083599486,-0.0059291052863966335,0.44035034732709155,Business,0,4,7,1,0,0,0,1,0,0,0,0,0,0,0,0,0,low,0,-0.47651063442644254,-0.6572494248577182,300,0.4894654413989465
T01532,R0289,0.7970059423996153,0.6583787091450968,0.8930968333889273,2023-12-07,0.0,Aarav Gupta,-1.3731325119370394,2,Chennai,2021-09-30,0.49594650399277357,-0.45446994889508313,0.30024713096098204,Zone_7,0.7081316156560269,-0.0059291052863966335,0.52,Industrial,0,3,12,1,0,0,0,0,0,0,0,0,0,0,1,0,0,medium,0,1.6070401464332702,1.800792678643301,798,-0.9163688930887296
T01533,R0257,0.695687507426581,0.6047620766063735,0.7657206949348194,2023-04-19,0.0,Arjun Reddy,0.5907761444439832,2,Delhi,2023-03-11,1.4672929938016606,-0.2194062381548466,1.4976564436735391,Zone_1,0.20357758267005824,1.2530096409104126,0.0,Residential,0,2,4,1,0,0,0,1,0,0,0,0,0,0,0,0,0,high,0,0.47412991840443536,0.5218594365061929,39,-0.1495313063455577
T01534,R0047,0.7585297108454699,0.6695910802311837,0.9023754756243352,2024-08-06,0.0,Reyansh Iyer,2.554684800825006,0,Bengaluru,2021-10-07,-1.2978539479900615,0.0023974683897869183,1.5713431706096965,Zone_2,0.3225568228440141,-0.0059291052863966335,1.0,Residential,0,1,8,0,0,0,1,0,0,1,0,0,0,0,0,0,0,low,0,-0.5844492071085324,-0.6952827604537558,1034,-0.0018472559208220533
T01535,R0275,0.6397632081054273,0.46200244875430413,0.6906431258645207,2024-01-04,0.0,Ishaan Das,-1.3731325119370394,2,Jaipur,2022-10-04,-0.03581252327486532,-0.3134317224509412,-1.7261378597833443,Zone_10,0.0,-0.46361542252807086,0.44035034732709155,Industrial,0,3,1,0,0,0,1,0,1,0,0,0,0,0,0,0,0,medium,0,-17.864231548142243,-19.284961312660204,457,8.75201448513739
T01536,R0086,0.944020929265455,0.9282161486804049,0.9277751245245089,2023-09-23,1.0,Vivaan Patel,-1.1112780244195697,1,Hyderabad,2019-11-08,0.6022983094463014,-0.3134317224509412,1.0186927185885153,Zone_6,1.0,-2.392407628638726,0.24363636363636365,Mixed,0,5,9,0,0,0,1,0,0,0,0,0,0,1,0,0,0,high,0,1.5673644014264336,1.5403913807718,1415,-0.5203928311521944
T01537,R0255,0.9311303440703371,0.842590843805046,0.971361483878703,2023-01-14,1.0,Reyansh Sharma,0.7217033882027181,0,Bengaluru,2021-07-06,1.5807349196187568,0.8618868312502416,-1.634029451113147,Zone_1,0.20357758267005824,1.2530096409104126,0.0,Residential,0,5,1,1,0,0,0,1,0,0,0,0,0,0,0,0,0,high,0,0.5890490129078113,0.6144999214118563,557,0.5452443800369212
T01538,R0271,0.47304217051831077,0.3825599870695404,0.6162830071556116,2024-01-08,0.0,Saanvi Iyer,-1.2422052681783047,1,Bengaluru,2022-10-07,-1.3758452719893153,-0.8305718860794616,0.6686807656417689,Zone_4,0.13112332813653896,1.3108734070937318,0.6290909090909091,Business,0,0,1,0,0,0,1,0,0,0,0,1,0,0,0,0,0,low,0,-0.3438193088633766,-0.4479304611517374,458,0.6036811718504869
T01539,R0197,0.8449604078097244,0.6202976347597842,0.7706795553879116,2023-07-12,1.0,Saanvi Das,-0.3257145618671607,1,Bengaluru,2020-10-08,1.5807349196187568,2.977460227912371,-0.25240332106019747,Zone_8,0.3749277083599486,0.2886135378550845,0.0036363636363636598,Business,0,2,7,0,0,1,0,0,0,0,0,0,0,0,0,1,0,high,0,0.5345364344918203,0.48754509426146214,1007,1.8835923664104781
T01540,R0270,0.7622774047399289,0.6433119629960137,0.7842979741958993,2023-09-05,1.0,Aadhya Reddy,0.45984890068524836,1,Hyderabad,2022-01-02,1.4389325123473864,1.8961671585072826,-1.7077161780493044,Zone_9,0.7054238122589644,0.0957343172440192,0.9163636363636365,Business,0,1,9,0,1,0,0,0,0,0,0,0,0,0,0,0,1,high,0,0.52975201977777,0.5450554264817074,611,1.3177596184924556
T01541,R0227,0.7138302427276189,0.6780689720329344,0.8657443924953974,2023-06-06,1.0,Arjun Nair,-0.8494235369021,2,Pune,2020-07-11,0.4817662632656365,-0.03135526956265735,0.20813872229078573,Zone_1,0.20357758267005824,1.2530096409104126,0.0,Residential,0,1,6,0,1,0,0,1,0,0,0,0,0,0,0,0,0,medium,0,1.4816941267097958,1.7970216233635332,1060,-0.06508398772076049
T01542,R0107,0.49907393394183813,0.42651676599529326,0.6728161540268014,2024-03-13,0.0,Reyansh Gupta,-0.002498701550705167,1,Hyderabad,2020-01-11,-0.5179407079975246,-0.45446994889508313,-0.6392586374750233,Zone_9,0.7054238122589644,0.0957343172440192,0.9163636363636365,Business,0,2,3,0,0,1,0,0,0,0,0,0,0,0,0,0,1,medium,0,-0.9635734867633216,-1.2990215745506086,1523,0.8774555501770971
T01543,R0175,0.9211649489936461,0.9658434059608217,0.9124692072087037,2024-04-26,1.0,Diya Patel,0.45984890068524836,1,Chennai,2022-08-18,-1.0922404574465745,-0.736546401783367,-0.9708489086877315,Zone_6,1.0,-2.392407628638726,0.24363636363636365,Mixed,0,4,4,0,0,0,1,0,0,0,0,0,0,1,0,0,0,low,0,-0.8433719358346545,-0.835410555420976,617,0.6743445518446145
T01544,R0028,0.874447510490839,0.6930264584961742,0.9555874422038115,2023-02-21,1.0,Ishaan Gupta,-1.5040597556957742,0,Surat,2023-11-11,-0.02163228254772828,-0.12538075385875197,-0.39977677493251224,Zone_6,1.0,-2.392407628638726,0.24363636363636365,Mixed,0,1,2,1,0,0,0,0,0,0,0,0,0,1,0,0,0,medium,0,-40.42326594808043,-44.174138355277854,-263,5.796002043802765
T01545,R0234,0.1687875725664973,0.1595586763064624,0.46781671228896654,2023-04-29,0.0,Saanvi Nair,0.06706716940904384,2,Surat,2022-12-01,-0.48958022654325045,0.3447466676217211,-0.049764821985765095,Zone_1,0.20357758267005824,1.2530096409104126,0.0,Residential,0,5,4,0,0,0,1,1,0,0,0,0,0,0,0,0,0,medium,0,-0.34475978280055447,-0.9555465824101022,149,-0.7041678747033007
T01546,R0291,0.8976162899777836,0.9015651356926667,0.914466027616933,2023-08-17,1.0,Arjun Ghosh,-1.1112780244195697,2,Pune,2021-04-19,1.7508978083444013,3.306549422948702,-0.0009730452730406338,Zone_3,0.3749277083599486,0.6357961349550023,0.2581818181818183,Business,0,3,8,0,0,1,0,0,0,0,1,0,0,0,0,0,0,high,0,0.5126605823023697,0.522284066642145,850,1.8884879558306604
T01547,R0005,0.7043290915339452,0.6452699308278576,0.8037221515444906,2023-07-13,1.0,Diya Reddy,-0.5875690493846304,1,Ahmedabad,2021-05-31,0.297423133812855,0.29773392547367383,-0.8787405000175352,Zone_1,0.20357758267005824,1.2530096409104126,0.0,Residential,0,3,7,0,0,1,0,1,0,0,0,0,0,0,0,0,0,medium,0,2.3681046006902884,2.7022852635606003,773,1.0010449478385712
T01548,R0152,0.5793898505544836,0.4929576074294376,0.7789839988289453,2024-01-26,1.0,Arjun Patel,0.32892165692651354,0,Bengaluru,2021-05-04,-0.7731850410859912,0.015657472585389957,-0.1787165941240401,Zone_7,0.7081316156560269,-0.0059291052863966335,0.52,Industrial,0,4,1,0,1,0,0,0,0,0,0,0,0,0,1,0,0,low,0,-0.7493547078209001,-1.0075000904502873,997,-0.020250614993013793
T01549,R0081,0.4560483892064152,0.34416235956091806,0.6618637440362165,2023-09-08,0.0,Diya Reddy,1.3763396069963922,2,Mumbai,2022-01-31,-0.9787985316294783,-1.018622854671651,-0.19713827585807986,Zone_6,1.0,-2.392407628638726,0.24363636363636365,Mixed,0,4,9,0,0,1,0,0,0,0,0,0,0,1,0,0,0,low,0,-0.4659267198196525,-0.6762001807811899,585,1.0406869460417705
T01550,R0207,0.8490333588674454,0.8651206810180229,0.9055008291075535,2024-04-12,0.0,Ishaan Iyer,-0.06386007434969102,1,Mumbai,2023-12-06,-1.4538365959885688,0.0023974683897869183,-0.1418732306559614,Zone_6,1.0,-2.392407628638726,0.24363636363636365,Mixed,0,4,4,0,1,0,0,0,0,0,0,0,0,1,0,0,0,low,0,-0.5839950385140265,-0.6228353527528573,128,-0.0016490631728503888
T01551,R0087,0.7768524794393282,0.7390321858028416,0.775028272267565,2023-09-08,1.0,Saanvi Das,-0.7184962931433652,0,Jaipur,2021-05-11,0.0017782793317680683,0.43877215191781577,-0.8050537730813778,Zone_2,0.3225568228440141,-0.0059291052863966335,1.0,Residential,0,4,9,0,1,0,0,0,0,1,0,0,0,0,0,0,0,medium,0,436.8562719935211,435.8304448699783,850,246.73972422631886
T01552,R0283,0.4941720352956202,0.3515470781331843,0.6315520940734212,2024-01-10,0.0,Diya Nair,-1.6349869994545092,1,Surat,2023-06-15,-0.04999276400200235,1.0029250576943836,-0.8418971365494565,Zone_10,0.0,-0.46361542252807086,0.44035034732709155,Industrial,0,2,1,0,0,1,0,0,1,0,0,0,0,0,0,0,0,medium,0,-9.884871244082987,-12.632870109924824,209,-20.061404439534762
T01553,R0050,0.5153430419611603,0.4818385467887797,0.7511396257390901,2023-04-26,1.0,Diya Das,-0.002498701550705167,1,Ahmedabad,2022-10-06,0.5526674669013217,0.0023974683897869183,-1.0813789990919676,Zone_7,0.7081316156560269,-0.0059291052863966335,0.52,Industrial,0,2,4,0,0,1,0,0,0,0,0,0,0,0,1,0,0,high,0,0.932464950127369,1.3591167758626281,202,0.004337994424077406
T01554,R0204,0.6319904175801662,0.4645334805767918,0.7769285377107116,2024-01-04,0.0,Aarav Kumar,0.7217033882027181,0,Hyderabad,2019-01-01,1.3184004661667217,-0.8775846282275089,-0.5103068653367483,Zone_9,0.7054238122589644,0.0957343172440192,0.9163636363636365,Business,0,3,1,1,0,0,0,0,0,0,0,0,0,0,0,0,1,high,0,0.4793614943247799,0.5892963159893658,1829,-0.6656434450293434
T01555,R0232,0.6019640138952954,0.4371026426075778,0.7808418448878183,2024-02-02,0.0,Meera Das,0.8526306319614528,1,Jaipur,2022-12-08,-0.5675715505425042,-0.40745720674703584,-0.12345154892192248,Zone_7,0.7081316156560269,-0.0059291052863966335,0.52,Industrial,0,4,2,0,0,0,1,0,0,0,0,0,0,0,1,0,0,low,0,-1.0605958197163297,-1.3757593102428463,421,0.7178957549186079
T01556,R0211,0.7953263993602628,0.7045075763494723,0.932025787153081,2023-09-08,1.0,Arjun Reddy,0.5907761444439832,0,Mumbai,2021-04-04,1.297130105076016,-0.3134317224509412,-0.0009730452730406338,Zone_5,0.012308197259374737,-0.9072376299335215,0.44035034732709155,Business,0,4,9,0,0,0,1,0,0,0,0,0,1,0,0,0,0,high,0,0.6131431197594894,0.7185291463869473,887,-0.2416347606338017
T01557,R0066,0.8107832421014505,0.6791682055600694,0.8503435933182621,2023-04-10,1.0,Arjun Patel,-0.002498701550705167,0,Bengaluru,2022-06-03,-0.6030221523603467,0.2037084411775792,1.3134396263331447,Zone_9,0.7054238122589644,0.0957343172440192,0.9163636363636365,Business,0,0,4,0,1,0,0,0,0,0,0,0,0,0,0,0,1,low,0,-1.344533097047739,-1.410136576226679,311,-0.3378125337190756
T01558,R0228,0.5688957315505729,0.4346418060851711,0.7386400680696887,2023-09-06,0.0,Ishaan Gupta,-1.3731325119370394,0,Pune,2021-01-31,-1.7161710494406042,-1.1126483389677455,-0.0009730452730406338,Zone_2,0.3225568228440141,-0.0059291052863966335,1.0,Residential,0,2,9,0,1,0,0,0,0,1,0,0,0,0,0,0,0,low,0,-0.33149127631305036,-0.4304000281967539,948,0.6483318427556621
T01559,R0027,0.07671514351808242,0.07547435218442634,0.2954455489772028,2023-05-24,0.0,Ishaan Iyer,-0.002498701550705167,1,Jaipur,2019-10-05,1.0702462534418236,1.7551289320631407,-0.049764821985765095,Zone_1,0.20357758267005824,1.2530096409104126,0.0,Residential,0,2,5,0,1,0,0,1,0,0,0,0,0,0,0,0,0,high,0,0.07167989915533257,0.27605380353079895,1327,1.6399299940726642
T01560,R0091,0.26985119442087496,0.23331543363999768,0.48850656622733163,2024-03-28,1.0,Meera Das,1.2454123632376575,2,Surat,2022-04-16,0.5810279483555958,0.9088995733982889,-1.1182223625600463,Zone_6,1.0,-2.392407628638726,0.24363636363636365,Mixed,0,3,3,0,0,1,0,0,0,0,0,0,0,1,0,0,0,high,0,0.4644375458781252,0.8407625960332634,712,1.5642957898507697
T01561,R0282,0.8401027658613855,0.6976311552717924,0.8314046097093397,2023-05-12,0.0,Reyansh Kumar,-1.2422052681783047,1,Bengaluru,2022-05-02,0.474676142902068,-0.9716101125236036,-0.0009730452730406338,Zone_2,0.3225568228440141,-0.0059291052863966335,1.0,Residential,0,4,5,0,1,0,0,0,0,1,0,0,0,0,0,0,0,medium,0,1.7698440893304173,1.7515196879841284,375,-2.046890552753269
T01562,R0012,0.4933242742621592,0.308633898867362,0.6401879795681444,2024-07-14,0.0,Aarav Das,-0.06386007434969102,0,Hyderabad,2022-01-19,-0.028722402911296796,-0.5955081753392251,-1.2840174981663999,Zone_9,0.7054238122589644,0.0957343172440192,0.9163636363636365,Business,0,6,7,0,0,0,1,0,0,0,0,0,0,0,0,0,1,medium,0,-17.175592020823927,-22.28880297881875,907,20.73322963884077
T01563,R0178,0.7310181571329695,0.59644641788703,0.7937459963138904,2023-07-22,1.0,Saanvi Ghosh,-0.5875690493846304,1,Delhi,2021-05-15,-1.3900255127164522,-0.7835591439314143,-1.6156077693791082,Zone_3,0.3749277083599486,0.6357961349550023,0.2581818181818183,Business,0,5,7,0,1,0,0,0,0,0,1,0,0,0,0,0,0,low,0,-0.525902690594779,-0.5710298041672021,798,0.563701267899858
T01564,R0215,0.18915322806529705,0.178544884631574,0.3766198088132247,2024-04-25,0.0,Saanvi Gupta,-0.7184962931433652,0,Hyderabad,2020-02-28,1.3184004661667217,1.1439632841385254,-1.412969270304675,Zone_8,0.3749277083599486,0.2886135378550845,0.0036363636363636598,Business,0,3,4,0,0,0,1,0,0,0,0,0,0,0,0,1,0,high,0,0.14347175453848574,0.2856641957267014,1518,0.8676902909968045
T01565,R0222,0.7765553712773704,0.628725976893505,0.9205581627700166,2023-09-08,1.0,Aarav Singh,-0.5875690493846304,1,Surat,2022-08-28,1.5807349196187568,-0.5484954331911778,-1.0445356356238888,Zone_9,0.7054238122589644,0.0957343172440192,0.9163636363636365,Business,0,4,9,0,0,1,0,0,0,0,0,0,0,0,0,0,1,high,0,0.4912622360899453,0.5823608698364414,376,-0.34698761087878316
T01566,R0090,0.9484414351707114,0.8004114495371634,0.9280536062815337,2023-06-01,0.0,Kavya Iyer,0.19799441316777866,0,Surat,2021-01-31,-0.7093739578138746,0.06267021473343727,0.926584309918319,Zone_7,0.7081316156560269,-0.0059291052863966335,0.52,Industrial,0,3,6,0,0,1,0,0,0,0,0,0,0,0,1,0,0,low,0,-1.3370119169494004,-1.3082713229867908,851,-0.0883458069514876
T01567,R0299,0.2740304036795078,0.21914593775237023,0.4144455893817315,2023-12-07,0.0,Ishaan Gupta,0.19799441316777866,2,Kolkata,2020-09-04,1.4531127530745236,-1.1126483389677455,-0.16029491239000115,Zone_9,0.7054238122589644,0.0957343172440192,0.9163636363636365,Business,0,3,12,0,1,0,0,0,0,0,0,0,0,0,0,0,1,high,0,0.1885816521117918,0.28521227172828784,1189,-0.7656999338926611
T01568,R0130,0.7983989952635747,0.6764792615865601,0.8854414319905028,2023-09-08,1.0,Diya Ghosh,-0.002498701550705167,0,Pune,2019-02-16,0.45340578181136243,1.802141674211188,-0.7129453644111807,Zone_7,0.7081316156560269,-0.0059291052863966335,0.52,Industrial,0,4,9,0,0,1,0,0,0,0,0,0,0,0,1,0,0,medium,0,1.7608928410086868,1.9528675361243784,1665,3.9746773122557166
T01569,R0068,0.7572708638095984,0.7558595519812277,0.8059791074841567,2024-05-03,0.0,Meera Singh,-0.19478731810842584,0,Ahmedabad,2022-08-31,0.0017782793317680683,2.1782436113955663,1.773981669684128,Zone_1,0.20357758267005824,1.2530096409104126,0.0,Residential,0,4,5,1,0,0,0,1,0,0,0,0,0,0,0,0,0,medium,0,425.84471982625803,453.2353793275017,611,1224.9164529342138
T01570,R0061,0.8459233278925128,0.775204745103418,0.8092570016905294,2023-06-14,0.0,Meera Reddy,-0.8494235369021,1,Mumbai,2020-08-20,-0.5959320319967782,0.06267021473343727,-0.5839935922729057,Zone_2,0.3225568228440141,-0.0059291052863966335,1.0,Residential,0,2,6,0,0,1,0,0,0,1,0,0,0,0,0,0,0,low,0,-1.419496322522039,-1.3579686243395361,1028,-0.1051633598607703
T01571,R0212,0.7136861446213766,0.5802545331023685,0.7598699894576999,2023-04-11,1.0,Aadhya Iyer,0.5907761444439832,0,Ahmedabad,2023-09-11,-1.2694934665357875,-0.5484954331911778,-1.4498126337727537,Zone_6,1.0,-2.392407628638726,0.24363636363636365,Mixed,0,1,4,0,0,1,0,0,0,0,0,0,0,1,0,0,0,low,0,-0.5621818177362455,-0.5985615597780463,-153,0.432058492343344
T01572,R0043,0.7572708638095984,0.541457970453517,0.7296382484698094,2023-05-07,1.0,Diya Kumar,-0.4566418056258955,1,Ahmedabad,2021-12-10,-1.1844120221729653,-0.36044446459898855,1.2397528993969873,Zone_8,0.3749277083599486,0.2886135378550845,0.0036363636363636598,Business,0,6,5,0,1,0,0,0,0,0,0,0,0,0,0,1,0,low,0,-0.6393643847183194,-0.6160341458972939,513,0.30432354438424564
T01573,R0025,0.7427641210445781,0.6576897664370273,0.8717435752022182,2023-03-10,0.0,Meera Das,-1.3731325119370394,0,Mumbai,2021-10-22,-1.4892871978064115,-0.9716101125236036,0.005500223216352529,Zone_3,0.3749277083599486,0.6357961349550023,0.2581818181818183,Business,0,4,3,0,0,1,0,0,0,0,1,0,0,0,0,0,0,low,0,-0.4987380017357324,-0.5853428247326772,504,0.6523994256814263
T01574,R0101,0.8014429600391026,0.7124441410379123,0.8383885001596394,2023-11-23,1.0,Aarav Singh,0.7217033882027181,0,Delhi,2020-11-01,-0.17052481018266716,0.25072118332562654,-1.7998245867195015,Zone_8,0.3749277083599486,0.2886135378550845,0.0036363636363636598,Business,0,3,11,1,0,0,0,0,0,0,0,0,0,0,0,1,0,medium,0,-4.69986132329127,-4.916519181352864,1117,-1.4702915256557245
T01575,R0132,0.5059514595785792,0.43731916102423696,0.7168482730014538,2023-11-27,1.0,Aadhya Iyer,-1.1112780244195697,1,Surat,2022-12-09,1.6445460028908734,0.06267021473343727,-0.0009730452730406338,Zone_1,0.20357758267005824,1.2530096409104126,0.0,Residential,0,0,11,1,0,0,0,1,0,0,0,0,0,0,0,0,0,high,0,0.30765418461337657,0.43589432690927377,353,0.038107912228221116
T01576,R0270,0.7444081627710729,0.6791204479315571,0.8681535903995088,2024-07-29,0.0,Aadhya Reddy,0.45984890068524836,1,Hyderabad,2022-01-02,1.4389325123473864,1.8961671585072826,-1.7077161780493044,Zone_3,0.3749277083599486,0.6357961349550023,0.2581818181818183,Business,0,0,7,0,1,0,0,0,0,0,1,0,0,0,0,0,0,high,0,0.517333618069892,0.6033316941204255,939,1.3177596184924556
T01577,R0006,0.8326781189552552,0.7635000160366383,0.9423605838952347,2023-03-19,0.0,Aarav Das,1.7691213382725968,0,Jaipur,2023-06-30,-0.028722402911296796,-0.5014826910431305,1.16606617246083,Zone_10,0.0,-0.46361542252807086,0.44035034732709155,Industrial,0,6,3,0,0,1,0,0,1,0,0,0,0,0,0,0,0,medium,0,-28.990545168759365,-32.80925300036771,-103,17.459635692454288
T01578,R0089,0.8746677129943266,0.8163080373300066,0.8559552024197938,2023-05-09,1.0,Saanvi Reddy,2.161903069548801,2,Surat,2022-09-21,0.3966848189028143,-0.8305718860794616,-0.1787165941240401,Zone_3,0.3749277083599486,0.6357961349550023,0.2581818181818183,Business,0,1,5,0,0,0,1,0,0,0,1,0,0,0,0,0,0,medium,0,2.2049437521041497,2.1577715143908702,230,-2.0937828888353485
T01579,R0179,0.7908049375376143,0.7012256466976244,0.850460157005539,2023-08-10,0.0,Meera Patel,-0.4566418056258955,1,Kolkata,2022-04-11,0.15562072654148468,-0.45446994889508313,1.16606617246083,Zone_9,0.7054238122589644,0.0957343172440192,0.9163636363636365,Business,0,3,8,0,0,0,1,0,0,0,0,0,0,0,0,0,1,medium,0,5.081617051355978,5.464954289227195,486,-2.920369021500054
T01580,R0048,0.3874860355709591,0.2519460042657923,0.6327753669535907,2023-05-04,1.0,Kavya Sharma,0.45984890068524836,1,Hyderabad,2019-05-31,-0.31941733781760606,-1.0656355968196982,-1.8182462684535405,Zone_8,0.3749277083599486,0.2886135378550845,0.0036363636363636598,Business,0,3,5,0,0,1,0,0,0,0,0,0,0,0,0,1,0,medium,0,-1.213102701996163,-1.9810301196452855,1434,3.336185831678925
T01581,R0027,0.061156469629518775,0.08027224629913067,0.19418982479170716,2023-12-31,1.0,Ishaan Iyer,-0.002498701550705167,1,Jaipur,2019-10-05,1.0702462534418236,1.7551289320631407,-0.049764821985765095,Zone_10,0.0,-0.46361542252807086,0.44035034732709155,Industrial,0,6,12,1,0,0,0,0,1,0,0,0,0,0,0,0,0,high,0,0.05714242814010759,0.18144405940895258,1548,1.6399299940726642
T01582,R0170,0.7780382172259593,0.7525747810235297,0.823845516717111,2023-07-17,0.0,Saanvi Kumar,-0.3257145618671607,2,Bengaluru,2021-01-31,-1.5885488828963708,-0.9716101125236036,-0.6024152740069446,Zone_3,0.3749277083599486,0.6357961349550023,0.2581818181818183,Business,0,0,7,0,0,1,0,0,0,0,1,0,0,0,0,0,0,low,0,-0.48977921019803755,-0.5186151497050625,897,0.6116337513971151
T01583,R0268,0.4414552252763549,0.35075314099852073,0.6078814096774319,2023-08-06,1.0,Ishaan Kumar,0.32892165692651354,1,Chennai,2022-10-16,-1.7161710494406042,-1.1126483389677455,1.0923794455246727,Zone_1,0.3749277083599486,-0.0059291052863966335,0.44035034732709155,Business,0,6,8,0,1,0,0,1,0,0,0,0,0,0,0,0,0,low,0,-0.25723264905339693,-0.35420793858256394,294,0.6483318427556621
T01584,R0056,0.8369061161753671,0.8336825437657935,0.9028780592406012,2024-05-30,1.0,Meera Patel,1.1144851194789225,2,Hyderabad,2021-02-26,-1.1276910592644172,-0.5014826910431305,-1.394547588570636,Zone_4,0.13112332813653896,1.3108734070937318,0.6290909090909091,Business,0,3,5,0,1,0,0,0,0,0,0,1,0,0,0,0,0,low,0,-0.7421413066104058,-0.8006430944212154,1189,0.4446986494423776
T01585,R0048,0.6543432117816212,0.45897572752260124,0.8410026718505841,2023-07-26,0.0,Kavya Sharma,0.45984890068524836,1,Hyderabad,2019-05-31,-0.31941733781760606,-1.0656355968196982,-1.8182462684535405,Zone_6,1.0,-2.392407628638726,0.24363636363636365,Mixed,0,2,7,0,0,1,0,0,0,0,0,0,0,1,0,0,0,medium,0,-2.04855258093493,-2.6329274346742384,1517,3.336185831678925
T01586,R0174,0.8570300098957718,0.6911970811816208,0.8196867600976585,2023-10-12,0.0,Aadhya Patel,0.06706716940904384,1,Kolkata,2019-02-07,0.4817662632656365,-0.7835591439314143,-0.3813550931984733,Zone_2,0.3225568228440141,-0.0059291052863966335,1.0,Residential,0,3,10,0,1,0,0,0,0,1,0,0,0,0,0,0,0,medium,0,1.7789332197867542,1.7014200092414924,1708,-1.6264300837922625
T01587,R0003,0.9660481294774859,0.7655052877497595,0.9406832748692098,2023-09-24,1.0,Kavya Reddy,0.32892165692651354,1,Pune,2023-05-04,-1.468016836715706,-0.6895336596353198,-0.4550418201346307,Zone_5,0.012308197259374737,-0.9072376299335215,0.44035034732709155,Business,0,6,9,0,0,1,0,0,0,0,0,0,1,0,0,0,0,low,0,-0.6580633854573218,-0.6407850723113887,143,0.46970419029932
T01588,R0191,0.6998489700927035,0.5807863445281237,0.7246735676250897,2023-01-05,1.0,Meera Gupta,0.19799441316777866,2,Surat,2020-08-14,-1.1702317814458283,-0.8305718860794616,1.0186927185885153,Zone_10,0.0,-0.46361542252807086,0.44035034732709155,Industrial,0,3,1,0,0,1,0,0,1,0,0,0,0,0,0,0,0,low,0,-0.5980430383013833,-0.6192564405743205,874,0.709749896771121
T01589,R0136,0.6895382359404983,0.48956341209695686,0.8525115826445335,2023-11-09,1.0,Diya Ghosh,0.32892165692651354,1,Hyderabad,2019-01-19,0.6164785501734383,-0.5955081753392251,-0.3445117297303946,Zone_6,1.0,-2.392407628638726,0.24363636363636365,Mixed,0,3,11,0,0,0,1,0,0,0,0,0,0,1,0,0,0,high,0,1.118511318433554,1.3828730657452564,1755,-0.965983609927201
T01590,R0289,0.8572622675675211,0.7159496626736134,0.95165496736704,2023-05-30,1.0,Aarav Gupta,-1.3731325119370394,2,Chennai,2021-09-30,0.49594650399277357,-0.45446994889508313,0.30024713096098204,Zone_6,1.0,-2.392407628638726,0.24363636363636365,Mixed,0,1,5,0,1,0,0,0,0,0,0,0,0,1,0,0,0,medium,0,1.7285377770905959,1.9188661674302407,607,-0.9163688930887296
T01591,R0081,0.8630156815468045,0.7262351126989397,0.9016567804644626,2023-06-08,0.0,Diya Reddy,1.3763396069963922,2,Mumbai,2022-01-31,-0.9787985316294783,-1.018622854671651,-0.19713827585807986,Zone_9,0.7054238122589644,0.0957343172440192,0.9163636363636365,Business,0,3,6,0,1,0,0,0,0,0,0,0,0,0,0,0,1,low,0,-0.8817092115065585,-0.9211873039525386,493,1.0406869460417705
T01592,R0167,0.9287139943786423,1.0,0.9222784024102981,2024-03-16,0.0,Kavya Nair,1.638194094513862,1,Hyderabad,2021-01-31,-0.9575281705387727,-0.8775846282275089,1.3687046715352633,Zone_3,0.3749277083599486,0.6357961349550023,0.2581818181818183,Business,0,5,3,1,0,0,0,0,0,0,1,0,0,0,0,0,0,low,0,-0.9699077509710053,-0.9631867038348955,1140,0.9165105061438746
T01593,R0241,0.7450634697141035,0.7427250541874006,0.7875653622457992,2024-01-04,0.0,Kavya Gupta,0.32892165692651354,0,Chennai,2020-01-13,-0.6172023930874838,-0.9716101125236036,-1.3392825433685185,Zone_10,0.0,-0.46361542252807086,0.44035034732709155,Industrial,0,3,1,1,0,0,0,0,1,0,0,0,0,0,0,0,0,low,0,-1.207162315082755,-1.2760244792734752,1452,1.5742163727901897
T01594,R0169,0.570016385828187,0.520311164585972,0.736921230549781,2023-09-08,0.0,Reyansh Kumar,0.06706716940904384,1,Delhi,2023-02-21,1.7367175676172641,2.6953837750240868,0.3370904944290615,Zone_7,0.7081316156560269,-0.0059291052863966335,0.52,Industrial,0,4,9,0,0,0,1,0,0,0,0,0,0,0,1,0,0,high,0,0.32821478659321457,0.4243184063375484,199,1.5519989117874187
T01595,R0154,0.7127479543774343,0.5958521155860087,0.8353652591813081,2023-02-05,0.0,Kavya Patel,-1.765914243213244,2,Kolkata,2019-03-25,1.5169238363466402,2.601358290727992,1.2397528993969873,Zone_8,0.3749277083599486,0.2886135378550845,0.0036363636363636598,Business,0,6,2,0,1,0,0,0,0,0,0,0,0,0,0,1,0,high,0,0.4698640348971091,0.5506969032757782,1413,1.714890509594143
T01596,R0236,0.5722462265787295,0.5259916512521786,0.7962217931243438,2024-02-01,0.0,Arjun Gupta,-0.4566418056258955,1,Ahmedabad,2020-08-10,0.0017782793317680683,-1.0656355968196982,-1.1919090894962037,Zone_5,0.012308197259374737,-0.9072376299335215,0.44035034732709155,Business,0,3,2,0,1,0,0,0,0,0,0,0,1,0,0,0,0,medium,0,321.7977155533654,447.7484379985983,1270,-599.2509600615903
T01597,R0214,0.7521863969411163,0.5465807951639505,0.7138120637914307,2023-12-30,0.0,Aarav Kumar,-1.5040597556957742,0,Kolkata,2022-09-14,-0.2981469767269005,-1.018622854671651,0.9634276733863985,Zone_5,0.012308197259374737,-0.9072376299335215,0.44035034732709155,Business,0,5,12,0,1,0,0,0,0,0,0,0,1,0,0,0,0,medium,0,-2.522871119468406,-2.394161670286783,472,3.4165124391138764
T01598,R0277,0.49628186223056486,0.33681459056309576,0.6528174430000246,2023-04-27,1.0,Kavya Gupta,1.3763396069963922,0,Jaipur,2021-01-22,1.282949864348879,-0.36044446459898855,-1.7445595415173831,Zone_3,0.3749277083599486,0.6357961349550023,0.2581818181818183,Business,0,3,4,1,0,0,0,0,0,0,1,0,0,0,0,0,0,high,0,0.3868287265320669,0.5088409618651323,825,-0.2809497663277129
T01599,R0196,0.84399464095241,0.6530461696313308,0.8406892411778293,2023-01-05,1.0,Vivaan Das,-1.765914243213244,1,Hyderabad,2019-06-24,0.0017782793317680683,-0.6895336596353198,1.7002949427479706,Zone_1,0.20357758267005824,1.2530096409104126,0.0,Residential,0,3,1,0,1,0,0,1,0,0,0,0,0,0,0,0,0,medium,0,474.6130857367957,472.75432276546076,1291,-387.75328898961305
T01600,R0005,0.8183504173309344,0.7844982657229079,0.944318895806066,2023-10-25,0.0,Diya Reddy,-0.5875690493846304,1,Ahmedabad,2021-05-31,0.297423133812855,0.29773392547367383,-0.8787405000175352,Zone_10,0.0,-0.46361542252807086,0.44035034732709155,Industrial,0,2,10,1,0,0,0,0,1,0,0,0,0,0,0,0,0,medium,0,2.7514686125453105,3.175001499379842,877,1.0010449478385712
T01601,R0083,0.7357673431903918,0.7185794323933146,0.8781315605297568,2024-03-06,1.0,Kavya Patel,1.7691213382725968,0,Mumbai,2021-12-31,0.0017782793317680683,0.7208486048060996,0.7239458108438874,Zone_2,0.3225568228440141,-0.0059291052863966335,1.0,Residential,0,2,3,0,0,0,1,0,0,1,0,0,0,0,0,0,0,medium,0,413.7524010127528,493.80968717477447,796,405.3629775303018
T01602,R0251,0.7159841213100854,0.49260883114446075,0.8232397596645917,2024-03-22,0.0,Vivaan Iyer,1.9000485820313315,0,Mumbai,2020-01-13,-0.2768766156361949,0.10968295688148458,0.8713192647162021,Zone_7,0.7081316156560269,-0.0059291052863966335,0.52,Industrial,0,4,3,0,0,0,1,0,0,0,0,0,0,0,1,0,0,medium,0,-2.585932075429803,-2.9733090957247783,1530,-0.3961438080621576
T01603,R0264,0.6736387280755034,0.5931979496836205,0.7596025678906817,2024-07-23,0.0,Aadhya Das,-0.5875690493846304,2,Surat,2019-02-06,1.0560660127146866,1.4260397370268092,-0.7682104096132991,Zone_5,0.012308197259374737,-0.9072376299335215,0.44035034732709155,Business,0,1,7,0,0,0,1,0,0,0,0,0,1,0,0,0,0,high,0,0.6378755872882143,0.7192756501443255,1994,1.3503320056301036
T01604,R0253,0.8901444684067406,0.8865086435125871,0.8141002233920822,2024-01-10,1.0,Ishaan Gupta,-0.7184962931433652,1,Surat,2021-08-19,-0.5604814301789357,0.015657472585389957,-1.5603427241769898,Zone_10,0.0,-0.46361542252807086,0.44035034732709155,Industrial,0,2,1,0,0,0,1,0,1,0,0,0,0,0,0,0,0,low,0,-1.588178341827594,-1.4525016879367043,874,-0.027935756195153965
T01605,R0077,0.8768616124529907,0.7208391415656235,0.9160145965641073,2024-05-17,1.0,Reyansh Das,-0.4566418056258955,1,Mumbai,2019-09-07,1.091516614532529,2.272269095691661,-0.0009730452730406338,Zone_1,0.20357758267005824,1.2530096409104126,0.0,Residential,0,4,5,1,0,0,0,1,0,0,0,0,0,0,0,0,0,high,0,0.8033424327017963,0.8392126921095149,1714,2.0817540158697634
T01606,R0179,0.7367761048820329,0.7127178881853039,0.8650053458752105,2024-05-20,1.0,Meera Patel,-0.4566418056258955,1,Kolkata,2022-04-11,0.15562072654148468,-0.45446994889508313,1.16606617246083,Zone_9,0.7054238122589644,0.0957343172440192,0.9163636363636365,Business,0,0,5,0,0,0,1,0,0,0,0,0,0,0,0,0,1,medium,0,4.734434295843147,5.558419916800872,770,-2.920369021500054
T01607,R0279,0.5004610714891977,0.3209018124057722,0.6553993954248019,2023-04-28,1.0,Diya Singh,-0.8494235369021,2,Pune,2022-04-21,1.431842391983818,2.836422001468229,-0.5103068653367483,Zone_9,0.7054238122589644,0.0957343172440192,0.9163636363636365,Business,0,4,4,0,0,1,0,0,0,0,0,0,0,0,0,0,1,high,0,0.34952245742341015,0.4577315206576234,372,1.9809596484556975
T01608,R0257,0.36522743139596114,0.2947791124013964,0.4794150268588518,2024-05-05,0.0,Arjun Reddy,0.5907761444439832,2,Delhi,2023-03-11,1.4672929938016606,-0.2194062381548466,1.4976564436735391,Zone_4,0.13112332813653896,1.3108734070937318,0.6290909090909091,Business,0,6,5,1,0,0,0,0,0,0,0,1,0,0,0,0,0,high,0,0.2489124073643129,0.3267343529097884,421,-0.1495313063455577
T01609,R0040,0.7597837254432086,0.5691252787408563,0.9118491382406828,2024-06-09,1.0,Aarav Gupta,0.32892165692651354,2,Surat,2023-05-05,1.651636123254442,0.5798103783619577,0.7423674925779263,Zone_3,0.3749277083599486,0.6357961349550023,0.2581818181818183,Business,0,6,6,0,0,1,0,0,0,0,1,0,0,0,0,0,0,high,0,0.4600188351088519,0.5520883961074569,401,0.35105212958135046
T01610,R0186,0.5683339594404089,0.43398825154795906,0.7022283851981577,2023-03-13,1.0,Ishaan Sharma,-1.765914243213244,2,Hyderabad,2020-12-11,0.857542642534768,-0.2194062381548466,-1.3761259068365972,Zone_10,0.0,-0.46361542252807086,0.44035034732709155,Industrial,0,0,3,0,0,1,0,0,1,0,0,0,0,0,0,0,0,high,0,0.6627471699372274,0.8188845083230794,822,-0.25585460975598195
T01611,R0104,0.7879469105447674,0.7080504899639853,0.7701261564303532,2024-03-23,0.0,Diya Gupta,2.6856120445837406,1,Kolkata,2021-05-27,0.5384872261741847,-1.0656355968196982,-0.5655719105388659,Zone_2,0.3225568228440141,-0.0059291052863966335,1.0,Residential,0,5,3,0,0,1,0,0,0,1,0,0,0,0,0,0,0,high,0,1.4632601707990933,1.4301660633658935,1031,-1.978943129980574
T01612,R0271,0.6324527961450535,0.6077400296787553,0.7929816152594624,2023-09-24,0.0,Saanvi Iyer,-1.2422052681783047,1,Bengaluru,2022-10-07,-1.3758452719893153,-0.8305718860794616,0.6686807656417689,Zone_4,0.13112332813653896,1.3108734070937318,0.6290909090909091,Business,0,6,9,0,0,0,1,0,0,0,0,1,0,0,0,0,0,low,0,-0.4596830828444821,-0.5763595888314544,352,0.6036811718504869
T01613,R0025,0.8281409571084986,0.7412324353473441,0.8460293337520837,2023-09-08,0.0,Meera Das,-1.3731325119370394,0,Mumbai,2021-10-22,-1.4892871978064115,-0.9716101125236036,0.005500223216352529,Zone_4,0.13112332813653896,1.3108734070937318,0.6290909090909091,Business,0,4,9,1,0,0,0,0,0,0,0,1,0,0,0,0,0,low,0,-0.556065316567736,-0.5680766846033526,686,0.6523994256814263
T01614,R0100,0.7470215399215776,0.6668849359786773,0.8855367395874656,2023-06-11,1.0,Ishaan Gupta,-0.4566418056258955,1,Delhi,2021-05-24,0.9284438461704532,1.7081161899150934,-0.39977677493251224,Zone_2,0.3225568228440141,-0.0059291052863966335,1.0,Residential,0,6,6,1,0,0,0,0,0,1,0,0,0,0,0,0,0,high,0,0.8045952838212165,0.9537859971176865,748,1.8397625197911
T01615,R0101,0.855399566004241,0.8177494152425575,0.8529319369490482,2023-07-26,1.0,Aarav Singh,0.7217033882027181,0,Delhi,2020-11-01,-0.17052481018266716,0.25072118332562654,-1.7998245867195015,Zone_9,0.7054238122589644,0.0957343172440192,0.9163636363636365,Business,0,2,7,0,1,0,0,0,0,0,0,0,0,0,0,0,1,medium,0,-5.016276312449386,-5.00180552047167,997,-1.4702915256557245
T01616,R0295,0.4599889725933172,0.3869432076082411,0.6861056927163149,2023-05-12,1.0,Kavya Gupta,-1.765914243213244,0,Delhi,2019-05-29,-1.0922404574465745,-0.2664189803028939,-0.7682104096132991,Zone_6,1.0,-2.392407628638726,0.24363636363636365,Mixed,0,4,5,0,1,0,0,0,0,0,0,0,0,1,0,0,0,low,0,-0.42114258765755064,-0.6281635953316396,1444,0.2439197142776827
T01617,R0015,0.6670557264345516,0.4646017092474566,0.845528782980457,2024-07-15,1.0,Saanvi Patel,-0.4566418056258955,2,Chennai,2022-12-19,-1.4609267163521376,-1.0656355968196982,-0.25240332106019747,Zone_9,0.7054238122589644,0.0957343172440192,0.9163636363636365,Business,0,0,7,0,1,0,0,0,0,0,0,0,0,0,0,0,1,low,0,-0.45659766432375,-0.5787619416610443,574,0.7294244022592304
T01619,R0049,0.5907144190071102,0.43296980092329246,0.6859424085684898,2023-09-04,0.0,Meera Iyer,0.9835578757201877,1,Mumbai,2020-05-19,0.8717228832619051,1.4730524791748567,0.7239458108438874,Zone_10,0.0,-0.46361542252807086,0.44035034732709155,Industrial,0,0,9,1,0,0,0,0,1,0,0,0,0,0,0,0,0,high,0,0.6776401426984598,0.786881268966759,1203,1.6898173805680456
T01620,R0059,0.8206439480013755,0.7461822005624383,0.915168971542869,2023-04-23,0.0,Aarav Sharma,1.507266850755127,1,Delhi,2021-08-02,0.7441007167176716,-0.5955081753392251,-1.3577042251025573,Zone_2,0.3225568228440141,-0.0059291052863966335,1.0,Residential,0,6,4,0,0,1,0,0,0,1,0,0,0,0,0,0,0,high,0,1.102866761936941,1.2298993281175732,629,-0.800305875212823
T01621,R0062,0.779514362537375,0.638670656068168,0.7874893609358729,2023-03-10,1.0,Kavya Sharma,0.8526306319614528,1,Jaipur,2019-05-13,-1.3829353923528838,-0.9716101125236036,-0.786632091347338,Zone_6,1.0,-2.392407628638726,0.24363636363636365,Mixed,0,4,3,0,1,0,0,0,0,0,0,0,0,1,0,0,0,low,0,-0.5636665073782899,-0.5694332253628007,1397,0.7025708633217753
T01622,R0031,0.7583411927668202,0.7182172506629129,0.8084904677753957,2023-11-02,0.0,Reyansh Nair,-0.3257145618671607,0,Hyderabad,2023-04-27,-0.15634456945553013,-0.12538075385875197,1.129222808992752,Zone_10,0.0,-0.46361542252807086,0.44035034732709155,Industrial,0,3,11,0,1,0,0,0,1,0,0,0,0,0,0,0,0,medium,0,-4.850447926702814,-5.171209147787884,189,0.8019514479805111
T01623,R0130,0.6780887961699055,0.6213376033952309,0.8128296887130495,2024-04-03,1.0,Diya Ghosh,-0.002498701550705167,0,Pune,2019-02-16,0.45340578181136243,1.802141674211188,-0.7129453644111807,Zone_6,1.0,-2.392407628638726,0.24363636363636365,Mixed,0,2,4,0,0,1,0,0,0,0,0,0,0,1,0,0,0,medium,0,1.4955451019193695,1.7927201666149548,1873,3.9746773122557166
T01624,R0267,0.877080194195207,0.7922869181678304,0.8777787239340307,2023-01-24,0.0,Arjun Iyer,0.7217033882027181,1,Jaipur,2021-01-01,-0.8582664854488135,-0.5955081753392251,0.9081626281842801,Zone_3,0.3749277083599486,0.6357961349550023,0.2581818181818183,Business,0,1,1,0,1,0,0,0,0,0,1,0,0,0,0,0,0,low,0,-1.0219205911746108,-1.02273447561571,753,0.6938499701847449
T01625,R0204,0.8799085270281817,0.7318600745141208,0.926042653406624,2024-05-19,1.0,Aarav Kumar,0.7217033882027181,0,Hyderabad,2019-01-01,1.3184004661667217,-0.8775846282275089,-0.5103068653367483,Zone_4,0.13112332813653896,1.3108734070937318,0.6290909090909091,Business,0,6,5,0,0,0,1,0,0,0,0,1,0,0,0,0,0,high,0,0.6674061103653391,0.7023986088984884,1965,-0.6656434450293434
T01626,R0266,0.7450634697141035,0.6222202848850513,0.7987199392490072,2023-10-15,1.0,Diya Reddy,-0.3257145618671607,1,Chennai,2020-09-25,-1.0922404574465745,-0.5014826910431305,-0.19713827585807986,Zone_10,0.0,-0.46361542252807086,0.44035034732709155,Industrial,0,6,10,0,0,0,1,0,1,0,0,0,0,0,0,0,0,low,0,-0.6821423475338967,-0.7312674913326725,1115,0.45913213306114864
T01627,R0138,0.3714499128959209,0.2454685006476649,0.611841499928037,2024-07-29,0.0,Ishaan Das,1.9000485820313315,1,Kolkata,2022-07-28,-1.6949006883498985,-1.1126483389677455,-0.8787405000175352,Zone_7,0.7081316156560269,-0.0059291052863966335,0.52,Industrial,0,0,7,0,0,0,1,0,0,0,0,0,0,0,1,0,0,low,0,-0.21915733201899443,-0.36098958725641117,732,0.6564681615953467
T01628,R0063,0.8454422226486246,0.6400360821935553,0.8811776836394929,2024-06-19,0.0,Diya Iyer,0.32892165692651354,1,Surat,2023-04-21,0.5455773465377531,0.43877215191781577,1.516078125407578,Zone_1,0.3749277083599486,-0.0059291052863966335,0.44035034732709155,Business,0,2,6,0,0,1,0,1,0,0,0,0,0,0,0,0,0,high,0,1.549628532074913,1.615128797468347,425,0.804234550247136
T01629,R0260,0.45684031784045126,0.40721043258747014,0.6868548356260666,2024-05-10,1.0,Reyansh Das,3.0783937758599453,2,Mumbai,2019-07-17,-1.3403946701714726,-0.9716101125236036,0.42919890309925784,Zone_2,0.3225568228440141,-0.0059291052863966335,1.0,Residential,0,4,5,0,0,1,0,0,0,1,0,0,0,0,0,0,0,low,0,-0.3408252270818184,-0.5124273103370364,1759,0.724868677968787
T01630,R0067,0.6852424484928608,0.5611599457241542,0.8521468733026938,2023-04-01,0.0,Saanvi Iyer,0.06706716940904384,1,Pune,2022-07-24,0.680289633445555,-0.6895336596353198,-1.155065726028125,Zone_5,0.012308197259374737,-0.9072376299335215,0.44035034732709155,Business,0,5,4,0,0,1,0,0,0,0,0,0,1,0,0,0,0,high,0,1.0072804505666513,1.252623634710866,251,-1.013588368446753
T01631,R0177,0.8492713700995075,0.8337218144723899,0.913716029948406,2024-07-15,1.0,Ishaan Reddy,0.32892165692651354,2,Bengaluru,2023-02-15,1.679996604708716,1.8491544163592353,0.8713192647162021,Zone_1,0.20357758267005824,1.2530096409104126,0.0,Residential,0,0,7,0,1,0,0,1,0,0,0,0,0,0,0,0,0,high,0,0.505519694336976,0.543879688439507,516,1.100689377095407
T01632,R0007,0.8661938759151172,0.7715335208390144,0.8614315371449568,2023-04-26,0.0,Ishaan Ghosh,-1.765914243213244,0,Mumbai,2021-03-26,1.460202873438092,2.7423965171721343,0.042343586684432034,Zone_8,0.3749277083599486,0.2886135378550845,0.0036363636363636598,Business,0,2,4,0,1,0,0,0,0,0,0,0,0,0,0,1,0,high,0,0.5932010487526554,0.5899396260717458,761,1.8780928096073926
T01633,R0232,0.6411158825083926,0.617847197771457,0.7297229834178895,2023-04-09,0.0,Meera Das,0.8526306319614528,1,Jaipur,2022-12-08,-0.5675715505425042,-0.40745720674703584,-0.12345154892192248,Zone_6,1.0,-2.392407628638726,0.24363636363636365,Mixed,0,6,4,0,0,1,0,0,0,0,0,0,0,1,0,0,0,low,0,-1.1295771993779327,-1.2856933768445502,122,0.7178957549186079
T01634,R0066,0.8087964183788688,0.7090138151500595,0.8243138422120819,2023-12-09,0.0,Arjun Patel,-0.002498701550705167,0,Bengaluru,2022-06-03,-0.6030221523603467,0.2037084411775792,1.3134396263331447,Zone_4,0.13112332813653896,1.3108734070937318,0.6290909090909091,Business,0,5,12,1,0,0,0,0,0,0,0,1,0,0,0,0,0,low,0,-1.3412383197086233,-1.366971078899102,554,-0.3378125337190756
T01635,R0291,0.07671514351808242,0.10731802634449758,0.26320954497567456,2023-08-03,1.0,Arjun Ghosh,-1.1112780244195697,2,Pune,2021-04-19,1.7508978083444013,3.306549422948702,-0.0009730452730406338,Zone_9,0.7054238122589644,0.0957343172440192,0.9163636363636365,Business,0,3,8,0,0,0,1,0,0,0,0,0,0,0,0,0,1,high,0,0.043814746441782376,0.15032833082620506,836,1.8884879558306604
T01636,R0009,0.6119547130891554,0.4599407787683909,0.6847128766134776,2024-05-28,1.0,Diya Patel,1.3763396069963922,0,Ahmedabad,2019-12-15,-0.5675715505425042,-0.12538075385875197,0.1897170405567468,Zone_2,0.3225568228440141,-0.0059291052863966335,1.0,Residential,0,1,5,0,0,0,1,0,0,1,0,0,0,0,0,0,0,low,0,-1.07819835667279,-1.2063904118502868,1626,0.2209073970302225
T01637,R0044,0.9061227575123513,0.8814224956598763,0.8848615329443923,2023-04-05,0.0,Arjun Gupta,0.5907761444439832,0,Hyderabad,2020-08-01,0.1343503654507791,-0.8775846282275089,-1.4682343155067934,Zone_7,0.7081316156560269,-0.0059291052863966335,0.52,Industrial,0,2,4,0,1,0,0,0,0,0,0,0,0,0,1,0,0,medium,0,6.744475569322663,6.5862234909109505,977,-6.532059851739091
T01638,R0002,0.8934863942442416,0.7971793422100333,0.8336938432036658,2023-02-08,1.0,Ishaan Nair,0.9835578757201877,0,Mumbai,2019-11-23,-1.290763827626493,-0.8775846282275089,0.20813872229078573,Zone_8,0.3749277083599486,0.2886135378550845,0.0036363636363636598,Business,0,2,2,1,0,0,0,0,0,0,0,0,0,0,0,1,0,low,0,-0.692215241177946,-0.6458918551635389,1173,0.6798955854234355
T01639,R0292,0.8146681032828968,0.7025216704611627,0.8721219288255326,2023-12-11,0.0,Ishaan Gupta,0.7217033882027181,0,Jaipur,2020-06-28,-0.7873652818131283,-0.2194062381548466,0.7055241291098469,Zone_7,0.7081316156560269,-0.0059291052863966335,0.52,Industrial,0,0,12,0,0,0,1,0,0,0,0,0,0,0,1,0,0,low,0,-1.0346761815645418,-1.1076459033312067,1261,0.27865876642363824
T01640,R0124,0.6844552905178775,0.47117626869755136,0.7388411742552057,2024-06-29,1.0,Aadhya Das,0.7217033882027181,2,Hyderabad,2022-06-09,1.1836881792589198,0.06267021473343727,-0.7682104096132991,Zone_7,0.7081316156560269,-0.0059291052863966335,0.52,Industrial,0,5,6,0,0,1,0,0,0,0,0,0,0,0,1,0,0,high,0,0.5782395249958476,0.6241856488908906,751,0.05294486827829409
T01641,R0250,0.8373999490759952,0.7589589208193883,0.8936681984254873,2023-08-07,1.0,Ishaan Gupta,0.32892165692651354,0,Jaipur,2021-02-01,0.0017782793317680683,0.3447466676217211,1.147644490726791,Zone_3,0.3749277083599486,0.6357961349550023,0.2581818181818183,Business,0,0,8,1,0,0,0,0,0,0,1,0,0,0,0,0,0,medium,0,470.90461780456263,502.54658110261596,917,193.86530645832454
T01642,R0271,0.7069143993305728,0.6843073928472344,0.7148992123493663,2023-05-11,1.0,Saanvi Iyer,-1.2422052681783047,1,Bengaluru,2022-10-07,-1.3758452719893153,-0.8305718860794616,0.6686807656417689,Zone_8,0.3749277083599486,0.2886135378550845,0.0036363636363636598,Business,0,3,5,0,0,1,0,0,0,0,0,0,0,0,0,1,0,low,0,-0.5138037057818683,-0.5196072748178315,216,0.6036811718504869
T01643,R0271,0.7404484730585884,0.6552730600503704,0.8903885646572285,2023-10-03,0.0,Saanvi Iyer,-1.2422052681783047,1,Bengaluru,2022-10-07,-1.3758452719893153,-0.8305718860794616,0.6686807656417689,Zone_5,0.012308197259374737,-0.9072376299335215,0.44035034732709155,Business,0,1,10,0,0,1,0,0,0,0,0,0,1,0,0,0,0,low,0,-0.5381771396343024,-0.6471574840460281,361,0.6036811718504869
T01644,R0155,0.6453183515432314,0.527993555993591,0.7751262274557347,2023-08-26,0.0,Meera Reddy,-1.1112780244195697,1,Hyderabad,2019-02-10,0.7157402352633976,-0.736546401783367,-1.5971860876450683,Zone_10,0.0,-0.46361542252807086,0.44035034732709155,Industrial,0,5,8,0,0,0,1,0,1,0,0,0,0,0,0,0,0,high,0,0.9016097178129849,1.0829714319057144,1658,-1.0290694381772636
T01645,R0018,0.5270342841943049,0.47050242433447786,0.6343199436902565,2023-05-07,1.0,Aarav Reddy,2.2928303133075363,0,Delhi,2023-01-09,1.3751214290752698,2.9304474857643235,-1.3208608616344786,Zone_7,0.7081316156560269,-0.0059291052863966335,0.52,Industrial,0,6,5,0,1,0,0,0,0,0,0,0,0,0,1,0,0,high,0,0.3832638144172624,0.46128285857403784,118,2.131046338020466
T01646,R0157,0.8219916856224161,0.7532674477714325,0.858138048503525,2024-01-24,1.0,Kavya Nair,0.5907761444439832,0,Hyderabad,2021-11-23,0.474676142902068,0.1566956990295319,1.1844878541948707,Zone_3,0.3749277083599486,0.6357961349550023,0.2581818181818183,Business,0,2,1,0,0,1,0,0,0,0,1,0,0,0,0,0,0,medium,0,1.731689485376146,1.8078390105242141,792,0.3301107531369242
T01647,R0026,0.41648011153054365,0.31656941754542756,0.5315881544001038,2023-09-29,1.0,Ishaan Gupta,-0.7184962931433652,0,Surat,2020-04-17,-1.4751069570792745,-0.8775846282275089,-1.5419210424429508,Zone_10,0.0,-0.46361542252807086,0.44035034732709155,Industrial,0,4,9,1,0,0,0,0,1,0,0,0,0,0,0,0,0,low,0,-0.2823389243280217,-0.36037261694748784,1260,0.5949294890216874
T01648,R0196,0.8283946817049852,0.8472820037854036,0.794828021475648,2024-06-05,1.0,Vivaan Das,-1.765914243213244,1,Hyderabad,2019-06-24,0.0017782793317680683,-0.6895336596353198,1.7002949427479706,Zone_3,0.3749277083599486,0.6357961349550023,0.2581818181818183,Business,0,2,6,0,1,0,0,0,0,0,1,0,0,0,0,0,0,medium,0,465.8405835945623,446.9646625681602,1808,-387.75328898961305
T01649,R0253,0.5364671937199046,0.4036514845710279,0.6453501005832463,2023-06-28,0.0,Ishaan Gupta,-0.7184962931433652,1,Surat,2021-08-19,-0.5604814301789357,0.015657472585389957,-1.5603427241769898,Zone_4,0.13112332813653896,1.3108734070937318,0.6290909090909091,Business,0,2,6,0,0,1,0,0,0,0,0,1,0,0,0,0,0,low,0,-0.9571542692300002,-1.1514210209912146,678,-0.027935756195153965
T01650,R0261,0.5438221851177419,0.3665040771115987,0.6439352977153854,2024-03-29,1.0,Aarav Kumar,-0.06386007434969102,1,Pune,2022-08-26,1.5949151603458938,2.7894092593201814,0.42919890309925784,Zone_2,0.3225568228440141,-0.0059291052863966335,1.0,Residential,0,4,3,1,0,0,0,0,0,1,0,0,0,0,0,0,0,high,0,0.3409724847055825,0.4037426652686236,581,1.7489389584303872
T01651,R0097,0.6384049092604969,0.6105458164228058,0.7695204375702687,2023-09-08,0.0,Aarav Iyer,-1.1112780244195697,2,Bengaluru,2021-01-25,1.6020052807094625,-0.8775846282275089,-1.3392825433685185,Zone_2,0.3225568228440141,-0.0059291052863966335,1.0,Residential,0,4,9,0,0,1,0,0,0,1,0,0,0,0,0,0,0,high,0,0.39850362351975116,0.48034825280318655,956,-0.5478038298593265
T01652,R0214,0.6816852038877494,0.5933607712956389,0.8515794296626755,2024-05-16,0.0,Aarav Kumar,-1.5040597556957742,0,Kolkata,2022-09-14,-0.2981469767269005,-1.018622854671651,0.9634276733863985,Zone_10,0.0,-0.46361542252807086,0.44035034732709155,Industrial,0,3,5,0,0,0,1,0,1,0,0,0,0,0,0,0,0,medium,0,-2.286406561526753,-2.8562403651092976,610,3.4165124391138764
T01653,R0250,0.7440800156801404,0.6286745950857897,0.796019227687307,2024-06-18,1.0,Ishaan Gupta,0.32892165692651354,0,Jaipur,2021-02-01,0.0017782793317680683,0.3447466676217211,1.147644490726791,Zone_5,0.012308197259374737,-0.9072376299335215,0.44035034732709155,Business,0,1,6,0,0,1,0,0,0,0,0,0,1,0,0,0,0,medium,0,418.42696048226173,447.6345270772835,1233,193.86530645832454
T01654,R0125,0.8349232851920222,0.7672504792338091,0.9537172508929239,2023-06-03,1.0,Saanvi Ghosh,1.638194094513862,1,Ahmedabad,2023-04-22,-1.085150337083006,-0.2194062381548466,-0.2155599575921188,Zone_1,0.20357758267005824,1.2530096409104126,0.0,Residential,0,5,6,0,0,1,0,1,0,0,0,0,0,0,0,0,0,low,0,-0.7694079397665585,-0.8788802973204731,42,0.20218971570762517
T01655,R0196,0.8899344584981547,0.7530510547290653,0.855564719541865,2024-05-10,1.0,Vivaan Das,-1.765914243213244,1,Hyderabad,2019-06-24,0.0017782793317680683,-0.6895336596353198,1.7002949427479706,Zone_6,1.0,-2.392407628638726,0.24363636363636365,Mixed,0,4,5,1,0,0,0,0,0,0,0,0,0,1,0,0,0,medium,0,500.44694475154824,481.11941934972214,1782,-387.75328898961305
T01656,R0185,0.13669598205972414,0.15727516483760978,0.3707391856554427,2023-06-10,0.0,Vivaan Sharma,-0.5875690493846304,1,Delhi,2021-08-27,-0.36195805999901715,-0.5484954331911778,0.07918695015250991,Zone_10,0.0,-0.46361542252807086,0.44035034732709155,Industrial,0,5,6,0,0,0,1,0,1,0,0,0,0,0,0,0,0,medium,0,-0.3776569640695259,-1.0242600638771504,652,1.5153563183333094
T01657,R0246,0.8537609435709809,0.8253960326023099,0.886443880220688,2023-08-16,0.0,Vivaan Das,-0.3257145618671607,2,Mumbai,2021-03-31,-0.08544336581984495,0.48578489406586306,1.4423913984714205,Zone_3,0.3749277083599486,0.6357961349550023,0.2581818181818183,Business,0,2,8,0,0,1,0,0,0,0,1,0,0,0,0,0,0,medium,0,-9.992126777532535,-10.374636716555983,868,-5.685460648754492
T01658,R0184,0.6139167033806491,0.4440539417192402,0.8157756798653024,2024-03-30,1.0,Meera Nair,-0.3257145618671607,0,Surat,2020-03-04,0.2336120505407384,0.1566956990295319,-0.06818650371980403,Zone_1,0.20357758267005824,1.2530096409104126,0.0,Residential,0,5,3,0,0,1,0,1,0,0,0,0,0,0,0,0,0,medium,0,2.6279325144384678,3.4920102707760083,1487,0.6707517812836737
T01659,R0086,0.6979639654303678,0.6496673694641852,0.7777021793075454,2023-07-01,0.0,Vivaan Patel,-1.1112780244195697,1,Hyderabad,2019-11-08,0.6022983094463014,-0.3134317224509412,1.0186927185885153,Zone_8,0.3749277083599486,0.2886135378550845,0.0036363636363636598,Business,0,5,7,0,0,1,0,0,0,0,0,0,0,0,0,1,0,high,0,1.158834342523745,1.2912242440502522,1331,-0.5203928311521944
T01660,R0095,0.6914723469874183,0.5745194929412236,0.8681153042391987,2023-03-09,0.0,Kavya Iyer,-0.3257145618671607,0,Chennai,2020-10-07,1.623275641800168,2.5073328064318976,0.4660422665673357,Zone_1,0.20357758267005824,1.2530096409104126,0.0,Residential,0,3,3,0,0,1,0,1,0,0,0,0,0,0,0,0,0,high,0,0.4259734632749091,0.5347922939794025,883,1.5446130908804463
T01661,R0173,0.6173220846447711,0.46827234969721143,0.6353057056622169,2023-11-15,1.0,Saanvi Ghosh,-0.7184962931433652,2,Mumbai,2020-01-15,0.9709845683518643,1.4730524791748567,0.5028856300354152,Zone_5,0.012308197259374737,-0.9072376299335215,0.44035034732709155,Business,0,2,11,0,0,1,0,0,0,0,0,0,1,0,0,0,0,high,0,0.6357692024834185,0.6542902187833695,1400,1.517070947559131
T01662,R0149,0.4884782893870335,0.4303407153443312,0.675189549602238,2024-05-27,0.0,Diya Reddy,-0.19478731810842584,1,Jaipur,2019-09-14,-1.156051540718691,-0.736546401783367,1.0371144003225559,Zone_4,0.13112332813653896,1.3108734070937318,0.6290909090909091,Business,0,0,5,0,1,0,0,0,0,0,0,1,0,0,0,0,0,low,0,-0.42254023474018954,-0.5840479648359691,1717,0.6371224602369137
T01663,R0294,0.7585297108454699,0.7353659159845526,0.8445847142178391,2023-09-18,1.0,Arjun Reddy,-0.9803507806608349,1,Surat,2021-04-02,-1.49637731816998,-0.7835591439314143,-1.4866559972408324,Zone_4,0.13112332813653896,1.3108734070937318,0.6290909090909091,Business,0,0,9,1,0,0,0,0,0,0,0,1,0,0,0,0,0,low,0,-0.5069107247449639,-0.5644196179415084,899,0.5236374104424955
T01664,R0283,0.8329283452421391,0.6932138274578712,0.9404748416167128,2024-03-08,1.0,Diya Nair,-1.6349869994545092,1,Surat,2023-06-15,-0.04999276400200235,1.0029250576943836,-0.8418971365494565,Zone_5,0.012308197259374737,-0.9072376299335215,0.44035034732709155,Business,0,4,3,0,0,0,1,0,0,0,0,0,1,0,0,0,0,medium,0,-16.66097808092343,-18.81221933596318,267,-20.061404439534762
T01665,R0293,0.3179970233230346,0.21737295508195142,0.5178583332199291,2023-02-13,1.0,Arjun Kumar,0.9835578757201877,0,Delhi,2019-10-01,-0.028722402911296796,0.9559123155463362,-0.0009730452730406338,Zone_1,0.20357758267005824,1.2530096409104126,0.0,Residential,0,0,2,0,0,0,1,1,0,0,0,0,0,0,0,0,0,medium,0,-11.071393445217751,-18.029770518129265,1231,-33.281070476536165
T01666,R0247,0.707649316179468,0.5717721777526759,0.8247072477990667,2024-05-03,1.0,Aadhya Das,0.7217033882027181,1,Bengaluru,2021-05-11,-0.02163228254772828,1.0969505419904781,1.6818732610139318,Zone_9,0.7054238122589644,0.0957343172440192,0.9163636363636365,Business,0,4,5,0,0,0,1,0,0,0,0,0,0,0,0,0,1,medium,0,-32.71265131722228,-38.12391253578895,1088,-50.708959610259654
T01667,R0112,0.5205908721118877,0.38799166031249316,0.6496945633133187,2024-08-21,1.0,Meera Nair,1.2454123632376575,0,Delhi,2020-11-13,0.41795517999351983,-0.5955081753392251,-1.412969270304675,Zone_6,1.0,-2.392407628638726,0.24363636363636365,Mixed,0,2,8,0,0,0,1,0,0,0,0,0,0,1,0,0,0,medium,0,1.2455662641146334,1.5544598904681401,1377,-1.424813482030437
T01668,R0012,0.8666453900181719,0.7398249944555477,0.867741572732593,2023-09-08,1.0,Aarav Das,-0.06386007434969102,0,Hyderabad,2022-01-19,-0.028722402911296796,-0.5955081753392251,-1.2840174981663999,Zone_9,0.7054238122589644,0.0957343172440192,0.9163636363636365,Business,0,4,9,0,1,0,0,0,0,0,0,0,0,0,0,0,1,medium,0,-30.17315064810653,-30.211315376796065,597,20.73322963884077
T01669,R0018,0.7905202574310973,0.7092338289282326,0.9269165068061764,2023-02-11,1.0,Aarav Reddy,2.2928303133075363,0,Delhi,2023-01-09,1.3751214290752698,2.9304474857643235,-1.3208608616344786,Zone_9,0.7054238122589644,0.0957343172440192,0.9163636363636365,Business,0,5,2,0,1,0,0,0,0,0,0,0,0,0,0,0,1,high,0,0.5748730553655177,0.6740615680969364,33,2.131046338020466
T01670,R0027,0.9100968990029714,0.8009829261801598,0.9232926900130254,2023-05-12,0.0,Ishaan Iyer,-0.002498701550705167,1,Jaipur,2019-10-05,1.0702462534418236,1.7551289320631407,-0.049764821985765095,Zone_1,0.3749277083599486,-0.0059291052863966335,0.44035034732709155,Business,0,4,5,0,0,0,1,1,0,0,0,0,0,0,0,0,0,high,0,0.8503621442973287,0.8626918216660814,1315,1.6399299940726642
T01671,R0132,0.0690284264803239,0.08202119264517144,0.2031474487080708,2023-12-06,0.0,Aadhya Iyer,-1.1112780244195697,1,Surat,2022-12-09,1.6445460028908734,0.06267021473343727,-0.0009730452730406338,Zone_9,0.7054238122589644,0.0957343172440192,0.9163636363636365,Business,0,2,12,0,0,0,1,0,0,0,0,0,0,0,0,0,1,high,0,0.041974153571248195,0.12352798179617173,362,0.038107912228221116
T01672,R0263,0.8595758069935985,0.7285168683458171,0.9598181716186436,2024-03-08,1.0,Ishaan Das,-0.06386007434969102,2,Chennai,2020-12-30,0.3186934949035606,-0.12538075385875197,-0.3076683662623159,Zone_10,0.0,-0.46361542252807086,0.44035034732709155,Industrial,0,4,3,0,0,0,1,0,1,0,0,0,0,0,0,0,0,medium,0,2.6971865467593354,3.0117281556345947,1164,-0.39342112676850616
T01673,R0065,0.7394510054086253,0.712215941910541,0.7184371746130649,2023-12-21,0.0,Meera Nair,1.507266850755127,2,Mumbai,2023-06-28,-0.5108505876339561,0.3917594097697685,0.9450059916523579,Zone_9,0.7054238122589644,0.0957343172440192,0.9163636363636365,Business,0,3,12,1,0,0,0,0,0,0,0,0,0,0,0,0,1,medium,0,-1.4474897813731598,-1.4063547972814558,176,-0.7668766939942898
T01674,R0195,0.5426077956093424,0.4664403813488168,0.7355133643826777,2023-05-31,0.0,Aadhya Reddy,0.19799441316777866,1,Kolkata,2021-01-31,-1.276583586899356,-0.6425209174872724,1.773981669684128,Zone_10,0.0,-0.46361542252807086,0.44035034732709155,Industrial,0,2,5,1,0,0,0,0,1,0,0,0,0,0,0,0,0,low,0,-0.42504682120131376,-0.5761576225252413,850,0.5033128453796483
T01675,R0138,0.789950151873564,0.5685041181404588,0.8577930628042985,2024-03-12,1.0,Ishaan Das,1.9000485820313315,1,Kolkata,2022-07-28,-1.6949006883498985,-1.1126483389677455,-0.8787405000175352,Zone_1,0.20357758267005824,1.2530096409104126,0.0,Residential,0,1,3,0,0,0,1,1,0,0,0,0,0,0,0,0,0,low,0,-0.4660745949915416,-0.5061022564333363,593,0.6564681615953467
T01676,R0213,0.9157748613319172,0.723946506298607,0.9561833066174401,2024-06-26,1.0,Kavya Ghosh,-0.3257145618671607,1,Chennai,2019-06-04,1.4460226327109549,0.10968295688148458,-0.49188518360270855,Zone_1,0.20357758267005824,1.2530096409104126,0.0,Residential,0,2,6,0,0,1,0,1,0,0,0,0,0,0,0,0,0,high,0,0.6333060358917434,0.6612505814136668,1849,0.07585148005315424
T01677,R0089,0.9194421008080819,0.773856344579311,0.9418158160649872,2023-08-11,0.0,Saanvi Reddy,2.161903069548801,2,Surat,2022-09-21,0.3966848189028143,-0.8305718860794616,-0.1787165941240401,Zone_10,0.0,-0.46361542252807086,0.44035034732709155,Industrial,0,4,8,0,0,1,0,0,1,0,0,0,0,0,0,0,0,medium,0,2.3178151948218124,2.3742169379457074,324,-2.0937828888353485
T01678,R0147,0.8341766096633864,0.8046067997462849,0.9249310111734546,2024-06-18,1.0,Saanvi Nair,0.45984890068524836,2,Mumbai,2022-08-29,-0.09253348618341346,0.0023974683897869183,-0.1787165941240401,Zone_9,0.7054238122589644,0.0957343172440192,0.9163636363636365,Business,0,1,6,1,0,0,0,0,0,0,0,0,0,0,0,0,1,medium,0,-9.01486201449213,-9.995635626870476,659,-0.025909197725835408
T01679,R0204,0.44964288198410995,0.3181158967953129,0.6340267920634737,2023-09-08,0.0,Aarav Kumar,0.7217033882027181,0,Hyderabad,2019-01-01,1.3184004661667217,-0.8775846282275089,-0.5103068653367483,Zone_10,0.0,-0.46361542252807086,0.44035034732709155,Industrial,0,4,9,0,0,1,0,0,1,0,0,0,0,0,0,0,0,high,0,0.3410518226616352,0.48090607393891516,1711,-0.6656434450293434
T01680,R0067,0.763207648562345,0.658181938138433,0.8227188582489571,2023-12-03,0.0,Saanvi Iyer,0.06706716940904384,1,Pune,2022-07-24,0.680289633445555,-0.6895336596353198,-1.155065726028125,Zone_2,0.3225568228440141,-0.0059291052863966335,1.0,Residential,0,6,12,0,1,0,0,0,0,1,0,0,0,0,0,0,0,high,0,1.1218863422875105,1.2093655669600925,497,-1.013588368446753
T01681,R0090,0.7681246994622408,0.7243957955283515,0.8962693586269748,2023-03-28,0.0,Kavya Iyer,0.19799441316777866,0,Surat,2021-01-31,-0.7093739578138746,0.06267021473343727,0.926584309918319,Zone_4,0.13112332813653896,1.3108734070937318,0.6290909090909091,Business,0,1,3,1,0,0,0,0,0,0,0,1,0,0,0,0,0,low,0,-1.0828205504321335,-1.263465269276403,786,-0.0883458069514876
T01682,R0162,0.8827125820266871,0.8140610361973212,0.9590926945902876,2023-05-26,1.0,Meera Patel,-0.19478731810842584,1,Hyderabad,2023-08-14,1.006435170169707,0.6738358626580523,0.5028856300354152,Zone_5,0.012308197259374737,-0.9072376299335215,0.44035034732709155,Business,0,4,5,0,1,0,0,0,0,0,0,0,1,0,0,0,0,high,0,0.8770684969980158,0.9529602333238847,-80,0.6695273402900147
T01683,R0225,0.6800916865739616,0.4665083511212994,0.8216973510153325,2023-08-13,0.0,Ishaan Sharma,0.9835578757201877,0,Delhi,2020-06-15,1.5098337159830717,-0.6895336596353198,0.13445199535462835,Zone_10,0.0,-0.46361542252807086,0.44035034732709155,Industrial,0,6,8,0,0,0,1,0,1,0,0,0,0,0,0,0,0,high,0,0.45044144886587417,0.5442303627988033,1154,-0.4566950998218739
T01684,R0100,0.7141902101486757,0.6828360151622004,0.6940807885868125,2023-05-28,0.0,Ishaan Gupta,-0.4566418056258955,1,Delhi,2021-05-24,0.9284438461704532,1.7081161899150934,-0.39977677493251224,Zone_10,0.0,-0.46361542252807086,0.44035034732709155,Industrial,0,6,5,0,0,1,0,0,1,0,0,0,0,0,0,0,0,high,0,0.7692336085747047,0.7475743325239146,734,1.8397625197911
T01685,R0134,0.5638046612112337,0.4603675591858473,0.7891387214132124,2024-07-02,1.0,Aadhya Singh,0.32892165692651354,1,Jaipur,2022-07-30,1.1198770959868032,0.25072118332562654,-0.0009730452730406338,Zone_10,0.0,-0.46361542252807086,0.44035034732709155,Industrial,0,1,7,0,1,0,0,0,1,0,0,0,0,0,0,0,0,high,0,0.5034522656385123,0.7046654710960458,703,0.2238827673359087
T01686,R0209,0.8144034856892015,0.7554281241576435,0.8352497051384657,2024-05-15,1.0,Vivaan Sharma,-0.06386007434969102,2,Surat,2020-06-11,-1.014249133447321,-0.1723934960067993,-0.43662013840059094,Zone_3,0.3749277083599486,0.6357961349550023,0.2581818181818183,Business,0,2,5,0,0,1,0,0,0,0,1,0,0,0,0,0,0,low,0,-0.8029619733774225,-0.8235153253713356,1434,0.1699715487267441
T01687,R0262,0.6695399239693802,0.5943909982771083,0.7940830215018404,2023-09-08,1.0,Meera Singh,-0.19478731810842584,1,Ahmedabad,2019-04-21,-1.7445315308948781,0.0023974683897869183,-1.2103307712302427,Zone_1,0.20357758267005824,1.2530096409104126,0.0,Residential,0,4,9,0,0,1,0,1,0,0,0,0,0,0,0,0,0,low,0,-0.38379353546331824,-0.4551841038347447,1601,-0.0013742763299652765
T01688,R0244,0.7434227309482229,0.6805041268189832,0.8941800059770959,2024-02-20,0.0,Aadhya Iyer,-0.002498701550705167,0,Kolkata,2019-04-22,-1.5956390032599392,-1.0656355968196982,-1.6156077693791082,Zone_9,0.7054238122589644,0.0957343172440192,0.9163636363636365,Business,0,1,2,1,0,0,0,0,0,0,0,0,0,0,0,0,1,low,0,-0.4659090993823713,-0.5603899153569566,1765,0.6678425349609606
T01689,R0140,0.612446316495032,0.5138892977465339,0.7158879319145066,2024-04-26,0.0,Aadhya Nair,-0.3257145618671607,1,Delhi,2020-04-17,1.7508978083444013,1.0029250576943836,1.6818732610139318,Zone_4,0.13112332813653896,1.3108734070937318,0.6290909090909091,Business,0,4,4,1,0,0,0,0,0,0,0,1,0,0,0,0,0,high,0,0.3497898698463411,0.40886905478020424,1470,0.5728061643087672
T01690,R0108,0.719896388448406,0.5365279565840432,0.8400156998524111,2023-06-04,0.0,Reyansh Gupta,-1.765914243213244,1,Pune,2019-05-31,-0.48249010617968197,0.3917594097697685,1.6081865340777743,Zone_2,0.3225568228440141,-0.0059291052863966335,1.0,Residential,0,6,6,0,1,0,0,0,0,1,0,0,0,0,0,0,0,medium,0,-1.4920438351544407,-1.7410008808337816,1465,-0.8119532499260723
T01691,R0091,0.4119742414508069,0.36701285789593735,0.5882362879642224,2023-09-08,1.0,Meera Das,1.2454123632376575,2,Surat,2022-04-16,0.5810279483555958,0.9088995733982889,-1.1182223625600463,Zone_7,0.7081316156560269,-0.0059291052863966335,0.52,Industrial,0,4,9,0,1,0,0,0,0,0,0,0,0,0,1,0,0,high,0,0.7090437604882199,1.0124061839521272,510,1.5642957898507697
T01692,R0144,0.7391178382185486,0.6382148995453018,0.8210213665120614,2023-09-08,1.0,Ishaan Kumar,0.32892165692651354,2,Pune,2021-01-31,-0.41158890254399677,-0.6425209174872724,-0.8971621817515741,Zone_3,0.3749277083599486,0.6357961349550023,0.2581818181818183,Business,0,4,9,0,0,0,1,0,0,0,1,0,0,0,0,0,0,medium,0,-1.7957671687699126,-1.994760697961963,950,1.5610744447090386
T01693,R0092,0.5783009482077258,0.4760684711541803,0.637512480276784,2024-06-18,1.0,Aarav Nair,-1.3731325119370394,1,Surat,2019-07-18,-0.00036192145702272454,-0.03135526956265735,0.926584309918319,Zone_2,0.3225568228440141,-0.0059291052863966335,1.0,Residential,0,1,6,1,0,0,0,0,0,1,0,0,0,0,0,0,0,medium,0,-1597.863119155754,-1761.4663842292043,1797,86.63556402705518
T01694,R0288,0.8186118582424916,0.7109824620147669,0.9036682623274017,2024-02-27,1.0,Diya Ghosh,1.3763396069963922,1,Ahmedabad,2021-08-30,-1.482197077442843,-0.8775846282275089,1.0186927185885153,Zone_2,0.3225568228440141,-0.0059291052863966335,1.0,Residential,0,1,2,0,1,0,0,0,0,1,0,0,0,0,0,0,0,low,0,-0.5522962301712264,-0.6096815842374034,911,0.5920836315111077
T01696,R0063,0.8371531259425647,0.6291882345678269,0.9353571201138373,2023-09-08,0.0,Diya Iyer,0.32892165692651354,1,Surat,2023-04-21,0.5455773465377531,0.43877215191781577,1.516078125407578,Zone_6,1.0,-2.392407628638726,0.24363636363636365,Mixed,0,4,9,1,0,0,0,0,0,0,0,0,0,1,0,0,0,high,0,1.5344352753191797,1.7144354069127612,140,0.804234550247136
T01697,R0075,0.3933022794495088,0.29847537541307756,0.521673258326752,2023-08-14,0.0,Diya Reddy,-1.765914243213244,0,Mumbai,2021-04-30,-1.0213392538108894,-0.7835591439314143,1.516078125407578,Zone_10,0.0,-0.46361542252807086,0.44035034732709155,Industrial,0,0,8,0,0,1,0,0,1,0,0,0,0,0,0,0,0,low,0,-0.3850848559692511,-0.5107737281028315,836,0.7671879260566418
T01698,R0096,0.6384049092604969,0.6129185655923736,0.7540003704832752,2023-01-25,1.0,Reyansh Das,1.1144851194789225,1,Kolkata,2019-12-28,-0.9291676890844986,-0.9716101125236036,0.8344759012481227,Zone_3,0.3749277083599486,0.6357961349550023,0.2581818181818183,Business,0,2,1,0,0,1,0,0,0,0,1,0,0,0,0,0,0,low,0,-0.6870717920567299,-0.811479326434807,1124,1.045677894246326
T01699,R0119,0.009469370310452967,0.021235217208923386,0.19418982479170716,2023-08-19,1.0,Saanvi Iyer,2.0309758257900663,1,Hyderabad,2023-05-05,-1.5743686421692338,-1.0656355968196982,0.7055241291098469,Zone_2,0.3225568228440141,-0.0059291052863966335,1.0,Residential,0,5,8,0,0,0,1,0,0,1,0,0,0,0,0,0,0,low,0,-0.006014709679053093,-0.12334457101746128,106,0.6768653594061801
T01700,R0237,0.7138302427276189,0.5347355465213662,0.7773802458992374,2023-01-08,0.0,Aadhya Nair,1.1144851194789225,1,Chennai,2022-12-13,-1.5318279199878226,-0.9716101125236036,-0.547150228804827,Zone_9,0.7054238122589644,0.0957343172440192,0.9163636363636365,Business,0,6,1,0,0,1,0,0,0,0,0,0,0,0,0,0,1,low,0,-0.46599897639500754,-0.5074853616099497,26,0.6342815011044631
T01701,R0224,0.19800662634870228,0.1924220957657911,0.4361751705896844,2023-10-22,1.0,Ishaan Sharma,-0.3257145618671607,0,Ahmedabad,2020-08-04,-0.3690481803625857,-1.0656355968196982,0.558150675237532,Zone_8,0.3749277083599486,0.2886135378550845,0.0036363636363636598,Business,0,6,10,0,1,0,0,0,0,0,0,0,0,0,0,1,0,medium,0,-0.536533268242003,-1.1818922129927514,1174,2.8875243220891194
T01702,R0242,0.37062706510177384,0.22533507106078843,0.617698434598428,2023-05-11,0.0,Kavya Iyer,0.32892165692651354,1,Ahmedabad,2022-06-05,1.3680313087117013,-0.736546401783367,0.9818493551204374,Zone_1,0.20357758267005824,1.2530096409104126,0.0,Residential,0,3,5,0,0,1,0,1,0,0,0,0,0,0,0,0,0,high,0,0.2709200167727153,0.4515236096315115,340,-0.5383987903588153
T01703,R0246,0.8666453900181719,0.7399130343030805,0.9399431566511829,2023-02-19,1.0,Vivaan Das,-0.3257145618671607,2,Mumbai,2021-03-31,-0.08544336581984495,0.48578489406586306,1.4423913984714205,Zone_3,0.3749277083599486,0.6357961349550023,0.2581818181818183,Business,0,6,2,0,0,0,1,0,0,0,1,0,0,0,0,0,0,medium,0,-10.142921942535251,-11.000773993770656,690,-5.685460648754492
T01704,R0282,0.8391225088570948,0.8446487250150626,0.9387472844870668,2024-07-15,1.0,Reyansh Kumar,-1.2422052681783047,1,Bengaluru,2022-05-02,0.474676142902068,-0.9716101125236036,-0.0009730452730406338,Zone_5,0.012308197259374737,-0.9072376299335215,0.44035034732709155,Business,0,0,7,0,0,0,1,0,0,0,0,0,1,0,0,0,0,medium,0,1.7677789823749726,1.9776584488695124,805,-2.046890552753269
T01705,R0288,0.10344658843822525,0.12252341310729539,0.2559796393404326,2023-11-12,0.0,Diya Ghosh,1.3763396069963922,1,Ahmedabad,2021-08-30,-1.482197077442843,-0.8775846282275089,1.0186927185885153,Zone_7,0.7081316156560269,-0.0059291052863966335,0.52,Industrial,0,6,11,0,0,1,0,0,0,0,0,0,0,0,1,0,0,low,0,-0.06979273540108191,-0.17270283637453993,804,0.5920836315111077
T01706,R0164,0.6178056826628519,0.5011331674019388,0.7413356148611105,2023-01-26,1.0,Aadhya Ghosh,0.7217033882027181,2,Ahmedabad,2022-07-06,-0.02163228254772828,-0.03135526956265735,0.023921904950391464,Zone_6,1.0,-2.392407628638726,0.24363636363636365,Mixed,0,3,1,0,0,1,0,0,0,0,0,0,0,1,0,0,0,medium,0,-28.55943108637562,-34.26987481443386,204,1.449466531951809
T01707,R0266,0.786220014532594,0.573119349713187,0.8757473862614968,2023-09-07,0.0,Diya Reddy,-0.3257145618671607,1,Chennai,2020-09-25,-1.0922404574465745,-0.5014826910431305,-0.19713827585807986,Zone_8,0.3749277083599486,0.2886135378550845,0.0036363636363636598,Business,0,3,9,0,0,1,0,0,0,0,0,0,0,0,0,1,0,low,0,-0.7198231938511132,-0.8017899174956471,1077,0.45913213306114864
T01708,R0080,0.7756624220155217,0.6118123641123162,0.8243384560954687,2024-08-03,0.0,Reyansh Kumar,-1.6349869994545092,0,Mumbai,2021-05-15,-1.5460081607149596,-0.8305718860794616,1.0923794455246727,Zone_8,0.3749277083599486,0.2886135378550845,0.0036363636363636598,Business,0,5,8,0,0,1,0,0,0,0,0,0,0,0,0,1,0,low,0,-0.5017194874681726,-0.5332044662133278,1176,0.5372364177530339
T01709,R0285,0.03633412288457969,0.03507178194301863,0.19418982479170716,2023-10-24,1.0,Diya Iyer,-0.3257145618671607,0,Chennai,2019-01-10,-0.05708288436557087,-0.36044446459898855,1.773981669684128,Zone_8,0.3749277083599486,0.2886135378550845,0.0036363636363636598,Business,0,1,10,0,0,0,1,0,0,0,0,0,0,0,0,1,0,medium,0,-0.6365151881935096,-3.4018923001170442,1748,6.314405247825704
T01710,R0230,0.7553734505281517,0.7322602816296594,0.8833050503360549,2023-12-14,1.0,Kavya Gupta,0.06706716940904384,1,Chennai,2022-11-22,-0.48958022654325045,-0.03135526956265735,-0.6576803192090631,Zone_10,0.0,-0.46361542252807086,0.44035034732709155,Industrial,0,3,12,0,0,1,0,0,1,0,0,0,0,0,0,0,0,medium,0,-1.5429002430542824,-1.8042089987431753,387,0.06404521233229865
T01711,R0037,0.5766607586454138,0.4449069126633092,0.7026989067513971,2023-10-06,0.0,Aadhya Iyer,0.06706716940904384,2,Ahmedabad,2020-11-21,1.679996604708716,-0.8305718860794616,-1.1919090894962037,Zone_3,0.3749277083599486,0.6357961349550023,0.2581818181818183,Business,0,4,10,1,0,0,0,0,0,0,1,0,0,0,0,0,0,high,0,0.34325114528752115,0.41827400411516524,1049,-0.49438902659179434
T01712,R0141,0.7761984844229868,0.901237223752426,0.8527020179169809,2023-11-08,1.0,Arjun Das,-0.8494235369021,2,Jaipur,2019-07-08,-1.411295873807158,-1.1126483389677455,0.5213073117694542,Zone_2,0.3225568228440141,-0.0059291052863966335,1.0,Residential,0,2,11,0,0,1,0,0,0,1,0,0,0,0,0,0,0,low,0,-0.5499899056100039,-0.6041979104046439,1584,0.7883877219638069
T01713,R0030,0.6728230712183981,0.6018773129161001,0.85682549656964,2024-03-26,0.0,Saanvi Patel,-0.8494235369021,2,Mumbai,2021-01-08,1.3467609476209956,1.6140907056189988,-0.5287285470707872,Zone_9,0.7054238122589644,0.0957343172440192,0.9163636363636365,Business,0,1,3,0,0,0,1,0,0,0,0,0,0,0,0,0,1,high,0,0.4995861161603443,0.6362120152675879,1173,1.198498299546205
T01714,R0246,0.7708583589424144,0.5565783720270754,0.8876546600281934,2024-02-14,1.0,Vivaan Das,-0.3257145618671607,2,Mumbai,2021-03-31,-0.08544336581984495,0.48578489406586306,1.4423913984714205,Zone_1,0.20357758267005824,1.2530096409104126,0.0,Residential,0,2,2,1,0,0,0,1,0,0,0,0,0,0,0,0,0,medium,0,-9.021863213672418,-10.388807270301003,1050,-5.685460648754492
T01715,R0199,0.6907000761748986,0.6226352551039295,0.7741113590610689,2023-01-03,0.0,Aarav Das,-0.3257145618671607,1,Ahmedabad,2021-08-03,0.651929151991281,0.1566956990295319,-0.1787165941240401,Zone_9,0.7054238122589644,0.0957343172440192,0.9163636363636365,Business,0,1,1,1,0,0,0,0,0,0,0,0,0,0,0,0,1,high,0,1.0594710699240768,1.18741638826334,518,0.24035694454054354
T01716,R0178,0.814138653569667,0.8421242388845993,0.8922320904646261,2023-03-29,1.0,Saanvi Ghosh,-0.5875690493846304,1,Delhi,2021-05-15,-1.3900255127164522,-0.7835591439314143,-1.6156077693791082,Zone_4,0.13112332813653896,1.3108734070937318,0.6290909090909091,Business,0,2,3,0,0,1,0,0,0,0,0,1,0,0,0,0,0,low,0,-0.5857005113371189,-0.641881808860461,683,0.563701267899858
T01717,R0048,0.5295764791374623,0.43674155822159194,0.649728081651922,2023-12-22,1.0,Kavya Sharma,0.45984890068524836,1,Hyderabad,2019-05-31,-0.31941733781760606,-1.0656355968196982,-1.8182462684535405,Zone_1,0.20357758267005824,1.2530096409104126,0.0,Residential,0,4,12,0,0,0,1,1,0,0,0,0,0,0,0,0,0,medium,0,-1.65794531616772,-2.034103991007934,1666,3.336185831678925
T01718,R0087,0.8144034856892015,0.6162259136069448,0.9013501188408779,2023-11-24,0.0,Saanvi Das,-0.7184962931433652,0,Jaipur,2021-05-11,0.0017782793317680683,0.43877215191781577,-0.8050537730813778,Zone_10,0.0,-0.46361542252807086,0.44035034732709155,Industrial,0,4,11,0,0,0,1,0,1,0,0,0,0,0,0,0,0,medium,0,457.97275553974663,506.866442599152,927,246.73972422631886
T01719,R0146,0.8790408760491711,0.7514912695606867,0.8923237568358948,2023-05-21,0.0,Kavya Gupta,-0.19478731810842584,1,Surat,2020-04-15,-1.219862623990808,0.0023974683897869183,-0.2155599575921188,Zone_6,1.0,-2.392407628638726,0.24363636363636365,Mixed,0,6,5,0,0,0,1,0,0,0,0,0,0,1,0,0,0,low,0,-0.7206064508914695,-0.731495284212117,1131,-0.0019653593303347117
T01720,R0261,0.9409804491576351,0.8624636566242507,0.8248054605945825,2023-08-22,1.0,Aarav Kumar,-0.06386007434969102,1,Pune,2022-08-26,1.5949151603458938,2.7894092593201814,0.42919890309925784,Zone_5,0.012308197259374737,-0.9072376299335215,0.44035034732709155,Business,0,1,8,0,0,1,0,0,0,0,0,0,1,0,0,0,0,high,0,0.5899877764993857,0.5171469185957858,361,1.7489389584303872
T01721,R0290,0.9175171076033166,0.8567434052576965,0.8854414319905028,2023-06-22,0.0,Ishaan Gupta,0.32892165692651354,2,Chennai,2020-05-06,-0.5888419116332098,-0.9245973703755562,0.5028856300354152,Zone_9,0.7054238122589644,0.0957343172440192,0.9163636363636365,Business,0,3,6,0,0,0,1,0,0,0,0,0,0,0,0,0,1,low,0,-1.5581722181739655,-1.503699744358627,1142,1.5701962650910775
T01722,R0272,0.5958195618717735,0.47526748844713207,0.6571746349723189,2023-09-12,1.0,Kavya Ghosh,-1.3731325119370394,1,Kolkata,2020-01-15,1.2758597439853105,-0.9245973703755562,1.4423913984714205,Zone_5,0.012308197259374737,-0.9072376299335215,0.44035034732709155,Business,0,1,9,0,1,0,0,0,0,0,0,0,1,0,0,0,0,high,0,0.4669945616519377,0.515083760633085,1336,-0.7246857460111238
T01723,R0031,0.8022682330714294,0.8193081669750595,0.9080314292234921,2023-09-24,0.0,Reyansh Nair,-0.3257145618671607,0,Hyderabad,2023-04-27,-0.15634456945553013,-0.12538075385875197,1.129222808992752,Zone_6,1.0,-2.392407628638726,0.24363636363636365,Mixed,0,6,9,0,1,0,0,0,0,0,0,0,0,1,0,0,0,medium,0,-5.131410933333521,-5.807885955909509,150,0.8019514479805111
T01724,R0300,0.8324277008505782,0.8296281191684117,0.8563140853187179,2024-04-27,1.0,Saanvi Iyer,0.8526306319614528,0,Kolkata,2023-07-08,0.2761527727221495,-0.7835591439314143,-0.6208369557409844,Zone_1,0.20357758267005824,1.2530096409104126,0.0,Residential,0,5,4,0,0,1,0,1,0,0,0,0,0,0,0,0,0,medium,0,3.0143738650349294,3.100870858103954,294,-2.837411828994347
T01725,R0103,0.8039125506450161,0.8065953137125106,0.9263280277167179,2024-02-21,1.0,Ishaan Gupta,0.7217033882027181,2,Surat,2022-11-24,-0.5463011894517986,-0.45446994889508313,-1.7261378597833443,Zone_6,1.0,-2.392407628638726,0.24363636363636365,Mixed,0,2,2,0,0,1,0,0,0,0,0,0,0,1,0,0,0,medium,0,-1.4715555561058267,-1.6956361172236654,454,0.8319036415628782
T01726,R0057,0.8255928131309574,0.6530461696313308,0.809283836489417,2024-08-01,0.0,Aadhya Reddy,0.9835578757201877,1,Bengaluru,2023-06-04,1.0986067348960975,-0.5955081753392251,-0.6392586374750233,Zone_8,0.3749277083599486,0.2886135378550845,0.0036363636363636598,Business,0,3,8,0,0,1,0,0,0,0,0,0,0,0,0,1,0,high,0,0.7514907627150486,0.7366456173836913,424,-0.5420576412136653
T01727,R0151,0.7803968585307794,0.7855382474137972,0.7953229247093372,2023-07-18,1.0,Meera Reddy,0.32892165692651354,1,Hyderabad,2023-02-25,0.0017782793317680683,1.520065221322904,1.8292467148862463,Zone_2,0.3225568228440141,-0.0059291052863966335,1.0,Residential,0,1,7,0,0,0,1,0,0,1,0,0,0,0,0,0,0,medium,0,438.84942291651316,447.2429671206835,143,854.7955285582536
T01728,R0140,0.5932248667248894,0.42791763245028497,0.7859469947942788,2024-03-02,1.0,Aadhya Nair,-0.3257145618671607,1,Delhi,2020-04-17,1.7508978083444013,1.0029250576943836,1.6818732610139318,Zone_2,0.3225568228440141,-0.0059291052863966335,1.0,Residential,0,5,3,0,0,1,0,0,0,1,0,0,0,0,0,0,0,high,0,0.3388118163708399,0.44888227688025245,1415,0.5728061643087672
T01729,R0255,0.7470215399215776,0.659803634838758,0.8743213913888701,2023-10-04,1.0,Reyansh Sharma,0.7217033882027181,0,Bengaluru,2021-07-06,1.5807349196187568,0.8618868312502416,-1.634029451113147,Zone_6,1.0,-2.392407628638726,0.24363636363636365,Mixed,0,2,10,1,0,0,0,0,0,0,0,0,0,1,0,0,0,high,0,0.47257862823815205,0.5531106958779274,820,0.5452443800369212
T01730,R0263,0.8371531259425647,0.8084982644694065,0.9360650822357113,2023-10-03,0.0,Ishaan Das,-0.06386007434969102,2,Chennai,2020-12-30,0.3186934949035606,-0.12538075385875197,-0.3076683662623159,Zone_2,0.3225568228440141,-0.0059291052863966335,1.0,Residential,0,1,10,1,0,0,0,0,0,1,0,0,0,0,0,0,0,medium,0,2.626828408266992,2.937195447051634,1007,-0.39342112676850616
T01731,R0277,0.7859313089004094,0.68969260945775,0.9219624194455021,2023-09-08,1.0,Kavya Gupta,1.3763396069963922,0,Jaipur,2021-01-22,1.282949864348879,-0.36044446459898855,-1.7445595415173831,Zone_9,0.7054238122589644,0.0957343172440192,0.9163636363636365,Business,0,4,9,1,0,0,0,0,0,0,0,0,0,0,0,0,1,high,0,0.6125970552241994,0.7186270056729108,959,-0.2809497663277129
T01732,R0234,0.40463302460554496,0.3683664772140358,0.6688793322011952,2023-11-11,1.0,Saanvi Nair,0.06706716940904384,2,Surat,2022-12-01,-0.48958022654325045,0.3447466676217211,-0.049764821985765095,Zone_4,0.13112332813653896,1.3108734070937318,0.6290909090909091,Business,0,5,11,0,0,1,0,0,0,0,0,1,0,0,0,0,0,medium,0,-0.8264897205152931,-1.3662302845111027,345,-0.7041678747033007
T01733,R0193,0.4927578755046526,0.3974712049250887,0.5691519814098116,2023-09-26,1.0,Kavya Singh,0.19799441316777866,0,Chennai,2022-01-03,0.9709845683518643,2.0842181270994717,0.7423674925779263,Zone_1,0.20357758267005824,1.2530096409104126,0.0,Residential,0,1,9,0,0,0,1,1,0,0,0,0,0,0,0,0,0,high,0,0.5074827052514882,0.5861596568685764,631,2.1464997436954065
T01734,R0158,0.6268605842331363,0.47433141978309845,0.6484498310192712,2024-03-21,0.0,Aarav Iyer,-0.5875690493846304,1,Ahmedabad,2020-07-26,1.3396708272574271,1.7081161899150934,-0.8050537730813778,Zone_10,0.0,-0.46361542252807086,0.44035034732709155,Industrial,0,3,3,0,1,0,0,0,1,0,0,0,0,0,0,0,0,high,0,0.4679213516326579,0.4840366885847452,1334,1.2750267865516989
T01735,R0262,0.6720053726649029,0.5591663026187247,0.8406107953540947,2024-08-09,0.0,Meera Singh,-0.19478731810842584,1,Ahmedabad,2019-04-21,-1.7445315308948781,0.0023974683897869183,-1.2103307712302427,Zone_1,0.20357758267005824,1.2530096409104126,0.0,Residential,0,4,8,0,0,0,1,1,0,0,0,0,0,0,0,0,0,low,0,-0.3852067794499477,-0.4818547446504985,1937,-0.0013742763299652765
T01736,R0053,0.7387843308883513,0.6804087864837535,0.7877931675168259,2024-02-22,1.0,Arjun Reddy,1.7691213382725968,0,Delhi,2019-09-16,-1.3403946701714726,-0.7835591439314143,1.552921488875656,Zone_8,0.3749277083599486,0.2886135378550845,0.0036363636363636598,Business,0,3,2,0,0,0,1,0,0,0,0,0,0,0,0,1,0,low,0,-0.5511692543464387,-0.587732244127803,1620,0.5845734553921913
T01737,R0117,0.4552545360780595,0.3374552895136383,0.6197405507038258,2023-11-22,1.0,Aadhya Gupta,-1.3731325119370394,0,Ahmedabad,2021-06-12,0.8291821610804939,0.626823120510005,-1.5603427241769898,Zone_6,1.0,-2.392407628638726,0.24363636363636365,Mixed,0,2,11,0,1,0,0,0,0,0,0,0,0,1,0,0,0,high,0,0.5490404370070199,0.7474118231104392,893,0.7559534562263157
T01738,R0290,0.8306693784117449,0.8501387397114845,0.904439356141997,2023-07-14,1.0,Ishaan Gupta,0.32892165692651354,2,Chennai,2020-05-06,-0.5888419116332098,-0.9245973703755562,0.5028856300354152,Zone_10,0.0,-0.46361542252807086,0.44035034732709155,Industrial,0,4,7,0,0,0,1,0,1,0,0,0,0,0,0,0,0,low,0,-1.4106831765894574,-1.5359629439987506,1164,1.5701962650910775
T01739,R0177,0.2641944227421375,0.2208535074343424,0.5093695362102526,2024-08-14,0.0,Ishaan Reddy,0.32892165692651354,2,Bengaluru,2023-02-15,1.679996604708716,1.8491544163592353,0.8713192647162021,Zone_1,0.20357758267005824,1.2530096409104126,0.0,Residential,0,2,8,0,0,1,0,1,0,0,0,0,0,0,0,0,0,high,0,0.1572589027868568,0.3031967652688018,546,1.100689377095407
T01740,R0300,0.7953263993602628,0.7316376470744275,0.8648591103610532,2024-04-21,1.0,Saanvi Iyer,0.8526306319614528,0,Kolkata,2023-07-08,0.2761527727221495,-0.7835591439314143,-0.6208369557409844,Zone_2,0.3225568228440141,-0.0059291052863966335,1.0,Residential,0,6,4,0,0,0,1,0,0,1,0,0,0,0,0,0,0,medium,0,2.880023225986142,3.13181396600073,288,-2.837411828994347
T01741,R0233,0.7922246286098096,0.6126027005334944,0.881938041807057,2023-05-18,0.0,Ishaan Iyer,-0.19478731810842584,2,Hyderabad,2023-11-23,1.5381941974373456,0.8148740891021943,-0.0009730452730406338,Zone_10,0.0,-0.46361542252807086,0.44035034732709155,Industrial,0,3,5,0,0,0,1,0,1,0,0,0,0,0,0,0,0,high,0,0.5150355071743656,0.57335936078577,-189,0.5297602152314621
T01742,R0154,0.8112112413785998,0.8061493213220905,0.8102871702970456,2023-11-07,0.0,Kavya Patel,-1.765914243213244,2,Kolkata,2019-03-25,1.5169238363466402,2.601358290727992,1.2397528993969873,Zone_1,0.20357758267005824,1.2530096409104126,0.0,Residential,0,1,11,0,1,0,0,1,0,0,0,0,0,0,0,0,0,high,0,0.534773877198951,0.5341647028558411,1688,1.714890509594143
T01743,R0269,0.686027714259349,0.6650847800188813,0.8699151975954751,2023-06-27,0.0,Aadhya Sharma,1.2454123632376575,1,Mumbai,2019-05-19,0.0017782793317680683,-0.36044446459898855,-1.0998006808260066,Zone_1,0.20357758267005824,1.2530096409104126,0.0,Residential,0,1,6,0,0,0,1,1,0,0,0,0,0,0,0,0,0,medium,0,385.7817509340676,489.18928655069897,1500,-202.6928268016329
T01744,R0287,0.2584379671531637,0.22468084918242848,0.5531099272558189,2023-12-10,1.0,Saanvi Singh,-1.765914243213244,2,Delhi,2021-12-17,0.4817662632656365,0.48578489406586306,-1.2471741346983212,Zone_6,1.0,-2.392407628638726,0.24363636363636365,Mixed,0,6,12,0,1,0,0,0,0,0,0,0,0,1,0,0,0,medium,0,0.5364384907348028,1.1480877127148377,723,1.0083414533283972
T01745,R0251,0.6402147222084819,0.5847824155736578,0.8135119516677674,2023-08-11,1.0,Vivaan Iyer,1.9000485820313315,0,Mumbai,2020-01-13,-0.2768766156361949,0.10968295688148458,0.8713192647162021,Zone_10,0.0,-0.46361542252807086,0.44035034732709155,Industrial,0,4,8,0,0,1,0,0,1,0,0,0,0,0,0,0,0,medium,0,-2.3122744430309674,-2.938175005493026,1306,-0.3961438080621576
T01746,R0129,0.7404484730585884,0.7365162575447993,0.8163177197900462,2023-12-06,1.0,Vivaan Singh,0.45984890068524836,1,Hyderabad,2022-10-08,0.0017782793317680683,-0.6425209174872724,-0.19713827585807986,Zone_1,0.20357758267005824,1.2530096409104126,0.0,Residential,0,2,12,1,0,0,0,1,0,0,0,0,0,0,0,0,0,medium,0,416.38479390208715,459.0492085281202,424,-361.3160801056158
T01747,R0115,0.6960680204591845,0.5119605279673893,0.8435231020073861,2023-08-07,1.0,Aarav Ghosh,1.1144851194789225,0,Bengaluru,2020-03-01,-0.5817517912696412,-0.40745720674703584,0.7239458108438874,Zone_2,0.3225568228440141,-0.0059291052863966335,1.0,Residential,0,0,8,0,0,1,0,0,0,1,0,0,0,0,0,0,0,low,0,-1.196503441682671,-1.4499707859368056,1254,0.7003969955258461
T01748,R0149,0.5146810956322206,0.34738283748248533,0.678602106766248,2023-03-21,0.0,Diya Reddy,-0.19478731810842584,1,Jaipur,2019-09-14,-1.156051540718691,-0.736546401783367,1.0371144003225559,Zone_6,1.0,-2.392407628638726,0.24363636363636365,Mixed,0,1,3,1,0,0,0,0,0,0,0,0,0,1,0,0,0,low,0,-0.4452060115868667,-0.5869998722932166,1284,0.6371224602369137
T01749,R0231,0.8871919721160105,0.7689918873416087,0.7941562016839068,2023-06-18,1.0,Ishaan Nair,-1.6349869994545092,2,Mumbai,2019-08-26,0.5384872261741847,-0.07836801171070466,1.4792347619394985,Zone_4,0.13112332813653896,1.3108734070937318,0.6290909090909091,Business,0,6,6,0,0,1,0,0,0,0,0,1,0,0,0,0,0,high,0,1.6475636356674321,1.4747911613914881,1392,-0.14553365038478172
T01750,R0226,0.765367970853033,0.7215157399018125,0.8849206528758671,2023-04-27,0.0,Aarav Iyer,-0.002498701550705167,2,Surat,2021-07-30,0.09889976363293652,-1.018622854671651,-1.394547588570636,Zone_4,0.13112332813653896,1.3108734070937318,0.6290909090909091,Business,0,3,4,0,0,0,1,0,0,0,0,1,0,0,0,0,0,medium,0,7.738825076404359,8.947651848392917,636,-10.299547918559632
T01751,R0201,0.6907000761748985,0.5760838511301152,0.8052941030607683,2024-08-12,1.0,Meera Reddy,0.7217033882027181,0,Delhi,2021-04-06,-0.48958022654325045,-0.40745720674703584,-0.0009730452730406338,Zone_9,0.7054238122589644,0.0957343172440192,0.9163636363636365,Business,0,0,8,0,0,0,1,0,0,0,0,0,0,0,0,0,1,medium,0,-1.4108005975888422,-1.6448664782617137,1224,0.832258299367898
T01752,R0236,0.4512560724306269,0.3277263319163259,0.6955298840413269,2023-09-16,1.0,Arjun Gupta,-0.4566418056258955,1,Ahmedabad,2020-08-10,0.0017782793317680683,-1.0656355968196982,-1.1919090894962037,Zone_9,0.7054238122589644,0.0957343172440192,0.9163636363636365,Business,0,5,9,0,0,1,0,0,0,0,0,0,0,0,0,0,1,medium,0,253.7599489400588,391.12521391664086,1132,-599.2509600615903
T01753,R0213,0.7234127884039098,0.6186928522699221,0.8618388812087607,2023-06-15,0.0,Kavya Ghosh,-0.3257145618671607,1,Chennai,2019-06-04,1.4460226327109549,0.10968295688148458,-0.49188518360270855,Zone_7,0.7081316156560269,-0.0059291052863966335,0.52,Industrial,0,3,6,0,0,0,1,0,0,0,0,0,0,0,1,0,0,high,0,0.5002776388414334,0.5960064951355665,1472,0.07585148005315424
T01754,R0177,0.8844262667517093,0.7627734653061714,0.9175855651602627,2023-11-24,0.0,Ishaan Reddy,0.32892165692651354,2,Bengaluru,2023-02-15,1.679996604708716,1.8491544163592353,0.8713192647162021,Zone_6,1.0,-2.392407628638726,0.24363636363636365,Mixed,0,4,11,0,1,0,0,0,0,0,0,0,0,1,0,0,0,high,0,0.5264452703492543,0.5461829878634529,282,1.100689377095407
T01755,R0159,0.717768234983215,0.5983875147597802,0.8452888799753198,2023-05-03,1.0,Ishaan Singh,1.507266850755127,0,Bengaluru,2020-05-21,-1.2269527443543764,-1.018622854671651,1.6450298975458537,Zone_8,0.3749277083599486,0.2886135378550845,0.0036363636363636598,Business,0,2,5,0,1,0,0,0,0,0,0,0,0,0,0,1,0,low,0,-0.5850007168457863,-0.6889335256510727,1077,0.8302054495241796
T01756,R0211,0.7054395868862705,0.4918976481775187,0.6903513573447595,2023-05-23,1.0,Arjun Reddy,0.5907761444439832,0,Mumbai,2021-04-04,1.297130105076016,-0.3134317224509412,-0.0009730452730406338,Zone_6,1.0,-2.392407628638726,0.24363636363636365,Mixed,0,1,5,0,0,0,1,0,0,0,0,0,0,1,0,0,0,high,0,0.5438464377055912,0.5322144283316149,779,-0.2416347606338017
T01757,R0105,0.7230628468583358,0.5916762446528011,0.7798280417684851,2023-05-24,1.0,Diya Das,-0.06386007434969102,0,Jaipur,2020-09-28,0.666109392718418,-0.6895336596353198,-0.5839935922729057,Zone_5,0.012308197259374737,-0.9072376299335215,0.44035034732709155,Business,0,2,5,1,0,0,0,0,0,0,0,0,1,0,0,0,0,high,0,1.08550165297548,1.170720680856904,968,-1.0351657958481961
T01758,R0043,0.7323821273882691,0.7058439066319797,0.7679118308526538,2023-04-07,1.0,Diya Kumar,-0.4566418056258955,1,Ahmedabad,2021-12-10,-1.1844120221729653,-0.36044446459898855,1.2397528993969873,Zone_7,0.7081316156560269,-0.0059291052863966335,0.52,Industrial,0,4,4,0,1,0,0,0,0,0,0,0,0,0,1,0,0,low,0,-0.6183508050218997,-0.6483485615451748,483,0.30432354438424564
T01759,R0240,0.6658065073154363,0.614705571538828,0.7406208690840586,2023-12-08,1.0,Aarav Iyer,-0.19478731810842584,1,Surat,2020-05-18,-0.5533913098153671,-1.018622854671651,0.11603031362058941,Zone_5,0.012308197259374737,-0.9072376299335215,0.44035034732709155,Business,0,4,12,1,0,0,0,0,0,0,0,0,1,0,0,0,0,medium,0,-1.2031387112630578,-1.338331224122689,1299,1.8406918153657006
T01760,R0020,0.45763033128849717,0.3926381307106502,0.5977493942558141,2023-01-11,1.0,Diya Das,0.45984890068524836,0,Chennai,2019-09-17,0.15562072654148468,-0.12538075385875197,0.042343586684432034,Zone_1,0.20357758267005824,1.2530096409104126,0.0,Residential,0,2,1,0,0,1,0,1,0,0,0,0,0,0,0,0,0,medium,0,2.940677257193656,3.8410654386481657,1212,-0.8056815865419349
T01761,R0093,0.912262242524537,0.8087813159229645,0.9649345455685063,2023-09-08,0.0,Diya Patel,0.19799441316777866,2,Surat,2019-05-30,-0.9433479298116356,-0.2664189803028939,-0.43662013840059094,Zone_9,0.7054238122589644,0.0957343172440192,0.9163636363636365,Business,0,4,9,0,0,1,0,0,0,0,0,0,0,0,0,0,1,low,0,-0.9670474844914265,-1.0228829841829208,1562,0.2824185773705906
T01762,R0205,0.81040828218312,0.6734143360149069,0.779143565403936,2023-08-14,1.0,Ishaan Gupta,-0.06386007434969102,2,Surat,2019-05-12,-1.0780602167194375,-0.45446994889508313,1.2029095359289095,Zone_4,0.13112332813653896,1.3108734070937318,0.6290909090909091,Business,0,0,8,0,0,1,0,0,0,0,0,1,0,0,0,0,0,low,0,-0.7517282148201437,-0.7227273145974055,1555,0.4215626751147963
T01764,R0195,0.7910893697728708,0.67557748920685,0.7670079030196415,2023-05-23,0.0,Aadhya Reddy,0.19799441316777866,1,Kolkata,2021-01-31,-1.276583586899356,-0.6425209174872724,1.773981669684128,Zone_7,0.7081316156560269,-0.0059291052863966335,0.52,Industrial,0,1,5,1,0,0,0,0,0,0,0,0,0,0,1,0,0,low,0,-0.6196925746901673,-0.6008285794137437,842,0.5033128453796483
T01765,R0199,0.6662234447065017,0.5652750995156385,0.802121913616356,2023-02-06,0.0,Aarav Das,-0.3257145618671607,1,Ahmedabad,2021-08-03,0.651929151991281,0.1566956990295319,-0.1787165941240401,Zone_5,0.012308197259374737,-0.9072376299335215,0.44035034732709155,Business,0,0,2,1,0,0,0,0,0,0,0,0,1,0,0,0,0,high,0,1.0219261443847996,1.2303820302655888,552,0.24035694454054354
T01766,R0105,0.4677303396356456,0.3935136876885501,0.6529490982289714,2023-09-07,1.0,Diya Das,-0.06386007434969102,0,Jaipur,2020-09-28,0.666109392718418,-0.6895336596353198,-0.5839935922729057,Zone_9,0.7054238122589644,0.0957343172440192,0.9163636363636365,Business,0,3,9,0,0,1,0,0,0,0,0,0,0,0,0,0,1,high,0,0.7021824714508531,0.9802430432098564,1074,-1.0351657958481961
T01767,R0095,0.6451406200907761,0.4665083511212994,0.7069980783307408,2023-12-03,1.0,Kavya Iyer,-0.3257145618671607,0,Chennai,2020-10-07,1.623275641800168,2.5073328064318976,0.4660422665673357,Zone_6,1.0,-2.392407628638726,0.24363636363636365,Mixed,0,6,12,1,0,0,0,0,0,0,0,0,0,1,0,0,0,high,0,0.3974313440540098,0.43553790873538856,1152,1.5446130908804463
T01768,R0208,0.37755607949290554,0.3533933033913703,0.555888256719764,2023-07-20,0.0,Aadhya Iyer,-0.9803507806608349,2,Chennai,2020-01-08,0.7370105963541032,1.379026994878762,1.3687046715352633,Zone_1,0.3749277083599486,-0.0059291052863966335,0.44035034732709155,Business,0,3,7,0,0,0,1,1,0,0,0,0,0,0,0,0,0,high,0,0.5122803950996458,0.7542473058999042,1289,1.8711087760483112
T01770,R0295,0.7080161555235255,0.5338971593430286,0.7192487178770861,2023-12-07,0.0,Kavya Gupta,-1.765914243213244,0,Delhi,2019-05-29,-1.0922404574465745,-0.2664189803028939,-0.7682104096132991,Zone_3,0.3749277083599486,0.6357961349550023,0.2581818181818183,Business,0,3,12,0,1,0,0,0,0,0,1,0,0,0,0,0,0,low,0,-0.6482237044933461,-0.6585076692347914,1653,0.2439197142776827
T01771,R0023,0.829660357064172,0.7807015493122594,0.9368411785241546,2023-09-08,1.0,Meera Iyer,-0.9803507806608349,1,Jaipur,2019-10-09,-0.5392110690882301,0.3917594097697685,-1.4682343155067934,Zone_5,0.012308197259374737,-0.9072376299335215,0.44035034732709155,Business,0,4,9,0,1,0,0,0,0,0,0,0,1,0,0,0,0,medium,0,-1.5386560191857193,-1.7374294264920978,1430,-0.7265418538833178
T01772,R0157,0.8511692426944265,0.8424742158091469,0.9260536379866839,2023-05-24,1.0,Kavya Nair,0.5907761444439832,0,Hyderabad,2021-11-23,0.474676142902068,0.1566956990295319,1.1844878541948707,Zone_6,1.0,-2.392407628638726,0.24363636363636365,Mixed,0,2,5,0,1,0,0,0,0,0,0,0,0,1,0,0,0,medium,0,1.793157830706554,1.9509167499444797,547,0.3301107531369242
T01773,R0191,0.8648355770701867,0.6649386188124464,0.8331565226944324,2023-09-12,1.0,Meera Gupta,0.19799441316777866,2,Surat,2020-08-14,-1.1702317814458283,-0.8305718860794616,1.0186927185885153,Zone_10,0.0,-0.46361542252807086,0.44035034732709155,Industrial,0,1,9,1,0,0,0,0,1,0,0,0,0,0,0,0,0,low,0,-0.7390293023845902,-0.7119585503523607,1124,0.709749896771121
T01775,R0091,0.6933950741482451,0.6550754048013039,0.7176218346415937,2023-05-17,1.0,Meera Das,1.2454123632376575,2,Surat,2022-04-16,0.5810279483555958,0.9088995733982889,-1.1182223625600463,Zone_3,0.3749277083599486,0.6357961349550023,0.2581818181818183,Business,0,2,5,0,0,1,0,0,0,0,1,0,0,0,0,0,0,high,0,1.1933936673970102,1.2350900445883557,396,1.5642957898507697
T01776,R0146,0.6764775948688769,0.4892383922331329,0.7968424903344082,2024-03-05,0.0,Kavya Gupta,-0.19478731810842584,1,Surat,2020-04-15,-1.219862623990808,0.0023974683897869183,-0.2155599575921188,Zone_4,0.13112332813653896,1.3108734070937318,0.6290909090909091,Business,0,1,3,0,0,0,1,0,0,0,0,1,0,0,0,0,0,low,0,-0.5545522762684255,-0.6532231373132166,1420,-0.0019653593303347117
T01777,R0187,0.7189049752396317,0.5956899361056416,0.7849933896206094,2023-04-22,1.0,Saanvi Reddy,-0.002498701550705167,2,Surat,2022-08-05,0.7441007167176716,0.6738358626580523,1.295017944599106,Zone_7,0.7081316156560269,-0.0059291052863966335,0.52,Industrial,0,5,4,0,0,0,1,0,0,0,0,0,0,0,1,0,0,high,0,0.9661393398608972,1.054955830553854,260,0.9055707749220199
T01778,R0197,0.8248244778456203,0.7952915668902399,0.9034730009169762,2023-03-05,1.0,Saanvi Das,-0.3257145618671607,1,Bengaluru,2020-10-08,1.5807349196187568,2.977460227912371,-0.25240332106019747,Zone_8,0.3749277083599486,0.2886135378550845,0.0036363636363636598,Business,0,6,3,0,1,0,0,0,0,0,0,0,0,0,0,1,0,high,0,0.5217981001169711,0.5715525036511984,878,1.8835923664104781
T01779,R0262,0.7421041806149714,0.6869577749235524,0.7151296481901979,2023-10-19,0.0,Meera Singh,-0.19478731810842584,1,Ahmedabad,2019-04-21,-1.7445315308948781,0.0023974683897869183,-1.2103307712302427,Zone_10,0.0,-0.46361542252807086,0.44035034732709155,Industrial,0,3,10,0,0,0,1,0,1,0,0,0,0,0,0,0,0,low,0,-0.4253888035112213,-0.4099264676651408,1642,-0.0013742763299652765
T01780,R0004,0.6586359200909533,0.4645334805767918,0.8522307821155954,2023-09-08,0.0,Aarav Nair,-1.6349869994545092,2,Kolkata,2019-07-28,1.5027435956195032,-0.8775846282275089,-1.505077678974872,Zone_5,0.012308197259374737,-0.9072376299335215,0.44035034732709155,Business,0,4,9,0,1,0,0,0,0,0,0,0,1,0,0,0,0,high,0,0.4382889549560395,0.5671165623994989,1503,-0.5839882670507914
T01781,R0260,0.5456353464879878,0.4541916485729182,0.7624341265386301,2024-02-01,1.0,Reyansh Das,3.0783937758599453,2,Mumbai,2019-07-17,-1.3403946701714726,-0.9716101125236036,0.42919890309925784,Zone_9,0.7054238122589644,0.0957343172440192,0.9163636363636365,Business,0,3,2,0,0,1,0,0,0,0,0,0,0,0,0,0,1,low,0,-0.40707066256700825,-0.568813158919152,1660,0.724868677968787
T01782,R0231,0.5276716900581048,0.46558317309173936,0.7288950550150708,2023-03-06,0.0,Ishaan Nair,-1.6349869994545092,2,Mumbai,2019-08-26,0.5384872261741847,-0.07836801171070466,1.4792347619394985,Zone_5,0.012308197259374737,-0.9072376299335215,0.44035034732709155,Business,0,0,3,1,0,0,0,0,0,0,0,0,1,0,0,0,0,high,0,0.9799149625276694,1.353597670633128,1288,-0.14553365038478172
T01783,R0097,0.7569553926102337,0.7358970558744848,0.8483928720750227,2023-07-07,0.0,Aarav Iyer,-1.1112780244195697,2,Bengaluru,2021-01-25,1.6020052807094625,-0.8775846282275089,-1.3392825433685185,Zone_5,0.012308197259374737,-0.9072376299335215,0.44035034732709155,Business,0,4,7,1,0,0,0,0,0,0,0,0,1,0,0,0,0,high,0,0.4725049297434333,0.529581819917163,893,-0.5478038298593265
T01784,R0290,0.4472080602658135,0.34308278752174926,0.5261572218978889,2023-02-21,1.0,Ishaan Gupta,0.32892165692651354,2,Chennai,2020-05-06,-0.5888419116332098,-0.9245973703755562,0.5028856300354152,Zone_4,0.13112332813653896,1.3108734070937318,0.6290909090909091,Business,0,1,2,0,0,0,1,0,0,0,0,1,0,0,0,0,0,low,0,-0.7594704986699042,-0.8935458083113365,1021,1.5701962650910775
T01785,R0161,0.23119966347880733,0.23012633715305564,0.48074574292726985,2023-11-25,0.0,Aarav Nair,-0.002498701550705167,2,Surat,2019-03-27,0.5668477076284587,1.23798876843462,1.6634515792798927,Zone_5,0.012308197259374737,-0.9072376299335215,0.44035034732709155,Business,0,5,11,0,0,0,1,0,0,0,0,0,1,0,0,0,0,high,0,0.4078690984675333,0.848103884795765,1704,2.18398831251173
T01786,R0221,0.7317008541454033,0.5677691953823478,0.8283528681312373,2024-05-01,1.0,Diya Patel,-1.3731325119370394,0,Surat,2021-01-13,-1.0355194945380264,-1.0656355968196982,-0.0009730452730406338,Zone_10,0.0,-0.46361542252807086,0.44035034732709155,Industrial,0,2,5,1,0,0,0,0,1,0,0,0,0,0,0,0,0,low,0,-0.706602683971522,-0.7999394241252679,1204,1.0290830857753261
T01787,R0274,0.8740066596795939,0.8629197042719499,0.8802694240063833,2023-01-30,1.0,Reyansh Nair,-0.5875690493846304,0,Surat,2019-03-18,-1.5672785218056653,0.0023974683897869183,-1.7814029049854618,Zone_10,0.0,-0.46361542252807086,0.44035034732709155,Industrial,0,0,1,0,1,0,0,0,1,0,0,0,0,0,0,0,0,low,0,-0.5576587999640604,-0.5616547485077654,1414,-0.0015297015536362927
T01788,R0210,0.8136083443597723,0.7634145737520805,0.8899921796597934,2024-06-15,1.0,Meera Iyer,-0.002498701550705167,2,Mumbai,2022-01-02,-1.1206009389008487,-0.8775846282275089,-1.1182223625600463,Zone_1,0.3749277083599486,-0.0059291052863966335,0.44035034732709155,Business,0,5,6,0,0,1,0,1,0,0,0,0,0,0,0,0,0,low,0,-0.7260464596413841,-0.7942097394035293,895,0.7831375093155781
T01789,R0214,0.7080161555235255,0.5476935915674339,0.8443588667134734,2023-02-13,1.0,Aarav Kumar,-1.5040597556957742,0,Kolkata,2022-09-14,-0.2981469767269005,-1.018622854671651,0.9634276733863985,Zone_1,0.20357758267005824,1.2530096409104126,0.0,Residential,0,0,2,0,1,0,0,1,0,0,0,0,0,0,0,0,0,medium,0,-2.3747219015809806,-2.8320222327355586,152,3.4165124391138764
T01790,R0254,0.7774458863264903,0.6949914373505154,0.9111102098974955,2023-09-08,1.0,Meera Kumar,-1.765914243213244,1,Delhi,2020-03-09,0.7866414388990828,2.1782436113955663,-0.6024152740069446,Zone_6,1.0,-2.392407628638726,0.24363636363636365,Mixed,0,4,9,0,0,0,1,0,0,0,0,0,0,1,0,0,0,high,0,0.98831036337793,1.15822808822862,1278,2.769042544267758
T01791,R0078,0.06380158854767744,0.06851833276637581,0.2031474487080708,2023-01-11,1.0,Saanvi Sharma,-0.19478731810842584,2,Jaipur,2023-01-02,-1.099330577810143,-0.6895336596353198,-0.7129453644111807,Zone_5,0.012308197259374737,-0.9072376299335215,0.44035034732709155,Business,0,2,1,1,0,0,0,0,0,0,0,0,1,0,0,0,0,low,0,-0.05803676331351544,-0.18479195685863553,9,0.6272304924046276
T01792,R0135,0.5533781250329295,0.45780134416713086,0.6936645385581433,2024-07-04,1.0,Reyansh Patel,0.8526306319614528,0,Ahmedabad,2022-02-24,-0.702283837450306,-0.736546401783367,-0.9892705904217705,Zone_9,0.7054238122589644,0.0957343172440192,0.9163636363636365,Business,0,3,7,0,1,0,0,0,0,0,0,0,0,0,0,0,1,low,0,-0.7879693302383409,-0.9877267588508718,861,1.0487873456656127
T01793,R0103,0.9264675415035215,0.7675905624999613,0.9699636973250336,2023-10-22,0.0,Ishaan Gupta,0.7217033882027181,2,Surat,2022-11-24,-0.5463011894517986,-0.45446994889508313,-1.7261378597833443,Zone_9,0.7054238122589644,0.0957343172440192,0.9163636363636365,Business,0,6,10,0,0,0,1,0,0,0,0,0,0,0,0,0,1,medium,0,-1.6958914961053106,-1.77551086480037,332,0.8319036415628782
T01794,R0251,0.8764240097062997,0.9298441603433364,0.9155558438449205,2023-09-10,1.0,Vivaan Iyer,1.9000485820313315,0,Mumbai,2020-01-13,-0.2768766156361949,0.10968295688148458,0.8713192647162021,Zone_4,0.13112332813653896,1.3108734070937318,0.6290909090909091,Business,0,6,9,1,0,0,0,0,0,0,0,1,0,0,0,0,0,medium,0,-3.1653955596520533,-3.3067286731354923,1336,-0.3961438080621576
T01795,R0046,0.5468385537471522,0.47184921901093213,0.6429624481340006,2023-09-08,1.0,Vivaan Singh,-0.06386007434969102,0,Kolkata,2019-08-16,-1.5672785218056653,-0.9245973703755562,-0.25240332106019747,Zone_1,0.20357758267005824,1.2530096409104126,0.0,Residential,0,4,9,0,0,1,0,1,0,0,0,0,0,0,0,0,0,low,0,-0.34890962017213006,-0.410241344590904,1484,0.5899381364011327
T01796,R0240,0.9335289514128098,0.945488790843025,0.8818690552551951,2023-12-22,1.0,Aarav Iyer,-0.19478731810842584,1,Surat,2020-05-18,-0.5533913098153671,-1.018622854671651,0.11603031362058941,Zone_8,0.3749277083599486,0.2886135378550845,0.0036363636363636598,Business,0,4,12,1,0,0,0,0,0,0,0,0,0,0,0,1,0,medium,0,-1.686923764170188,-1.5935722871207012,1313,1.8406918153657006
T01797,R0197,0.5450320768769195,0.4052023805471496,0.6734725051612147,2024-01-04,1.0,Saanvi Das,-0.3257145618671607,1,Bengaluru,2020-10-08,1.5807349196187568,2.977460227912371,-0.25240332106019747,Zone_7,0.7081316156560269,-0.0059291052863966335,0.52,Industrial,0,3,1,0,0,1,0,0,0,0,0,0,0,0,1,0,0,high,0,0.3447966323211047,0.4260502484019544,1183,1.8835923664104781
T01798,R0083,0.5113510932843921,0.45426131642063766,0.5847679426309174,2023-08-02,0.0,Kavya Patel,1.7691213382725968,0,Mumbai,2021-12-31,0.0017782793317680683,0.7208486048060996,0.7239458108438874,Zone_4,0.13112332813653896,1.3108734070937318,0.6290909090909091,Business,0,2,8,0,0,1,0,0,0,0,0,1,0,0,0,0,0,medium,0,287.5538640917438,328.8391942617402,579,405.3629775303018
T01799,R0269,0.912850308212697,0.8130559908060256,0.9962867820861949,2023-04-15,0.0,Aadhya Sharma,1.2454123632376575,1,Mumbai,2019-05-19,0.0017782793317680683,-0.36044446459898855,-1.0998006808260066,Zone_7,0.7081316156560269,-0.0059291052863966335,0.52,Industrial,0,5,4,0,0,1,0,0,0,0,0,0,0,0,1,0,0,medium,0,513.3334746150866,560.2532539674905,1427,-202.6928268016329
T01800,R0221,0.8897243134915161,0.9109169948475584,0.9542903439165935,2023-05-24,0.0,Diya Patel,-1.3731325119370394,0,Surat,2021-01-13,-1.0355194945380264,-1.0656355968196982,-0.0009730452730406338,Zone_7,0.7081316156560269,-0.0059291052863966335,0.52,Industrial,0,2,5,0,0,0,1,0,0,0,0,0,0,0,1,0,0,low,0,-0.8592057592198653,-0.9215571014839548,861,1.0290830857753261
T01801,R0042,0.5820963316660276,0.3840261426846294,0.6498285980063552,2024-03-11,0.0,Arjun Reddy,-1.765914243213244,0,Surat,2021-05-20,-1.6239994847142134,-0.9245973703755562,-1.7998245867195015,Zone_5,0.012308197259374737,-0.9072376299335215,0.44035034732709155,Business,0,0,3,0,0,1,0,0,0,0,0,0,1,0,0,0,0,low,0,-0.35843381549376735,-0.400140889281569,1026,0.569333536788815
T01802,R0138,0.7020967110816985,0.6061995992781858,0.8641946326920644,2023-04-21,1.0,Ishaan Das,1.9000485820313315,1,Kolkata,2022-07-28,-1.6949006883498985,-1.1126483389677455,-0.8787405000175352,Zone_3,0.3749277083599486,0.6357961349550023,0.2581818181818183,Business,0,4,4,0,0,1,0,0,0,0,1,0,0,0,0,0,0,low,0,-0.4142406194697092,-0.5098792151258236,267,0.6564681615953467
T01803,R0179,0.6424629788567408,0.4941571917674392,0.7889126693243231,2023-03-18,0.0,Meera Patel,-0.4566418056258955,1,Kolkata,2022-04-11,0.15562072654148468,-0.45446994889508313,1.16606617246083,Zone_7,0.7081316156560269,-0.0059291052863966335,0.52,Industrial,0,5,3,1,0,0,0,0,0,0,0,0,0,0,1,0,0,medium,0,4.128389534831505,5.069457564278999,341,-2.920369021500054
T01804,R0121,0.79194118355814,0.639429566902543,0.871264774639658,2023-12-04,1.0,Diya Iyer,-0.3257145618671607,1,Pune,2023-07-13,0.8929932443526105,-0.6425209174872724,0.30024713096098204,Zone_8,0.3749277083599486,0.2886135378550845,0.0036363636363636598,Business,0,0,12,1,0,0,0,0,0,0,0,0,0,0,0,1,0,high,0,0.8868389414662037,0.9756678229646576,144,-0.7195137494607565
T01805,R0152,0.9159689037501882,0.7276228747896091,0.9283045376698837,2023-10-01,1.0,Arjun Patel,0.32892165692651354,0,Bengaluru,2021-05-04,-0.7731850410859912,0.015657472585389957,-0.1787165941240401,Zone_5,0.012308197259374737,-0.9072376299335215,0.44035034732709155,Business,0,6,10,1,0,0,0,0,0,0,0,0,1,0,0,0,0,low,0,-1.1846697169200886,-1.2006240270324122,880,-0.020250614993013793
T01806,R0157,0.795887207054313,0.7168575174314906,0.8646834656195035,2024-08-23,1.0,Kavya Nair,0.5907761444439832,0,Hyderabad,2021-11-23,0.474676142902068,0.1566956990295319,1.1844878541948707,Zone_1,0.20357758267005824,1.2530096409104126,0.0,Residential,0,4,8,0,0,0,1,1,0,0,0,0,0,0,0,0,0,medium,0,1.6766951930392575,1.8216282375874517,1004,0.3301107531369242
T01807,R0016,0.689925975335046,0.5812513036760499,0.7633794874157562,2024-07-21,1.0,Aarav Iyer,-0.4566418056258955,0,Delhi,2022-01-24,0.7370105963541032,1.2850015105826673,-1.7445595415173831,Zone_8,0.3749277083599486,0.2886135378550845,0.0036363636363636598,Business,0,6,7,0,0,0,1,0,0,0,0,0,0,0,0,1,0,high,0,0.9361140514777144,1.0357781708866827,909,1.7435319341938975
T01808,R0099,0.2613288745292959,0.2451042632812911,0.5336226857459687,2023-05-16,1.0,Diya Gupta,0.45984890068524836,2,Mumbai,2021-08-21,-1.219862623990808,-0.736546401783367,-0.5655719105388659,Zone_8,0.3749277083599486,0.2886135378550845,0.0036363636363636598,Business,0,1,5,0,1,0,0,0,0,0,0,0,0,0,0,1,0,low,0,-0.2142281183059389,-0.4374449017875555,633,0.6037945480891438
T01809,R0259,0.8286482093867478,0.7663996404835842,0.8162661695120601,2023-12-30,0.0,Aadhya Das,-0.002498701550705167,1,Jaipur,2019-06-25,-0.7235541985410116,0.1566956990295319,-0.8971621817515741,Zone_10,0.0,-0.46361542252807086,0.44035034732709155,Industrial,0,5,12,0,0,0,1,0,1,0,0,0,0,0,0,0,0,low,0,-1.1452469090189095,-1.1281341068270971,1649,-0.2165638722648505
T01810,R0253,0.40997179750045903,0.3162786969433174,0.5030314340613871,2023-05-17,1.0,Ishaan Gupta,-0.7184962931433652,1,Surat,2021-08-19,-0.5604814301789357,0.015657472585389957,-1.5603427241769898,Zone_4,0.13112332813653896,1.3108734070937318,0.6290909090909091,Business,0,2,5,1,0,0,0,0,0,0,0,1,0,0,0,0,0,low,0,-0.7314636586078759,-0.8974988411316187,636,-0.027935756195153965
T01811,R0283,0.6752639573061757,0.4939638940696258,0.8541910981645715,2023-07-23,1.0,Diya Nair,-1.6349869994545092,1,Surat,2023-06-15,-0.04999276400200235,1.0029250576943836,-0.8418971365494565,Zone_9,0.7054238122589644,0.0957343172440192,0.9163636363636365,Business,0,6,7,1,0,0,0,0,0,0,0,0,0,0,0,0,1,medium,0,-13.507233912474403,-17.08629469117488,38,-20.061404439534762
T01812,R0030,0.8506958072469882,0.7166306564033912,0.9127998997058686,2023-01-14,0.0,Saanvi Patel,-0.8494235369021,2,Mumbai,2021-01-08,1.3467609476209956,1.6140907056189988,-0.5287285470707872,Zone_3,0.3749277083599486,0.6357961349550023,0.2581818181818183,Business,0,5,1,0,0,1,0,0,0,0,1,0,0,0,0,0,0,high,0,0.6316605844190177,0.677774256313488,736,1.198498299546205
T01813,R0026,0.8329283452421391,0.7225340084542697,0.7832885608980293,2023-09-08,0.0,Ishaan Gupta,-0.7184962931433652,0,Surat,2020-04-17,-1.4751069570792745,-0.8775846282275089,-1.5419210424429508,Zone_5,0.012308197259374737,-0.9072376299335215,0.44035034732709155,Business,0,4,9,1,0,0,0,0,0,0,0,0,1,0,0,0,0,low,0,-0.5646562381424497,-0.5310045872530816,1239,0.5949294890216874
T01814,R0189,0.8361639642433866,0.707131876466341,0.8887380665535487,2024-02-12,1.0,Ishaan Gupta,-0.3257145618671607,0,Delhi,2019-09-16,-0.09962360654698198,0.8618868312502416,-1.3392825433685185,Zone_1,0.20357758267005824,1.2530096409104126,0.0,Residential,0,0,2,0,0,1,0,1,0,0,0,0,0,0,0,0,0,medium,0,-8.393231215224636,-8.920958569537676,1610,-8.651431735145827
T01815,R0127,0.8183504173309344,0.667419229118014,0.9463776792501233,2024-01-22,0.0,Ishaan Gupta,-0.002498701550705167,1,Chennai,2020-03-17,-1.482197077442843,-1.018622854671651,1.516078125407578,Zone_9,0.7054238122589644,0.0957343172440192,0.9163636363636365,Business,0,0,1,0,0,1,0,0,0,0,0,0,0,0,0,0,1,low,0,-0.5521198427558578,-0.6384965222592796,1406,0.6872384719777127
T01816,R0190,0.7367761048820329,0.6004836896833643,0.8397455527709521,2023-09-21,1.0,Saanvi Iyer,0.45984890068524836,2,Surat,2021-01-31,0.15562072654148468,1.0969505419904781,0.20813872229078573,Zone_6,1.0,-2.392407628638726,0.24363636363636365,Mixed,0,3,9,0,0,1,0,0,0,0,0,0,0,1,0,0,0,medium,0,4.734434295843147,5.396103536035712,963,7.048871743302509
T01817,R0249,0.7619667338638705,0.7362509461923556,0.8951089679122655,2023-06-09,1.0,Diya Nair,-1.5040597556957742,1,Surat,2023-03-24,1.020615410896844,1.1439632841385254,0.889740946450241,Zone_7,0.7081316156560269,-0.0059291052863966335,0.52,Industrial,0,4,6,0,1,0,0,0,0,0,0,0,0,0,1,0,0,high,0,0.7465757676481767,0.877028661683354,77,1.1208563695244345
T01818,R0201,0.7275831054861646,0.7149497548220655,0.7968713062407289,2024-01-31,1.0,Meera Reddy,0.7217033882027181,0,Delhi,2021-04-06,-0.48958022654325045,-0.40745720674703584,-0.0009730452730406338,Zone_4,0.13112332813653896,1.3108734070937318,0.6290909090909091,Business,0,2,1,1,0,0,0,0,0,0,0,1,0,0,0,0,0,medium,0,-1.4861366248865209,-1.6276623585620482,1030,0.832258299367898
T01819,R0292,0.7888069472018318,0.7931523847138204,0.8416724168663283,2023-08-05,0.0,Ishaan Gupta,0.7217033882027181,0,Jaipur,2020-06-28,-0.7873652818131283,-0.2194062381548466,0.7055241291098469,Zone_7,0.7081316156560269,-0.0059291052863966335,0.52,Industrial,0,5,8,0,0,1,0,0,0,0,0,0,0,0,1,0,0,low,0,-1.0018309994382577,-1.0689732406388845,1133,0.27865876642363824
T01820,R0247,0.7964470536378767,0.7005304101872903,0.7667340952633519,2024-08-01,0.0,Aadhya Das,0.7217033882027181,1,Bengaluru,2021-05-11,-0.02163228254772828,1.0969505419904781,1.6818732610139318,Zone_4,0.13112332813653896,1.3108734070937318,0.6290909090909091,Business,0,3,8,0,0,0,1,0,0,0,0,1,0,0,0,0,0,medium,0,-36.817522694641205,-35.44397562169743,1178,-50.708959610259654
T01821,R0151,0.7347554567802099,0.5395029018734265,0.8783031968489075,2023-11-20,0.0,Meera Reddy,0.32892165692651354,1,Hyderabad,2023-02-25,0.0017782793317680683,1.520065221322904,1.8292467148862463,Zone_4,0.13112332813653896,1.3108734070937318,0.6290909090909091,Business,0,0,11,0,0,1,0,0,0,0,0,1,0,0,0,0,0,medium,0,413.18337544286334,493.9062053741847,268,854.7955285582536
T01822,R0233,0.7933559558065397,0.6295475463543567,0.9021630126912459,2024-08-09,0.0,Ishaan Iyer,-0.19478731810842584,2,Hyderabad,2023-11-23,1.5381941974373456,0.8148740891021943,-0.0009730452730406338,Zone_5,0.012308197259374737,-0.9072376299335215,0.44035034732709155,Business,0,4,8,0,0,1,0,0,0,0,0,0,1,0,0,0,0,high,0,0.515770997659647,0.586507876700005,260,0.5297602152314621
T01823,R0212,0.5551391557212025,0.5032906973043919,0.7215499750690817,2024-05-15,1.0,Aadhya Iyer,0.5907761444439832,0,Ahmedabad,2023-09-11,-1.2694934665357875,-0.5484954331911778,-1.4498126337727537,Zone_6,1.0,-2.392407628638726,0.24363636363636365,Mixed,0,2,5,0,0,1,0,0,0,0,0,0,0,1,0,0,0,low,0,-0.4372918572287532,-0.5683762808469254,247,0.432058492343344
T01824,R0248,0.6639656344023178,0.5644224716930591,0.8335304861741357,2023-02-24,1.0,Vivaan Ghosh,-1.765914243213244,0,Chennai,2021-10-24,-1.0496997352651634,-0.5484954331911778,-0.6576803192090631,Zone_9,0.7054238122589644,0.0957343172440192,0.9163636363636365,Business,0,4,2,0,1,0,0,0,0,0,0,0,0,0,0,0,1,low,0,-0.6325291053203841,-0.7940656343631244,488,0.5225260279337148
T01825,R0093,0.7505811337523635,0.6699878831980898,0.8043857548252058,2024-08-22,1.0,Diya Patel,0.19799441316777866,2,Surat,2019-05-30,-0.9433479298116356,-0.2664189803028939,-0.43662013840059094,Zone_1,0.3749277083599486,-0.0059291052863966335,0.44035034732709155,Business,0,3,8,0,0,0,1,1,0,0,0,0,0,0,0,0,0,low,0,-0.7956567349463912,-0.852692553198079,1911,0.2824185773705906
T01826,R0010,0.9487925049536187,0.9049541273237112,0.9073449016979631,2023-09-20,0.0,Vivaan Gupta,-0.8494235369021,0,Surat,2023-05-14,0.0017782793317680683,-1.0656355968196982,-1.155065726028125,Zone_6,1.0,-2.392407628638726,0.24363636363636365,Mixed,0,2,9,1,0,0,0,0,0,0,0,0,0,1,0,0,0,medium,0,533.5452580502491,510.237556883613,129,-599.2509600615903
T01827,R0110,0.7953263993602628,0.6801131507820987,0.901626770418851,2023-06-01,1.0,Vivaan Patel,-1.6349869994545092,1,Kolkata,2023-02-04,-0.19888529163694124,0.2037084411775792,0.7792108560460042,Zone_1,0.20357758267005824,1.2530096409104126,0.0,Residential,0,3,6,1,0,0,0,1,0,0,0,0,0,0,0,0,0,medium,0,-3.9989201454479892,-4.533400951864967,117,-1.0242509111706584
T01828,R0090,0.686027714259349,0.6701329993058114,0.8610830495242812,2024-06-13,1.0,Kavya Iyer,0.19799441316777866,0,Surat,2021-01-31,-0.7093739578138746,0.06267021473343727,0.926584309918319,Zone_3,0.3749277083599486,0.6357961349550023,0.2581818181818183,Business,0,3,6,1,0,0,0,0,0,0,1,0,0,0,0,0,0,low,0,-0.9670889475186357,-1.2138633509720862,1229,-0.0883458069514876
T01829,R0090,0.837350599366474,0.716648807801926,0.8576203135281786,2024-08-17,1.0,Kavya Iyer,0.19799441316777866,0,Surat,2021-01-31,-0.7093739578138746,0.06267021473343727,0.926584309918319,Zone_3,0.3749277083599486,0.6357961349550023,0.2581818181818183,Business,0,5,8,1,0,0,0,0,0,0,1,0,0,0,0,0,0,low,0,-1.1804078654747825,-1.2089819538500748,1294,-0.0883458069514876
T01830,R0168,0.8420544992343106,0.8475526310876287,0.8671072725029028,2023-10-27,0.0,Diya Das,-1.1112780244195697,1,Pune,2019-10-08,1.5523744381644828,2.3662945799877555,0.042343586684432034,Zone_4,0.13112332813653896,1.3108734070937318,0.6290909090909091,Business,0,4,10,0,0,0,1,0,0,0,0,1,0,0,0,0,0,high,0,0.5424300210907558,0.558568378340579,1480,1.5243065859713887
T01831,R0221,0.693011432998392,0.5329374898450704,0.7797326946697101,2023-09-19,0.0,Diya Patel,-1.3731325119370394,0,Surat,2021-01-13,-1.0355194945380264,-1.0656355968196982,-0.0009730452730406338,Zone_5,0.012308197259374737,-0.9072376299335215,0.44035034732709155,Business,0,1,9,0,1,0,0,0,0,0,0,0,1,0,0,0,0,low,0,-0.669240353903297,-0.7529869778236963,979,1.0290830857753261
T01832,R0209,0.8458752492403464,0.7273544725667255,0.8771254506121482,2024-04-30,0.0,Vivaan Sharma,-0.06386007434969102,2,Surat,2020-06-11,-1.014249133447321,-0.1723934960067993,-0.43662013840059094,Zone_3,0.3749277083599486,0.6357961349550023,0.2581818181818183,Business,0,1,4,0,0,0,1,0,0,0,1,0,0,0,0,0,0,low,0,-0.833991591755479,-0.8648027606697534,1419,0.1699715487267441
T01833,R0135,0.7930734911096892,0.7602896562461917,0.7600658381386092,2023-09-17,0.0,Reyansh Patel,0.8526306319614528,0,Ahmedabad,2022-02-24,-0.702283837450306,-0.736546401783367,-0.9892705904217705,Zone_1,0.3749277083599486,-0.0059291052863966335,0.44035034732709155,Business,0,6,9,0,0,0,1,1,0,0,0,0,0,0,0,0,0,low,0,-1.129277720513976,-1.0822772753792613,570,1.0487873456656127
T01834,R0277,0.3263583310012533,0.305548071607162,0.6129625335081368,2023-03-25,1.0,Kavya Gupta,1.3763396069963922,0,Jaipur,2021-01-22,1.282949864348879,-0.36044446459898855,-1.7445595415173831,Zone_2,0.3225568228440141,-0.0059291052863966335,1.0,Residential,0,5,3,1,0,0,0,0,0,1,0,0,0,0,0,0,0,high,0,0.25438120387259733,0.4777759057788487,792,-0.2809497663277129
T01835,R0121,0.7873722922760173,0.7085552443091878,0.7982203074175935,2024-05-13,1.0,Diya Iyer,-0.3257145618671607,1,Pune,2023-07-13,0.8929932443526105,-0.6425209174872724,0.30024713096098204,Zone_5,0.012308197259374737,-0.9072376299335215,0.44035034732709155,Business,0,0,5,0,0,0,1,0,0,0,0,0,1,0,0,0,0,high,0,0.881722563138577,0.8938704883442605,305,-0.7195137494607565
T01836,R0030,0.7865084652370351,0.731415155168614,0.8463766970083417,2024-04-25,0.0,Saanvi Patel,-0.8494235369021,2,Mumbai,2021-01-08,1.3467609476209956,1.6140907056189988,-0.5287285470707872,Zone_3,0.3749277083599486,0.6357961349550023,0.2581818181818183,Business,0,3,4,1,0,0,0,0,0,0,1,0,0,0,0,0,0,high,0,0.5840000533326822,0.6284535488673291,1203,1.198498299546205
T01837,R0144,0.8309211475198176,0.8658783931172895,0.8482105442195351,2024-06-02,1.0,Ishaan Kumar,0.32892165692651354,2,Pune,2021-01-31,-0.41158890254399677,-0.6425209174872724,-0.8971621817515741,Zone_4,0.13112332813653896,1.3108734070937318,0.6290909090909091,Business,0,6,6,0,0,0,1,0,0,0,0,1,0,0,0,0,0,medium,0,-2.0188132925449715,-2.0608197620898334,1218,1.5610744447090386
T01838,R0288,0.5066313149780837,0.4211692692207332,0.6935342562757583,2023-09-01,0.0,Diya Ghosh,1.3763396069963922,1,Ahmedabad,2021-08-30,-1.482197077442843,-0.8775846282275089,1.0186927185885153,Zone_4,0.13112332813653896,1.3108734070937318,0.6290909090909091,Business,0,4,9,0,0,1,0,0,0,0,0,1,0,0,0,0,0,low,0,-0.34181103355847126,-0.4679096098828346,732,0.5920836315111077
T01839,R0187,0.8664197109753071,0.8125328967605435,0.9375110109946538,2024-02-04,1.0,Saanvi Reddy,-0.002498701550705167,2,Surat,2022-08-05,0.7441007167176716,0.6738358626580523,1.295017944599106,Zone_10,0.0,-0.46361542252807086,0.44035034732709155,Industrial,0,6,2,0,1,0,0,0,1,0,0,0,0,0,0,0,0,high,0,1.164384997231559,1.2599248864187915,548,0.9055707749220199
T01840,R0226,0.6796920897026614,0.6453701877764183,0.8425725091966152,2024-05-15,0.0,Aarav Iyer,-0.002498701550705167,2,Surat,2021-07-30,0.09889976363293652,-1.018622854671651,-1.394547588570636,Zone_6,1.0,-2.392407628638726,0.24363636363636365,Mixed,0,2,5,1,0,0,0,0,0,0,0,0,0,1,0,0,0,medium,0,6.872535026729872,8.519459281255692,1020,-10.299547918559632
T01841,R0154,0.9543589084590253,0.7990628500966407,0.835976419754338,2023-12-03,1.0,Kavya Patel,-1.765914243213244,2,Kolkata,2019-03-25,1.5169238363466402,2.601358290727992,1.2397528993969873,Zone_10,0.0,-0.46361542252807086,0.44035034732709155,Industrial,0,6,12,0,1,0,0,0,1,0,0,0,0,0,0,0,0,high,0,0.6291409532844467,0.55109979797516,1714,1.714890509594143
T01842,R0298,0.8283439525486515,0.7584431990134098,0.9751309645271609,2023-07-15,1.0,Vivaan Singh,0.45984890068524836,0,Ahmedabad,2020-03-25,-1.3262144294443357,-0.5955081753392251,-0.23398163932615854,Zone_5,0.012308197259374737,-0.9072376299335215,0.44035034732709155,Business,0,5,7,0,0,1,0,0,0,0,0,0,1,0,0,0,0,low,0,-0.6245927763700441,-0.7352739820028398,1207,0.44902857495581183
T01843,R0256,0.5766607586454138,0.5140755939939344,0.677147756732271,2023-11-27,0.0,Aadhya Sharma,-0.06386007434969102,0,Delhi,2021-03-25,0.09180964326936801,-0.736546401783367,-0.6576803192090631,Zone_6,1.0,-2.392407628638726,0.24363636363636365,Mixed,0,0,11,0,0,0,1,0,0,0,0,0,0,1,0,0,0,medium,0,6.281047808382181,7.375562442232026,977,-8.022538543389738
T01844,R0236,0.3358883461950576,0.2728448767154743,0.4954010563877443,2024-05-01,1.0,Arjun Gupta,-0.4566418056258955,1,Ahmedabad,2020-08-10,0.0017782793317680683,-1.0656355968196982,-1.1919090894962037,Zone_1,0.20357758267005824,1.2530096409104126,0.0,Residential,0,2,5,0,0,0,1,1,0,0,0,0,0,0,0,0,0,medium,0,188.88390602903647,278.5844988116619,1360,-599.2509600615903
T01845,R0137,0.8183504173309344,0.592057016543496,0.9084952093930467,2024-03-03,1.0,Arjun Gupta,-0.5875690493846304,1,Bengaluru,2021-08-10,-0.6101122727239153,0.3917594097697685,-1.5971860876450683,Zone_4,0.13112332813653896,1.3108734070937318,0.6290909090909091,Business,0,6,3,0,0,0,1,0,0,0,0,1,0,0,0,0,0,low,0,-1.341311187984002,-1.489062341488341,936,-0.6421103578538327
T01846,R0013,0.5126871704088586,0.39668259709657216,0.6747255796748819,2023-09-08,0.0,Ishaan Gupta,1.507266850755127,0,Kolkata,2019-04-01,-1.7445315308948781,-1.1126483389677455,-0.1787165941240401,Zone_7,0.7081316156560269,-0.0059291052863966335,0.52,Industrial,0,4,9,0,0,1,0,0,0,0,0,0,0,0,1,0,0,low,0,-0.29388243280754556,-0.3867660559444136,1621,0.6377920486177738
T01847,R0082,0.8724589797552799,0.8636792699872715,0.7903842705978872,2023-12-12,0.0,Kavya Singh,-0.002498701550705167,2,Pune,2022-12-27,0.15562072654148468,-0.03135526956265735,-0.0009730452730406338,Zone_10,0.0,-0.46361542252807086,0.44035034732709155,Industrial,0,1,12,0,1,0,0,0,1,0,0,0,0,0,0,0,0,medium,0,5.606316068205116,5.078913896390209,350,-0.20148517655390075
T01848,R0286,0.7956069235523016,0.7688645949892349,0.7700421545966403,2023-07-26,0.0,Ishaan Nair,-0.7184962931433652,1,Pune,2023-02-15,-1.5814587625328023,-1.1126483389677455,0.8713192647162021,Zone_8,0.3749277083599486,0.2886135378550845,0.0036363636363636598,Business,0,2,7,0,0,1,0,0,0,0,0,0,0,0,0,1,0,low,0,-0.5030842045341029,-0.4869188959207327,161,0.7035582370707989
T01849,R0003,0.17258610840765054,0.16790260504151014,0.3641362925489985,2023-01-21,0.0,Kavya Reddy,0.32892165692651354,1,Pune,2023-05-04,-1.468016836715706,-0.6895336596353198,-0.4550418201346307,Zone_9,0.7054238122589644,0.0957343172440192,0.9163636363636365,Business,0,5,1,0,1,0,0,0,0,0,0,0,0,0,0,0,1,low,0,-0.1175641205817269,-0.24804640072361553,-103,0.46970419029932
T01850,R0271,0.8291546752270409,0.6990915044643443,0.8615210357295189,2023-09-08,1.0,Saanvi Iyer,-1.2422052681783047,1,Bengaluru,2022-10-07,-1.3758452719893153,-0.8305718860794616,0.6686807656417689,Zone_2,0.3225568228440141,-0.0059291052863966335,1.0,Residential,0,4,9,0,1,0,0,0,0,1,0,0,0,0,0,0,0,low,0,-0.6026511062746015,-0.6261758158923334,336,0.6036811718504869
T01851,R0022,0.7354303958664965,0.5538633006739162,0.7738484953596059,2023-06-02,1.0,Aarav Nair,1.507266850755127,0,Kolkata,2020-09-14,-0.2272457730912153,-1.0656355968196982,-1.265595816432361,Zone_9,0.7054238122589644,0.0957343172440192,0.9163636363636365,Business,0,4,6,1,0,0,0,0,0,0,0,0,0,0,0,0,1,medium,0,-3.236277559148695,-3.4053372471266474,991,4.689352775736592
T01852,R0238,0.7786294760327168,0.5579600048286859,0.7585646596110216,2023-09-08,1.0,Reyansh Patel,-0.19478731810842584,1,Pune,2019-04-22,0.0017782793317680683,1.520065221322904,1.6634515792798927,Zone_10,0.0,-0.46361542252807086,0.44035034732709155,Industrial,0,4,9,1,0,0,0,0,1,0,0,0,0,0,0,0,0,medium,0,437.85555065668916,426.5722747037793,1600,854.7955285582536
T01853,R0285,0.9116731163025507,0.9166346294077198,0.9484667640860638,2024-06-24,1.0,Diya Iyer,-0.3257145618671607,0,Chennai,2019-01-10,-0.05708288436557087,-0.36044446459898855,1.773981669684128,Zone_5,0.012308197259374737,-0.9072376299335215,0.44035034732709155,Business,0,0,6,0,1,0,0,0,0,0,0,0,1,0,0,0,0,medium,0,-15.971041520326882,-16.61560684305793,1992,6.314405247825704
T01854,R0097,0.6868110968926957,0.5955277149784981,0.8402697061002269,2024-08-06,1.0,Aarav Iyer,-1.1112780244195697,2,Bengaluru,2021-01-25,1.6020052807094625,-0.8775846282275089,-1.3392825433685185,Zone_2,0.3225568228440141,-0.0059291052863966335,1.0,Residential,0,1,8,1,0,0,0,0,0,1,0,0,0,0,0,0,0,high,0,0.42871962106675154,0.5245111961978713,1289,-0.5478038298593265
T01855,R0282,0.8261040345209788,0.6477719447212352,0.9106158446857866,2023-08-10,1.0,Reyansh Kumar,-1.2422052681783047,1,Bengaluru,2022-05-02,0.474676142902068,-0.9716101125236036,-0.0009730452730406338,Zone_10,0.0,-0.46361542252807086,0.44035034732709155,Industrial,0,3,8,0,0,0,1,0,1,0,0,0,0,0,0,0,0,medium,0,1.7403529688059656,1.9183939582859102,465,-2.046890552753269
T01856,R0245,0.5793898505544836,0.47348748762072257,0.6670379719241673,2023-03-07,0.0,Diya Sharma,0.45984890068524836,0,Surat,2020-03-04,0.0017782793317680683,1.1439632841385254,1.3318613080671853,Zone_6,1.0,-2.392407628638726,0.24363636363636365,Mixed,0,1,3,0,1,0,0,0,0,0,0,0,0,1,0,0,0,medium,0,325.81487070336726,375.1030335942551,1098,643.2978574862763
T01857,R0274,0.5858481248508769,0.537600714273706,0.7847773353633785,2023-03-13,0.0,Reyansh Nair,-0.5875690493846304,0,Surat,2019-03-18,-1.5672785218056653,0.0023974683897869183,-1.7814029049854618,Zone_1,0.20357758267005824,1.2530096409104126,0.0,Residential,0,0,3,0,0,0,1,1,0,0,0,0,0,0,0,0,0,low,0,-0.3737996257205898,-0.50072614691308,1456,-0.0015297015536362927
T01858,R0196,0.6691272007286879,0.5416235505216045,0.7877476302781321,2023-02-07,1.0,Vivaan Das,-1.765914243213244,1,Hyderabad,2019-06-24,0.0017782793317680683,-0.6895336596353198,1.7002949427479706,Zone_5,0.012308197259374737,-0.9072376299335215,0.44035034732709155,Business,0,1,2,0,0,1,0,0,0,0,0,0,1,0,0,0,0,medium,0,376.2778933405265,442.98306582403325,1324,-387.75328898961305
T01859,R0297,0.518108661556823,0.43832827355779763,0.6380867101242278,2023-04-22,0.0,Saanvi Gupta,2.0309758257900663,1,Pune,2023-09-20,1.020615410896844,0.0023974683897869183,-0.25240332106019747,Zone_2,0.3225568228440141,-0.0059291052863966335,1.0,Residential,0,5,4,1,0,0,0,0,0,1,0,0,0,0,0,0,0,high,0,0.507643384594346,0.6251979965337999,-151,0.0023490419252832897
T01860,R0145,0.8008916174583449,0.7602038694626758,0.7706125702420767,2023-07-08,0.0,Saanvi Nair,0.5907761444439832,0,Jaipur,2022-12-09,-0.21306553236407827,0.9088995733982889,0.5397289935034931,Zone_5,0.012308197259374737,-0.9072376299335215,0.44035034732709155,Business,0,5,7,0,0,1,0,0,0,0,0,0,1,0,0,0,0,medium,0,-3.758898065642132,-3.6167866369173374,211,-4.2658217089998205
T01861,R0041,0.27678713228871565,0.1953929390862504,0.551350707058623,2023-07-12,1.0,Aarav Nair,-0.8494235369021,2,Pune,2021-01-31,0.7157402352633976,-0.736546401783367,1.3502829898012243,Zone_2,0.3225568228440141,-0.0059291052863966335,1.0,Residential,0,2,7,0,0,1,0,0,0,1,0,0,0,0,0,0,0,high,0,0.3867145070960779,0.7703223598373256,892,-1.0290694381772636
T01862,R0217,0.8351717982519755,0.867958826623267,0.8113643219983457,2023-01-05,0.0,Kavya Iyer,0.9835578757201877,2,Jaipur,2023-03-03,-1.0496997352651634,-0.8775846282275089,-0.8971621817515741,Zone_1,0.3749277083599486,-0.0059291052863966335,0.44035034732709155,Business,0,3,1,0,0,0,1,1,0,0,0,0,0,0,0,0,0,low,0,-0.7956292358604852,-0.7729489631560096,-57,0.836033961660306
T01863,R0006,0.5314702258992581,0.4566934852200955,0.6245693916349584,2024-01-19,1.0,Aarav Das,1.7691213382725968,0,Jaipur,2023-06-30,-0.028722402911296796,-0.5014826910431305,1.16606617246083,Zone_4,0.13112332813653896,1.3108734070937318,0.6290909090909091,Business,0,4,1,1,0,0,0,0,0,0,0,1,0,0,0,0,0,medium,0,-18.503682562374536,-21.745025775308974,203,17.459635692454288
T01864,R0199,0.7735693321903101,0.7229571338070552,0.8305398193086375,2024-01-29,1.0,Aarav Das,-0.3257145618671607,1,Ahmedabad,2021-08-03,0.651929151991281,0.1566956990295319,-0.1787165941240401,Zone_9,0.7054238122589644,0.0957343172440192,0.9163636363636365,Business,0,0,1,0,0,1,0,0,0,0,0,0,0,0,0,0,1,high,0,1.1865849683627216,1.2739725118470318,909,0.24035694454054354
T01865,R0213,0.3588841174916074,0.25886066451954565,0.5352463103177716,2023-11-20,0.0,Kavya Ghosh,-0.3257145618671607,1,Chennai,2019-06-04,1.4460226327109549,0.10968295688148458,-0.49188518360270855,Zone_5,0.012308197259374737,-0.9072376299335215,0.44035034732709155,Business,0,0,11,1,0,0,0,0,0,0,0,0,1,0,0,0,0,high,0,0.24818706801205695,0.37015071424871804,1630,0.07585148005315424
T01866,R0208,0.7882338410871973,0.804525535986689,0.761254005169562,2024-03-08,0.0,Aadhya Iyer,-0.9803507806608349,2,Chennai,2020-01-08,0.7370105963541032,1.379026994878762,1.3687046715352633,Zone_1,0.3749277083599486,-0.0059291052863966335,0.44035034732709155,Business,0,4,3,0,1,0,0,1,0,0,0,0,0,0,0,0,0,high,0,1.0695013680759666,1.0328942472949343,1521,1.8711087760483112
T01867,R0139,0.8652889711770485,0.82213862551276,0.9624341399533376,2023-09-06,1.0,Diya Gupta,1.638194094513862,1,Kolkata,2021-01-31,-0.688103596723169,-0.7835591439314143,0.7055241291098469,Zone_1,0.20357758267005824,1.2530096409104126,0.0,Residential,0,2,9,0,1,0,0,1,0,0,0,0,0,0,0,0,0,low,0,-1.2574981082756393,-1.3986762233718342,948,1.1387226395310472
T01868,R0243,0.7131091157205286,0.6099116112914201,0.7383178146996465,2023-08-17,1.0,Ishaan Patel,0.19799441316777866,1,Jaipur,2023-02-06,0.44631566144779394,-0.5955081753392251,-0.5655719105388659,Zone_2,0.3225568228440141,-0.0059291052863966335,1.0,Residential,0,3,8,0,1,0,0,0,0,1,0,0,0,0,0,0,0,medium,0,1.5977685242038986,1.6542502951938387,192,-1.334275775596735
T01869,R0172,0.9140232732128101,0.9253427310761304,0.987999436585334,2024-06-29,0.0,Reyansh Reddy,-0.06386007434969102,2,Pune,2021-01-31,-0.5959320319967782,-0.45446994889508313,-0.5287285470707872,Zone_4,0.13112332813653896,1.3108734070937318,0.6290909090909091,Business,0,5,6,0,0,1,0,0,0,0,0,1,0,0,0,0,0,low,0,-1.533771007660403,-1.6579062435608014,1245,0.7626204407443903
T01870,R0295,0.711734573192111,0.6419531344098665,0.6902451384775188,2023-12-26,0.0,Kavya Gupta,-1.765914243213244,0,Delhi,2019-05-29,-1.0922404574465745,-0.2664189803028939,-0.7682104096132991,Zone_1,0.20357758267005824,1.2530096409104126,0.0,Residential,0,1,12,0,1,0,0,1,0,0,0,0,0,0,0,0,0,low,0,-0.6516280992337482,-0.6319534620528202,1672,0.2439197142776827
T01871,R0055,0.7786294760327168,0.7917094377387691,0.908631827064817,2024-04-05,1.0,Kavya Singh,0.06706716940904384,1,Delhi,2021-11-07,1.226228901440331,-0.5484954331911778,0.3370904944290615,Zone_1,0.3749277083599486,-0.0059291052863966335,0.44035034732709155,Business,0,4,4,0,0,0,1,1,0,0,0,0,0,0,0,0,0,high,0,0.6349788975925597,0.740996910118116,880,-0.4473026467953201
T01872,R0197,0.47529249217177877,0.34995757080320977,0.5891875927336387,2023-09-08,0.0,Saanvi Das,-0.3257145618671607,1,Bengaluru,2020-10-08,1.5807349196187568,2.977460227912371,-0.25240332106019747,Zone_5,0.012308197259374737,-0.9072376299335215,0.44035034732709155,Business,0,4,9,1,0,0,0,0,0,0,0,0,1,0,0,0,0,high,0,0.30067817587430173,0.3727301683673437,1065,1.8835923664104781
T01873,R0150,0.7824467915785274,0.6402886363663691,0.906724706122932,2023-09-08,0.0,Ishaan Gupta,0.19799441316777866,1,Pune,2022-02-27,-0.2626963749090579,-0.36044446459898855,1.7371383062160501,Zone_7,0.7081316156560269,-0.0059291052863966335,0.52,Industrial,0,4,9,0,0,1,0,0,0,0,0,0,0,0,1,0,0,medium,0,-2.978521465510898,-3.4516072269243474,558,1.3720953124068416
T01874,R0281,0.5874429387664885,0.4655286977079426,0.6211677719733699,2023-06-05,1.0,Arjun Iyer,-1.3731325119370394,0,Jaipur,2020-10-15,0.11308000436007357,-0.3134317224509412,1.3502829898012243,Zone_5,0.012308197259374737,-0.9072376299335215,0.44035034732709155,Business,0,0,6,1,0,0,0,0,0,0,0,0,1,0,0,0,0,medium,0,5.194932049135148,5.493170746575357,963,-2.7717696353539236
T01875,R0056,0.5444276911327245,0.4258812928836396,0.660891956891628,2023-05-26,1.0,Meera Patel,1.1144851194789225,2,Hyderabad,2021-02-26,-1.1276910592644172,-0.5014826910431305,-1.394547588570636,Zone_10,0.0,-0.46361542252807086,0.44035034732709155,Industrial,0,4,5,0,0,0,1,0,1,0,0,0,0,0,0,0,0,low,0,-0.48278088813424647,-0.5860576364972886,819,0.4446986494423776
T01876,R0017,0.9171307439845885,0.8654617302749515,0.8485321706660649,2023-06-17,0.0,Meera Das,2.2928303133075363,0,Mumbai,2023-03-18,0.0017782793317680683,-0.12538075385875197,-0.3260900479963549,Zone_4,0.13112332813653896,1.3108734070937318,0.6290909090909091,Business,0,5,6,1,0,0,0,0,0,0,0,1,0,0,0,0,0,medium,0,515.7405406453912,477.1647263213733,91,-70.50678238164707
T01877,R0281,0.3118908567260499,0.21206058591545235,0.514468574279783,2023-05-04,1.0,Arjun Iyer,-1.3731325119370394,0,Jaipur,2020-10-15,0.11308000436007357,-0.3134317224509412,1.3502829898012243,Zone_1,0.20357758267005824,1.2530096409104126,0.0,Residential,0,3,5,0,0,1,0,1,0,0,0,0,0,0,0,0,0,medium,0,2.7581433029743736,4.549598111453842,931,-2.7717696353539236
T01878,R0097,0.689925975335046,0.4832217173070542,0.7814410119340724,2024-06-19,1.0,Aarav Iyer,-1.1112780244195697,2,Bengaluru,2021-01-25,1.6020052807094625,-0.8775846282275089,-1.3392825433685185,Zone_10,0.0,-0.46361542252807086,0.44035034732709155,Industrial,0,2,6,0,0,1,0,0,1,0,0,0,0,0,0,0,0,high,0,0.43066398322326754,0.487789285930446,1241,-0.5478038298593265
T01879,R0195,0.8201761249261168,0.7295436703406729,0.7721135435479161,2023-03-24,1.0,Aadhya Reddy,0.19799441316777866,1,Kolkata,2021-01-31,-1.276583586899356,-0.6425209174872724,1.773981669684128,Zone_3,0.3749277083599486,0.6357961349550023,0.2581818181818183,Business,0,4,3,0,0,0,1,0,0,0,1,0,0,0,0,0,0,low,0,-0.6424774165538275,-0.6048280359167647,782,0.5033128453796483
T01880,R0057,0.7512241859315797,0.6595090621334234,0.7956569170478367,2023-11-17,1.0,Aadhya Reddy,0.9835578757201877,1,Bengaluru,2023-06-04,1.0986067348960975,-0.5955081753392251,-0.6392586374750233,Zone_4,0.13112332813653896,1.3108734070937318,0.6290909090909091,Business,0,4,11,0,1,0,0,0,0,0,0,1,0,0,0,0,0,high,0,0.6837971787990431,0.7242417980653352,166,-0.5420576412136653
T01881,R0213,0.25698286273586846,0.2430312715697272,0.4310796192870062,2023-09-08,1.0,Kavya Ghosh,-0.3257145618671607,1,Chennai,2019-06-04,1.4460226327109549,0.10968295688148458,-0.49188518360270855,Zone_6,1.0,-2.392407628638726,0.24363636363636365,Mixed,0,4,9,0,0,0,1,0,0,0,0,0,0,1,0,0,0,high,0,0.17771704046850606,0.29811401947342453,1557,0.07585148005315424
T01882,R0022,0.8058205183641735,0.6619111009184198,0.8018000952258699,2023-05-11,1.0,Aarav Nair,1.507266850755127,0,Kolkata,2020-09-14,-0.2272457730912153,-1.0656355968196982,-1.265595816432361,Zone_8,0.3749277083599486,0.2886135378550845,0.0036363636363636598,Business,0,3,5,0,0,0,1,0,0,0,0,0,0,0,0,1,0,medium,0,-3.5460308343808937,-3.528338874334228,969,4.689352775736592
T01883,R0010,0.2374519194309186,0.2372182261196336,0.527649110083231,2024-05-14,0.0,Vivaan Gupta,-0.8494235369021,0,Surat,2023-05-14,0.0017782793317680683,-1.0656355968196982,-1.155065726028125,Zone_6,1.0,-2.392407628638726,0.24363636363636365,Mixed,0,1,5,0,0,1,0,0,0,0,0,0,0,1,0,0,0,medium,0,133.5290329190466,296.7189128597765,366,-599.2509600615903
T01884,R0265,0.6187707362496621,0.556001740060745,0.7338377342482152,2023-02-27,0.0,Kavya Das,0.9835578757201877,0,Bengaluru,2020-11-26,-0.5392110690882301,0.015657472585389957,-1.3761259068365972,Zone_1,0.20357758267005824,1.2530096409104126,0.0,Residential,0,0,2,0,0,1,0,1,0,0,0,0,0,0,0,0,0,medium,0,-1.1475482825231351,-1.3609470879169556,823,-0.02903774325676529
T01885,R0198,0.6637138005970505,0.500942380918623,0.8283528681312373,2023-10-22,0.0,Vivaan Kumar,-0.06386007434969102,2,Mumbai,2021-12-10,-0.35486793963544866,-0.03135526956265735,-0.2892466845282762,Zone_7,0.7081316156560269,-0.0059291052863966335,0.52,Industrial,0,6,10,0,1,0,0,0,0,0,0,0,0,0,1,0,0,medium,0,-1.8703120977309906,-2.334256706825062,681,0.08835757210095739
T01886,R0293,0.6560670701437784,0.5334175267575231,0.8515794296626755,2024-08-17,1.0,Arjun Kumar,0.9835578757201877,0,Delhi,2019-10-01,-0.028722402911296796,0.9559123155463362,-0.0009730452730406338,Zone_6,1.0,-2.392407628638726,0.24363636363636365,Mixed,0,5,8,0,0,0,1,0,0,0,0,0,0,1,0,0,0,medium,0,-22.841649849767304,-29.648613742123267,1782,-33.281070476536165
T01887,R0222,0.6914723469874183,0.6774947866293446,0.7875653622457992,2024-01-21,1.0,Aarav Singh,-0.5875690493846304,1,Surat,2022-08-28,1.5807349196187568,-0.5484954331911778,-1.0445356356238888,Zone_5,0.012308197259374737,-0.9072376299335215,0.44035034732709155,Business,0,6,1,0,0,1,0,0,0,0,0,0,1,0,0,0,0,high,0,0.4374372568135512,0.49822734506032484,511,-0.34698761087878316
T01888,R0046,0.814138653569667,0.7282040895597849,0.8654919132833125,2024-06-29,1.0,Vivaan Singh,-0.06386007434969102,0,Kolkata,2019-08-16,-1.5672785218056653,-0.9245973703755562,-0.25240332106019747,Zone_10,0.0,-0.46361542252807086,0.44035034732709155,Industrial,0,5,6,0,0,0,1,0,1,0,0,0,0,0,0,0,0,low,0,-0.5194600973869634,-0.5522259772220813,1779,0.5899381364011327
T01889,R0018,0.678891426552935,0.5709286768551816,0.8167424287720819,2023-08-24,1.0,Aarav Reddy,2.2928303133075363,0,Delhi,2023-01-09,1.3751214290752698,2.9304474857643235,-1.3208608616344786,Zone_3,0.3749277083599486,0.6357961349550023,0.2581818181818183,Business,0,3,8,0,0,0,1,0,0,0,1,0,0,0,0,0,0,high,0,0.49369562003660306,0.5939420414103488,227,2.131046338020466
T01890,R0256,0.7430935919767472,0.5527621649943393,0.8404672601827299,2023-08-01,1.0,Aadhya Sharma,-0.06386007434969102,0,Delhi,2021-03-25,0.09180964326936801,-0.736546401783367,-0.6576803192090631,Zone_3,0.3749277083599486,0.6357961349550023,0.2581818181818183,Business,0,1,8,0,1,0,0,0,0,0,1,0,0,0,0,0,0,medium,0,8.0938512068555,9.154455134051796,859,-8.022538543389738
T01892,R0202,0.8700119990136053,0.9279327355482309,0.7966550707180999,2023-09-08,1.0,Aadhya Reddy,-0.5875690493846304,1,Ahmedabad,2021-10-28,0.46049590217493097,-1.1126483389677455,1.3134396263331447,Zone_4,0.13112332813653896,1.3108734070937318,0.6290909090909091,Business,0,4,9,1,0,0,0,0,0,0,0,1,0,0,0,0,0,medium,0,1.889293682972035,1.7299938326388633,680,-2.416195961164228
T01893,R0242,0.7220107673610215,0.5611713842084088,0.7304415719250323,2023-05-01,1.0,Kavya Iyer,0.32892165692651354,1,Ahmedabad,2022-06-05,1.3680313087117013,-0.736546401783367,0.9818493551204374,Zone_8,0.3749277083599486,0.2886135378550845,0.0036363636363636598,Business,0,0,5,0,0,0,1,0,0,0,0,0,0,0,0,1,0,high,0,0.5277735697737441,0.5339362975639071,330,-0.5383987903588153
T01895,R0184,0.5688957315505729,0.37156330669793225,0.7143449200156036,2023-03-11,1.0,Meera Nair,-0.3257145618671607,0,Surat,2020-03-04,0.2336120505407384,0.1566956990295319,-0.06818650371980403,Zone_2,0.3225568228440141,-0.0059291052863966335,1.0,Residential,0,5,3,0,0,1,0,0,0,1,0,0,0,0,0,0,0,medium,0,2.4352156929993907,3.0578256488144335,1102,0.6707517812836737
T01896,R0209,0.79420188740111,0.6949447135259315,0.7785524378960058,2024-07-28,1.0,Vivaan Sharma,-0.06386007434969102,2,Surat,2020-06-11,-1.014249133447321,-0.1723934960067993,-0.43662013840059094,Zone_8,0.3749277083599486,0.2886135378550845,0.0036363636363636598,Business,0,6,7,1,0,0,0,0,0,0,0,0,0,0,0,1,0,low,0,-0.7830441862954375,-0.7676145950943946,1508,0.1699715487267441
T01897,R0235,0.030552194926178586,0.03743448126622387,0.12080072093604013,2023-07-21,0.0,Aarav Ghosh,0.32892165692651354,2,Delhi,2021-02-15,0.22652193017716984,-0.736546401783367,0.09760863188654885,Zone_2,0.3225568228440141,-0.0059291052863966335,1.0,Residential,0,4,7,0,1,0,0,0,0,1,0,0,0,0,0,0,0,medium,0,0.134875218934797,0.5332848825787337,886,-3.2515456724533967
T01898,R0265,0.7765553712773704,0.6321595573916827,0.8789790628981278,2024-05-05,1.0,Kavya Das,0.9835578757201877,0,Bengaluru,2020-11-26,-0.5392110690882301,0.015657472585389957,-1.3761259068365972,Zone_6,1.0,-2.392407628638726,0.24363636363636365,Mixed,0,6,5,0,0,1,0,0,0,0,0,0,0,1,0,0,0,medium,0,-1.4401695658630926,-1.6301205841052606,1256,-0.02903774325676529
T01899,R0177,0.5805834657064453,0.47666838697007696,0.7444772700293529,2024-07-22,1.0,Ishaan Reddy,0.32892165692651354,2,Bengaluru,2023-02-15,1.679996604708716,1.8491544163592353,0.8713192647162021,Zone_10,0.0,-0.46361542252807086,0.44035034732709155,Industrial,0,0,7,0,0,1,0,0,1,0,0,0,0,0,0,0,0,high,0,0.345586094685655,0.4431421277535457,523,1.100689377095407
T01900,R0150,0.7220107673610215,0.7052912345418146,0.753224812809737,2023-06-20,1.0,Ishaan Gupta,0.19799441316777866,1,Pune,2022-02-27,-0.2626963749090579,-0.36044446459898855,1.7371383062160501,Zone_4,0.13112332813653896,1.3108734070937318,0.6290909090909091,Business,0,1,6,0,1,0,0,0,0,0,0,1,0,0,0,0,0,medium,0,-2.7484610992860956,-2.8672828586633283,478,1.3720953124068416
T01901,R0225,0.7723672318400473,0.6176904750374834,0.7834131123423376,2023-05-26,1.0,Ishaan Sharma,0.9835578757201877,0,Delhi,2020-06-15,1.5098337159830717,-0.6895336596353198,0.13445199535462835,Zone_6,1.0,-2.392407628638726,0.24363636363636365,Mixed,0,4,5,0,0,1,0,0,0,0,0,0,0,1,0,0,0,high,0,0.5115578117403142,0.5188737700378133,1075,-0.4566950998218739
T01902,R0261,0.7585297108454699,0.744433660631171,0.7461813410382021,2023-10-07,1.0,Aarav Kumar,-0.06386007434969102,1,Pune,2022-08-26,1.5949151603458938,2.7894092593201814,0.42919890309925784,Zone_1,0.20357758267005824,1.2530096409104126,0.0,Residential,0,5,10,0,0,1,0,1,0,0,0,0,0,0,0,0,0,high,0,0.4755925140751471,0.4678501776084288,407,1.7489389584303872
T01903,R0227,0.48341353054555825,0.3285704151505787,0.6300577346409117,2023-06-18,0.0,Arjun Nair,-0.8494235369021,2,Pune,2020-07-11,0.4817662632656365,-0.03135526956265735,0.20813872229078573,Zone_4,0.13112332813653896,1.3108734070937318,0.6290909090909091,Business,0,6,6,1,0,0,0,0,0,0,0,1,0,0,0,0,0,medium,0,1.0034192250589649,1.30780791990308,1072,-0.06508398772076049
T01904,R0034,0.6329145211711154,0.47859669179182984,0.8319709094798498,2023-07-21,1.0,Arjun Iyer,-0.7184962931433652,2,Chennai,2021-01-31,1.6445460028908734,1.1439632841385254,-1.6708728145812257,Zone_5,0.012308197259374737,-0.9072376299335215,0.44035034732709155,Business,0,4,7,0,1,0,0,0,0,0,0,0,1,0,0,0,0,high,0,0.3848566838863391,0.5058970123166914,901,0.695610388598193
T01905,R0196,0.7123863932984057,0.49014794192156086,0.8354230074839772,2023-12-17,1.0,Vivaan Das,-1.765914243213244,1,Hyderabad,2019-06-24,0.0017782793317680683,-0.6895336596353198,1.7002949427479706,Zone_8,0.3749277083599486,0.2886135378550845,0.0036363636363636598,Business,0,6,12,0,0,1,0,0,0,0,0,0,0,0,0,1,0,medium,0,400.6043260875725,469.7929018009512,1637,-387.75328898961305
T01906,R0295,0.19449400754132198,0.1459908755139463,0.49886019595281533,2024-06-13,0.0,Kavya Gupta,-1.765914243213244,0,Delhi,2019-05-29,-1.0922404574465745,-0.2664189803028939,-0.7682104096132991,Zone_4,0.13112332813653896,1.3108734070937318,0.6290909090909091,Business,0,3,6,0,1,0,0,0,0,0,0,1,0,0,0,0,0,low,0,-0.17806885490765242,-0.45673110948393564,1842,0.2439197142776827
T01907,R0237,0.8316752926832759,0.7139029711231759,0.9524946093978113,2023-03-10,1.0,Aadhya Nair,1.1144851194789225,1,Chennai,2022-12-13,-1.5318279199878226,-0.9716101125236036,-0.547150228804827,Zone_8,0.3749277083599486,0.2886135378550845,0.0036363636363636598,Business,0,4,3,0,0,0,1,0,0,0,0,0,0,0,0,1,0,low,0,-0.5429299739424304,-0.6218026169710911,87,0.6342815011044631
T01908,R0008,0.9450873189008723,0.8545600762276444,0.9395623861238571,2024-08-12,0.0,Ishaan Ghosh,-0.4566418056258955,0,Jaipur,2022-10-01,-0.2626963749090579,-0.03135526956265735,0.023921904950391464,Zone_6,1.0,-2.392407628638726,0.24363636363636365,Mixed,0,0,8,0,0,0,1,0,0,0,0,0,0,1,0,0,0,medium,0,-3.5976412663785307,-3.5766096370729192,681,0.11935935383010954
T01909,R0232,0.7622774047399289,0.7007158707390441,0.8791318955001957,2023-01-16,0.0,Meera Das,0.8526306319614528,1,Jaipur,2022-12-08,-0.5675715505425042,-0.40745720674703584,-0.12345154892192248,Zone_5,0.012308197259374737,-0.9072376299335215,0.44035034732709155,Business,0,0,1,0,0,0,1,0,0,0,0,0,1,0,0,0,0,low,0,-1.3430507642804124,-1.5489358031773994,39,0.7178957549186079
T01910,R0183,0.5978805807056108,0.42184112179280175,0.8118673673031074,2023-10-11,0.0,Arjun Patel,1.507266850755127,2,Jaipur,2022-08-27,1.091516614532529,1.9901926428033772,-0.39977677493251224,Zone_4,0.13112332813653896,1.3108734070937318,0.6290909090909091,Business,0,2,10,1,0,0,0,0,0,0,0,1,0,0,0,0,0,high,0,0.5477521576358864,0.743797535002077,410,1.8233278507223913
T01911,R0292,0.48559376378791086,0.43326101235175835,0.6346856911508956,2023-04-16,1.0,Ishaan Gupta,0.7217033882027181,0,Jaipur,2020-06-28,-0.7873652818131283,-0.2194062381548466,0.7055241291098469,Zone_6,1.0,-2.392407628638726,0.24363636363636365,Mixed,0,6,4,0,0,0,1,0,0,0,0,0,0,1,0,0,0,low,0,-0.6167325065053614,-0.8060879820473601,1022,0.27865876642363824
T01912,R0270,0.10344658843822525,0.12316836318359384,0.3217614583837288,2023-02-11,0.0,Aadhya Reddy,0.45984890068524836,1,Hyderabad,2022-01-02,1.4389325123473864,1.8961671585072826,-1.7077161780493044,Zone_9,0.7054238122589644,0.0957343172440192,0.9163636363636365,Business,0,5,2,0,0,0,1,0,0,0,0,0,0,0,0,0,1,high,0,0.07189120236741946,0.22361122264089153,405,1.3177596184924556
T01913,R0224,0.7678195425960014,0.5778668077862894,0.8067295155841987,2023-05-08,0.0,Ishaan Sharma,-0.3257145618671607,0,Ahmedabad,2020-08-04,-0.3690481803625857,-1.0656355968196982,0.558150675237532,Zone_1,0.20357758267005824,1.2530096409104126,0.0,Residential,0,0,5,0,0,0,1,1,0,0,0,0,0,0,0,0,0,medium,0,-2.080540112246665,-2.185973427078264,1007,2.8875243220891194
T01914,R0089,0.8848532869452657,0.7109367384571759,0.9318306419343856,2023-12-22,0.0,Saanvi Reddy,2.161903069548801,2,Surat,2022-09-21,0.3966848189028143,-0.8305718860794616,-0.1787165941240401,Zone_1,0.3749277083599486,-0.0059291052863966335,0.44035034732709155,Business,0,4,12,1,0,0,0,1,0,0,0,0,0,0,0,0,0,medium,0,2.2306204946099792,2.3490453819526658,457,-2.0937828888353485
T01915,R0252,0.6687139553838203,0.5683345999025406,0.8440733980156898,2023-08-05,1.0,Reyansh Gupta,-0.002498701550705167,2,Ahmedabad,2021-01-31,0.9922549294425698,1.0969505419904781,1.516078125407578,Zone_6,1.0,-2.392407628638726,0.24363636363636365,Mixed,0,5,8,0,0,1,0,0,0,0,0,0,0,1,0,0,0,high,0,0.6739336188125478,0.8506618339400687,916,1.1055128167584156
T01916,R0140,0.13879676358627124,0.1448614931418765,0.39065600909550496,2024-05-21,0.0,Aadhya Nair,-0.3257145618671607,1,Delhi,2020-04-17,1.7508978083444013,1.0029250576943836,1.6818732610139318,Zone_6,1.0,-2.392407628638726,0.24363636363636365,Mixed,0,1,5,0,0,1,0,0,0,0,0,0,0,1,0,0,0,high,0,0.07927176727550621,0.22311753846153823,1495,0.5728061643087672
T01917,R0001,0.4948768260793734,0.38710467711862306,0.6845537706720977,2023-01-09,0.0,Aarav Das,-1.1112780244195697,1,Pune,2020-06-29,-1.3900255127164522,-1.1126483389677455,-0.4550418201346307,Zone_4,0.13112332813653896,1.3108734070937318,0.6290909090909091,Business,0,0,1,0,0,0,1,0,0,0,0,1,0,0,0,0,0,low,0,-0.35601995902381833,-0.4924756879708711,924,0.8004517390428012
T01918,R0024,0.586380595060952,0.49582949570571555,0.7741277748856021,2023-08-27,1.0,Meera Kumar,1.2454123632376575,2,Chennai,2021-01-31,-0.7944554021766967,-0.36044446459898855,-0.0009730452730406338,Zone_9,0.7054238122589644,0.0957343172440192,0.9163636363636365,Business,0,6,8,0,0,1,0,0,0,0,0,0,0,0,0,0,1,low,0,-0.7380912678727479,-0.9744131297547984,938,0.45370006121353207
T01919,R0100,0.3131212551732954,0.24106605394184738,0.5307941730676835,2024-01-06,0.0,Ishaan Gupta,-0.4566418056258955,1,Delhi,2021-05-24,0.9284438461704532,1.7081161899150934,-0.39977677493251224,Zone_5,0.012308197259374737,-0.9072376299335215,0.44035034732709155,Business,0,5,1,0,1,0,0,0,0,0,0,0,1,0,0,0,0,high,0,0.3372538430458932,0.5717030440312002,957,1.8397625197911
T01920,R0174,0.6495551521574605,0.507077194938284,0.8174223785362447,2023-01-03,0.0,Aadhya Patel,0.06706716940904384,1,Kolkata,2019-02-07,0.4817662632656365,-0.7835591439314143,-0.3813550931984733,Zone_3,0.3749277083599486,0.6357961349550023,0.2581818181818183,Business,0,1,1,0,0,1,0,0,0,0,1,0,0,0,0,0,0,medium,0,1.3482786190848497,1.6967198429283412,1426,-1.6264300837922625
T01921,R0149,0.8427834033706186,0.6650360630025665,0.8074089122072294,2023-08-15,0.0,Diya Reddy,-0.19478731810842584,1,Jaipur,2019-09-14,-1.156051540718691,-0.736546401783367,1.0371144003225559,Zone_8,0.3749277083599486,0.2886135378550845,0.0036363636363636598,Business,0,1,8,1,0,0,0,0,0,0,0,0,0,0,0,1,0,low,0,-0.72901888340262,-0.6984194767867197,1431,0.6371224602369137
T01922,R0008,0.10577165449232925,0.11859722974930037,0.3590590078763493,2024-03-25,0.0,Ishaan Ghosh,-0.4566418056258955,0,Jaipur,2022-10-01,-0.2626963749090579,-0.03135526956265735,0.023921904950391464,Zone_3,0.3749277083599486,0.6357961349550023,0.2581818181818183,Business,0,0,3,0,1,0,0,0,0,0,1,0,0,0,0,0,0,medium,0,-0.4026384244127695,-1.3668213274760679,541,0.11935935383010954
T01923,R0204,0.5895573176791039,0.5245921568864631,0.7965252005063961,2023-09-02,0.0,Aarav Kumar,0.7217033882027181,0,Hyderabad,2019-01-01,1.3184004661667217,-0.8775846282275089,-0.5103068653367483,Zone_8,0.3749277083599486,0.2886135378550845,0.0036363636363636598,Business,0,5,9,1,0,0,0,0,0,0,0,0,0,0,0,1,0,high,0,0.44717620541598774,0.6041602843347823,1705,-0.6656434450293434
T01924,R0142,0.36522743139596114,0.23470673546517928,0.5788797591558892,2023-02-25,0.0,Meera Nair,0.19799441316777866,0,Kolkata,2021-03-04,-1.2340428647179449,-0.8775846282275089,-0.9708489086877315,Zone_2,0.3225568228440141,-0.0059291052863966335,1.0,Residential,0,5,2,0,1,0,0,0,0,1,0,0,0,0,0,0,0,low,0,-0.2959600852110094,-0.46909210020690734,723,0.7111459847288946
T01925,R0039,0.5126871704088586,0.45938955110354535,0.7471230262372366,2023-04-03,0.0,Aadhya Iyer,-0.9803507806608349,1,Chennai,2023-11-18,-0.4399493839982708,-0.45446994889508313,0.3555121761631005,Zone_9,0.7054238122589644,0.0957343172440192,0.9163636363636365,Business,0,0,4,1,0,0,0,0,0,0,0,0,0,0,0,0,1,medium,0,-1.1653321701454493,-1.698202232828159,-229,1.0330050806409798
T01926,R0155,0.6832709856501412,0.5827655276840562,0.7290226849006944,2024-04-19,0.0,Meera Reddy,-1.1112780244195697,1,Hyderabad,2019-02-10,0.7157402352633976,-0.736546401783367,-1.5971860876450683,Zone_4,0.13112332813653896,1.3108734070937318,0.6290909090909091,Business,0,4,4,0,0,1,0,0,0,0,0,1,0,0,0,0,0,high,0,0.9546354277522103,1.0185576400248182,1895,-1.0290694381772636
T01927,R0150,0.8581896504516925,0.6446179007028976,0.926216951922405,2023-02-26,1.0,Ishaan Gupta,0.19799441316777866,1,Pune,2022-02-27,-0.2626963749090579,-0.36044446459898855,1.7371383062160501,Zone_10,0.0,-0.46361542252807086,0.44035034732709155,Industrial,0,6,2,1,0,0,0,0,1,0,0,0,0,0,0,0,0,medium,0,-3.2668499926913217,-3.5258078922598357,364,1.3720953124068416
T01928,R0073,0.785063657921399,0.624706196904985,0.857090838520925,2023-09-03,0.0,Meera Das,1.2454123632376575,2,Ahmedabad,2021-06-19,1.6870867250722845,0.29773392547367383,-1.8366679501875802,Zone_9,0.7054238122589644,0.0957343172440192,0.9163636363636365,Business,0,6,9,1,0,0,0,0,0,0,0,0,0,0,0,0,1,high,0,0.4653368711011358,0.5080301005179223,806,0.17647813894150416
T01929,R0191,0.36101227095679844,0.3192713388740778,0.6353421085032955,2023-05-08,1.0,Meera Gupta,0.19799441316777866,2,Surat,2020-08-14,-1.1702317814458283,-0.8305718860794616,1.0186927185885153,Zone_2,0.3225568228440141,-0.0059291052863966335,1.0,Residential,0,0,5,0,1,0,0,0,0,1,0,0,0,0,0,0,0,low,0,-0.30849638223870973,-0.5429198886722479,997,0.709749896771121
T01930,R0229,0.7279282406493354,0.6332321283135154,0.800295077171796,2023-01-29,0.0,Reyansh Ghosh,-1.2422052681783047,0,Mumbai,2020-11-23,-0.7519146799952856,-0.36044446459898855,0.7792108560460042,Zone_9,0.7054238122589644,0.0957343172440192,0.9163636363636365,Business,0,6,1,0,0,0,1,0,0,0,0,0,0,0,0,0,1,low,0,-0.9680995198203862,-1.0643429347287299,797,0.4793688355722068
T01931,R0150,0.6442505094540775,0.5967703475253309,0.8029169116144035,2024-02-04,1.0,Ishaan Gupta,0.19799441316777866,1,Pune,2022-02-27,-0.2626963749090579,-0.36044446459898855,1.7371383062160501,Zone_4,0.13112332813653896,1.3108734070937318,0.6290909090909091,Business,0,6,2,0,0,0,1,0,0,0,0,1,0,0,0,0,0,medium,0,-2.4524529875111853,-3.056444581286525,707,1.3720953124068416
T01932,R0161,0.7091142083273314,0.6273887565417241,0.6952461896225843,2023-10-05,0.0,Aarav Nair,-0.002498701550705167,2,Surat,2019-03-27,0.5668477076284587,1.23798876843462,1.6634515792798927,Zone_3,0.3749277083599486,0.6357961349550023,0.2581818181818183,Business,0,3,10,0,0,1,0,0,0,0,1,0,0,0,0,0,0,high,0,1.250978347066231,1.2265131891091365,1653,2.18398831251173
T01933,R0115,0.6728230712183981,0.47419755549772336,0.822917480509681,2023-06-17,0.0,Aarav Ghosh,1.1144851194789225,0,Bengaluru,2020-03-01,-0.5817517912696412,-0.40745720674703584,0.7239458108438874,Zone_4,0.13112332813653896,1.3108734070937318,0.6290909090909091,Business,0,5,6,0,0,1,0,0,0,0,0,1,0,0,0,0,0,low,0,-1.1565466257525376,-1.4145508322607983,1203,0.7003969955258461
T01934,R0038,0.763826342689621,0.6617642749442804,0.819876241435169,2023-01-13,1.0,Aarav Singh,0.7217033882027181,2,Kolkata,2023-02-11,0.0017782793317680683,-0.7835591439314143,0.11603031362058941,Zone_7,0.7081316156560269,-0.0059291052863966335,0.52,Industrial,0,4,1,0,0,0,1,0,0,0,0,0,0,0,1,0,0,medium,0,429.5311366691647,461.05031239383555,-29,-440.6277067576073
T01935,R0047,0.7427641210445781,0.6617642749442804,0.7874589511292993,2023-04-02,1.0,Reyansh Iyer,2.554684800825006,0,Bengaluru,2021-10-07,-1.2978539479900615,0.0023974683897869183,1.5713431706096965,Zone_8,0.3749277083599486,0.2886135378550845,0.0036363636363636598,Business,0,6,4,0,1,0,0,0,0,0,0,0,0,0,0,1,0,low,0,-0.5723017772491809,-0.6067392654996411,542,-0.0018472559208220533
T01936,R0052,0.8396130050476768,0.8642864611678536,0.9584041041428286,2024-03-05,0.0,Reyansh Singh,-1.1112780244195697,2,Hyderabad,2021-03-09,-1.5034674385335485,-0.7835591439314143,1.3502829898012243,Zone_3,0.3749277083599486,0.6357961349550023,0.2581818181818183,Business,0,1,3,0,1,0,0,0,0,0,1,0,0,0,0,0,0,low,0,-0.5584510735175071,-0.6374624947498939,1092,0.5211680172439797
T01937,R0090,0.7317008541454033,0.6877132442355733,0.8166395640200739,2023-03-09,1.0,Kavya Iyer,0.19799441316777866,0,Surat,2021-01-31,-0.7093739578138746,0.06267021473343727,0.926584309918319,Zone_3,0.3749277083599486,0.6357961349550023,0.2581818181818183,Business,0,3,3,0,1,0,0,0,0,0,1,0,0,0,0,0,0,low,0,-1.0314740851219504,-1.1512116494052966,767,-0.0883458069514876
T01938,R0199,0.9275926989932036,0.9074842626728978,0.9552742313345508,2023-08-27,1.0,Aarav Das,-0.3257145618671607,1,Ahmedabad,2021-08-03,0.651929151991281,0.1566956990295319,-0.1787165941240401,Zone_3,0.3749277083599486,0.6357961349550023,0.2581818181818183,Business,0,6,8,0,0,1,0,0,0,0,1,0,0,0,0,0,0,high,0,1.4228427984236076,1.465303750287465,754,0.24035694454054354
T01939,R0151,0.79420188740111,0.7807015493122594,0.9258681803978828,2023-02-12,1.0,Meera Reddy,0.32892165692651354,1,Hyderabad,2023-02-25,0.0017782793317680683,1.520065221322904,1.8292467148862463,Zone_6,1.0,-2.392407628638726,0.24363636363636365,Mixed,0,6,2,0,1,0,0,0,0,0,0,0,0,1,0,0,0,medium,0,446.6125614874399,520.6539624330734,-13,854.7955285582536
T01940,R0010,0.9071208346760337,0.8710517037215719,0.8993851629825409,2024-07-05,0.0,Vivaan Gupta,-0.8494235369021,0,Surat,2023-05-14,0.0017782793317680683,-1.0656355968196982,-1.155065726028125,Zone_5,0.012308197259374737,-0.9072376299335215,0.44035034732709155,Business,0,4,7,0,0,0,1,0,0,0,0,0,1,0,0,0,0,medium,0,510.11155473202376,505.76146666919874,418,-599.2509600615903
T01941,R0275,0.8212148234214401,0.642053881760722,0.7712478920161778,2024-02-02,1.0,Ishaan Das,-1.3731325119370394,2,Jaipur,2022-10-04,-0.03581252327486532,-0.3134317224509412,-1.7261378597833443,Zone_5,0.012308197259374737,-0.9072376299335215,0.44035034732709155,Business,0,4,2,0,1,0,0,0,0,0,0,0,1,0,0,0,0,medium,0,-22.930940026719703,-21.535703756385992,486,8.75201448513739
T01942,R0125,0.558632990111709,0.42525975308340724,0.7405611744093765,2023-02-25,0.0,Saanvi Ghosh,1.638194094513862,1,Ahmedabad,2023-04-22,-1.085150337083006,-0.2194062381548466,-0.2155599575921188,Zone_6,1.0,-2.392407628638726,0.24363636363636365,Mixed,0,5,2,0,0,1,0,0,0,0,0,0,0,1,0,0,0,low,0,-0.5147977851745141,-0.682450301218244,-56,0.20218971570762517
T01943,R0092,0.8827125820266871,0.700298518808053,0.9366668579425281,2023-04-26,1.0,Aarav Nair,-1.3731325119370394,1,Surat,2019-07-18,-0.00036192145702272454,-0.03135526956265735,0.926584309918319,Zone_6,1.0,-2.392407628638726,0.24363636363636365,Mixed,0,2,4,0,1,0,0,0,0,0,0,0,0,1,0,0,0,medium,0,-2438.961727464705,-2588.03903379433,1378,86.63556402705518
T01944,R0097,0.8764240097062997,0.6991379647370338,0.8718185619622758,2024-02-09,1.0,Aarav Iyer,-1.1112780244195697,2,Bengaluru,2021-01-25,1.6020052807094625,-0.8775846282275089,-1.3392825433685185,Zone_1,0.3749277083599486,-0.0059291052863966335,0.44035034732709155,Business,0,4,2,1,0,0,0,1,0,0,0,0,0,0,0,0,0,high,0,0.5470793512729043,0.5442045494233222,1110,-0.5478038298593265
T01945,R0263,0.6455847675440418,0.4921563709608062,0.7292564305446267,2023-05-27,0.0,Ishaan Das,-0.06386007434969102,2,Chennai,2020-12-30,0.3186934949035606,-0.12538075385875197,-0.3076683662623159,Zone_7,0.7081316156560269,-0.0059291052863966335,0.52,Industrial,0,5,5,0,1,0,0,0,0,0,0,0,0,0,1,0,0,medium,0,2.025723078343351,2.288268954988573,878,-0.39342112676850616
T01946,R0143,0.5927034453826538,0.5262346859924815,0.7456177443889134,2023-06-27,0.0,Meera Kumar,1.3763396069963922,2,Kolkata,2023-03-28,-1.262403346172219,-0.5014826910431305,1.0186927185885153,Zone_5,0.012308197259374737,-0.9072376299335215,0.44035034732709155,Business,0,1,6,0,0,1,0,0,0,0,0,0,1,0,0,0,0,low,0,-0.4695040195986587,-0.5906335298062455,91,0.39724442474245264
T01947,R0222,0.903513394808794,0.872932439440049,0.9747116367051065,2023-04-06,1.0,Aarav Singh,-0.5875690493846304,1,Surat,2022-08-28,1.5807349196187568,-0.5484954331911778,-1.0445356356238888,Zone_1,0.20357758267005824,1.2530096409104126,0.0,Residential,0,3,4,0,0,0,1,1,0,0,0,0,0,0,0,0,0,high,0,0.5715780575194127,0.6166192855030928,221,-0.34698761087878316
T01948,R0193,0.861873076668883,0.7107538162313678,0.933531785572534,2024-03-08,0.0,Kavya Singh,0.19799441316777866,0,Chennai,2022-01-03,0.9709845683518643,2.0842181270994717,0.7423674925779263,Zone_1,0.3749277083599486,-0.0059291052863966335,0.44035034732709155,Business,0,4,3,0,1,0,0,1,0,0,0,0,0,0,0,0,0,high,0,0.887627985820428,0.9614280350068775,795,2.1464997436954065
T01949,R0283,0.166871611639819,0.15850807872163522,0.3750061065337988,2023-08-21,0.0,Diya Nair,-1.6349869994545092,1,Surat,2023-06-15,-0.04999276400200235,1.0029250576943836,-0.8418971365494565,Zone_1,0.20357758267005824,1.2530096409104126,0.0,Residential,0,0,8,0,1,0,0,1,0,0,0,0,0,0,0,0,0,medium,0,-3.3379152957643097,-7.501207705154664,67,-20.061404439534762
T01950,R0006,0.8386312750779785,0.7381944514760918,0.8488745859068707,2023-06-03,1.0,Aarav Das,1.7691213382725968,0,Jaipur,2023-06-30,-0.028722402911296796,-0.5014826910431305,1.16606617246083,Zone_1,0.3749277083599486,-0.0059291052863966335,0.44035034732709155,Business,0,5,6,0,0,1,0,1,0,0,0,0,0,0,0,0,0,medium,0,-29.19781042233541,-29.554441824677564,-27,17.459635692454288
T01951,R0231,0.9311303440703371,0.8376008763781131,0.8619678405346436,2024-01-29,0.0,Ishaan Nair,-1.6349869994545092,2,Mumbai,2019-08-26,0.5384872261741847,-0.07836801171070466,1.4792347619394985,Zone_4,0.13112332813653896,1.3108734070937318,0.6290909090909091,Business,0,0,1,0,0,1,0,0,0,0,0,1,0,0,0,0,0,high,0,1.729159576701164,1.6007210545340262,1617,-0.14553365038478172
T01952,R0176,0.806092177757421,0.6313412034816486,0.9042060514203678,2024-02-14,0.0,Kavya Gupta,1.507266850755127,1,Mumbai,2019-05-24,0.05635904145152542,-0.5014826910431305,-0.10502986718788272,Zone_10,0.0,-0.46361542252807086,0.44035034732709155,Industrial,0,2,2,0,0,1,0,0,1,0,0,0,0,0,0,0,0,medium,0,14.302801413873288,16.043673350940118,1727,-8.897998939078075
T01953,R0089,0.15112541168321567,0.11502163895327655,0.4433306531363774,2024-08-09,0.0,Saanvi Reddy,2.161903069548801,2,Surat,2022-09-21,0.3966848189028143,-0.8305718860794616,-0.1787165941240401,Zone_8,0.3749277083599486,0.2886135378550845,0.0036363636363636598,Business,0,4,8,0,0,0,1,0,0,0,0,0,0,0,0,1,0,medium,0,0.3809709988428889,1.1175891589765905,688,-2.0937828888353485
T01954,R0121,0.5244721502636506,0.47446524896573505,0.658486329579534,2024-02-18,1.0,Diya Iyer,-0.3257145618671607,1,Pune,2023-07-13,0.8929932443526105,-0.6425209174872724,0.30024713096098204,Zone_5,0.012308197259374737,-0.9072376299335215,0.44035034732709155,Business,0,6,2,1,0,0,0,0,0,0,0,0,1,0,0,0,0,high,0,0.5873192810589233,0.7373922857131064,220,-0.7195137494607565
T01955,R0108,0.7768524794393282,0.7273007807970272,0.9195634191959419,2023-09-08,0.0,Reyansh Gupta,-1.765914243213244,1,Pune,2019-05-31,-0.48249010617968197,0.3917594097697685,1.6081865340777743,Zone_5,0.012308197259374737,-0.9072376299335215,0.44035034732709155,Business,0,4,9,0,1,0,0,0,0,0,0,0,1,0,0,0,0,medium,0,-1.6100899676272824,-1.9058700011011032,1561,-0.8119532499260723
T01956,R0278,0.6695399239693802,0.6108626858247493,0.8271824393682432,2023-04-28,0.0,Aarav Reddy,-1.5040597556957742,0,Mumbai,2021-09-02,0.9213537258068847,1.6140907056189988,0.4844639483013747,Zone_1,0.20357758267005824,1.2530096409104126,0.0,Residential,0,4,4,0,0,0,1,1,0,0,0,0,0,0,0,0,0,high,0,0.7266915031824764,0.8977903015954377,603,1.7518686476309007
T01957,R0162,0.8865558075497123,0.6820754148438413,0.9714779024541946,2023-09-06,1.0,Meera Patel,-0.19478731810842584,1,Hyderabad,2023-08-14,1.006435170169707,0.6738358626580523,0.5028856300354152,Zone_3,0.3749277083599486,0.6357961349550023,0.2581818181818183,Business,0,2,9,0,1,0,0,0,0,0,1,0,0,0,0,0,0,high,0,0.8808871488465766,0.9652662498771603,23,0.6695273402900147
T01958,R0299,0.822766704732216,0.7520548814348009,0.847856068222326,2024-06-09,1.0,Ishaan Gupta,0.19799441316777866,2,Kolkata,2020-09-04,1.4531127530745236,-1.1126483389677455,-0.16029491239000115,Zone_1,0.20357758267005824,1.2530096409104126,0.0,Residential,0,6,6,0,1,0,0,1,0,0,0,0,0,0,0,0,0,high,0,0.5662098161284391,0.583475760176501,1374,-0.7656999338926611
T01959,R0046,0.9522826065440251,0.9858594867598939,0.9613879756559447,2023-12-11,0.0,Vivaan Singh,-0.06386007434969102,0,Kolkata,2019-08-16,-1.5672785218056653,-0.9245973703755562,-0.25240332106019747,Zone_1,0.20357758267005824,1.2530096409104126,0.0,Residential,0,0,12,0,1,0,0,1,0,0,0,0,0,0,0,0,0,low,0,-0.6076026649346907,-0.6134123337237642,1578,0.5899381364011327
T01960,R0089,0.8579580514334456,0.6438145436095708,0.9318797807004184,2023-11-29,0.0,Saanvi Reddy,2.161903069548801,2,Surat,2022-09-21,0.3966848189028143,-0.8305718860794616,-0.1787165941240401,Zone_10,0.0,-0.46361542252807086,0.44035034732709155,Industrial,0,2,11,0,0,1,0,0,1,0,0,0,0,0,0,0,0,medium,0,2.1628204825343738,2.3491692555260704,434,-2.0937828888353485
T01961,R0247,0.7986768943884194,0.5921657661202737,0.884738011911893,2024-06-30,0.0,Aadhya Das,0.7217033882027181,1,Bengaluru,2021-05-11,-0.02163228254772828,1.0969505419904781,1.6818732610139318,Zone_7,0.7081316156560269,-0.0059291052863966335,0.52,Industrial,0,6,6,0,0,1,0,0,0,0,0,0,0,0,1,0,0,medium,0,-36.92060200426204,-40.89896708587528,1146,-50.708959610259654
T01962,R0003,0.6486770053879126,0.5082080070797359,0.7654103451477658,2024-02-28,1.0,Kavya Reddy,0.32892165692651354,1,Pune,2023-05-04,-1.468016836715706,-0.6895336596353198,-0.4550418201346307,Zone_1,0.20357758267005824,1.2530096409104126,0.0,Residential,0,2,2,0,1,0,0,1,0,0,0,0,0,0,0,0,0,low,0,-0.44187300115654904,-0.5213907129704086,300,0.46970419029932
T01963,R0145,0.8996618220312566,0.834663780063158,0.9551813199097032,2023-12-17,0.0,Saanvi Nair,0.5907761444439832,0,Jaipur,2022-12-09,-0.21306553236407827,0.9088995733982889,0.5397289935034931,Zone_8,0.3749277083599486,0.2886135378550845,0.0036363636363636598,Business,0,6,12,0,0,0,1,0,0,0,0,0,0,0,0,1,0,medium,0,-4.222465323457145,-4.483040073687403,373,-4.2658217089998205
T01964,R0267,0.7123863932984057,0.5437600065714525,0.764319747909658,2023-11-01,1.0,Arjun Iyer,0.7217033882027181,1,Jaipur,2021-01-01,-0.8582664854488135,-0.5955081753392251,0.9081626281842801,Zone_7,0.7081316156560269,-0.0059291052863966335,0.52,Industrial,0,2,11,1,0,0,0,0,0,0,0,0,0,0,1,0,0,low,0,-0.8300293735993634,-0.8905389653074617,1034,0.6938499701847449
T01965,R0143,0.5304615939854757,0.40139291827808266,0.677805142968668,2023-02-21,0.0,Meera Kumar,1.3763396069963922,2,Kolkata,2023-03-28,-1.262403346172219,-0.5014826910431305,1.0186927185885153,Zone_4,0.13112332813653896,1.3108734070937318,0.6290909090909091,Business,0,1,2,0,0,0,1,0,0,0,0,1,0,0,0,0,0,low,0,-0.4201997686348886,-0.5369164657427966,-35,0.39724442474245264
T01966,R0289,0.719896388448406,0.5841218636132319,0.7365143225876019,2024-06-11,1.0,Aarav Gupta,-1.3731325119370394,2,Chennai,2021-09-30,0.49594650399277357,-0.45446994889508313,0.30024713096098204,Zone_10,0.0,-0.46361542252807086,0.44035034732709155,Industrial,0,1,6,0,0,1,0,0,1,0,0,0,0,0,0,0,0,medium,0,1.4515605668205205,1.4850680802426497,985,-0.9163688930887296
T01967,R0252,0.6941610074453355,0.5559209667607592,0.872706571987675,2024-05-19,0.0,Reyansh Gupta,-0.002498701550705167,2,Ahmedabad,2021-01-31,0.9922549294425698,1.0969505419904781,1.516078125407578,Zone_5,0.012308197259374737,-0.9072376299335215,0.44035034732709155,Business,0,6,5,0,1,0,0,0,0,0,0,0,1,0,0,0,0,high,0,0.6995792984725228,0.8795185048644154,1204,1.1055128167584156
T01968,R0010,0.44883328949648577,0.3399163287390514,0.6602936559300774,2023-12-05,0.0,Vivaan Gupta,-0.8494235369021,0,Surat,2023-05-14,0.0017782793317680683,-1.0656355968196982,-1.155065726028125,Zone_3,0.3749277083599486,0.6357961349550023,0.2581818181818183,Business,0,1,12,0,0,0,1,0,0,0,1,0,0,0,0,0,0,medium,0,252.397517914258,371.31042583370476,205,-599.2509600615903
T01969,R0120,0.8349232851920222,0.7881117389501342,0.8286052281561382,2023-06-08,0.0,Ishaan Gupta,-1.765914243213244,1,Surat,2020-07-12,0.41795517999351983,-0.40745720674703584,1.0002710368544763,Zone_5,0.012308197259374737,-0.9072376299335215,0.44035034732709155,Business,0,3,6,0,0,1,0,0,0,0,0,0,1,0,0,0,0,medium,0,1.9976383238149298,1.9825217339547876,1061,-0.9748825382505206
T01970,R0088,0.7267532903027257,0.6172723639397258,0.7041764789850622,2023-12-07,1.0,Diya Iyer,-1.2422052681783047,2,Jaipur,2019-07-07,1.3184004661667217,-1.1126483389677455,1.4239697167373817,Zone_9,0.7054238122589644,0.0957343172440192,0.9163636363636365,Business,0,3,12,0,1,0,0,0,0,0,0,0,0,0,0,0,1,high,0,0.5512386478561987,0.5341142521228552,1614,-0.8439380654975002
T01971,R0159,0.7762579926482273,0.7396488847826659,0.8300403170393613,2024-08-18,1.0,Ishaan Singh,1.507266850755127,0,Bengaluru,2020-05-21,-1.2269527443543764,-1.018622854671651,1.6450298975458537,Zone_9,0.7054238122589644,0.0957343172440192,0.9163636363636365,Business,0,6,8,0,0,0,1,0,0,0,0,0,0,0,0,0,1,low,0,-0.6326714669493607,-0.6765055303544957,1550,0.8302054495241796
T01972,R0196,0.5257557291314264,0.35557984198491094,0.7357794855142477,2024-01-22,1.0,Vivaan Das,-1.765914243213244,1,Hyderabad,2019-06-24,0.0017782793317680683,-0.6895336596353198,1.7002949427479706,Zone_9,0.7054238122589644,0.0957343172440192,0.9163636363636365,Business,0,0,1,0,0,0,1,0,0,0,0,0,0,0,0,0,1,medium,0,295.6541864593847,413.7592291435413,1673,-387.75328898961305
T01973,R0232,0.6800916865739616,0.4906669793857166,0.7816455181464088,2023-12-24,1.0,Meera Das,0.8526306319614528,1,Jaipur,2022-12-08,-0.5675715505425042,-0.40745720674703584,-0.12345154892192248,Zone_2,0.3225568228440141,-0.0059291052863966335,1.0,Residential,0,6,12,1,0,0,0,0,0,1,0,0,0,0,0,0,0,low,0,-1.1982483722517572,-1.3771752960473185,381,0.7178957549186079
T01974,R0175,0.8281409571084986,0.6710030704727913,0.9420915436564024,2023-08-15,1.0,Diya Patel,0.45984890068524836,1,Chennai,2022-08-18,-1.0922404574465745,-0.736546401783367,-0.9708489086877315,Zone_9,0.7054238122589644,0.0957343172440192,0.9163636363636365,Business,0,1,8,0,1,0,0,0,0,0,0,0,0,0,0,0,1,low,0,-0.7582038840096765,-0.862531265193025,362,0.6743445518446145
T01975,R0194,0.6632936456818262,0.5214763986417288,0.724018302029126,2023-09-08,1.0,Arjun Iyer,-0.19478731810842584,2,Jaipur,2023-02-10,-1.7161710494406042,-1.018622854671651,0.09760863188654885,Zone_6,1.0,-2.392407628638726,0.24363636363636365,Mixed,0,4,9,0,0,1,0,0,0,0,0,0,0,1,0,0,0,low,0,-0.3864962329355402,-0.4218800347815702,210,0.5935438982050635
T01976,R0044,0.6370409390051971,0.4613161750258142,0.7054713284060747,2023-12-14,0.0,Arjun Gupta,0.5907761444439832,0,Hyderabad,2020-08-01,0.1343503654507791,-0.8775846282275089,-1.4682343155067934,Zone_10,0.0,-0.46361542252807086,0.44035034732709155,Industrial,0,3,12,0,0,0,1,0,1,0,0,0,0,0,0,0,0,medium,0,4.741639048526331,5.250981834243933,1230,-6.532059851739091
T01978,R0240,0.7641352508937788,0.7718718011681326,0.7856706788006484,2023-07-23,0.0,Aarav Iyer,-0.19478731810842584,1,Surat,2020-05-18,-0.5533913098153671,-1.018622854671651,0.11603031362058941,Zone_4,0.13112332813653896,1.3108734070937318,0.6290909090909091,Business,0,6,7,0,0,0,1,0,0,0,0,1,0,0,0,0,0,medium,0,-1.3808226427493486,-1.419738013346792,1161,1.8406918153657006
T01979,R0050,0.8230246363694254,0.7909250692752182,0.8883123320223367,2023-02-16,0.0,Diya Das,-0.002498701550705167,1,Ahmedabad,2022-10-06,0.5526674669013217,0.0023974683897869183,-1.0813789990919676,Zone_7,0.7081316156560269,-0.0059291052863966335,0.52,Industrial,0,3,2,1,0,0,0,0,0,0,0,0,0,0,1,0,0,high,0,1.4891859674388535,1.6073179356890643,133,0.004337994424077406
T01980,R0284,0.8245679639717769,0.8197872117207669,0.8387853999008255,2023-01-19,1.0,Vivaan Das,-0.4566418056258955,0,Surat,2019-07-31,-0.8299060039945394,-0.2194062381548466,1.7371383062160501,Zone_3,0.3749277083599486,0.6357961349550023,0.2581818181818183,Business,0,3,1,0,0,1,0,0,0,0,1,0,0,0,0,0,0,low,0,-0.9935678980546361,-1.0106992790310558,1268,0.26437480521744755
T01981,R0112,0.7282730115536911,0.614106946319681,0.8295752081007568,2024-04-16,1.0,Meera Nair,1.2454123632376575,0,Delhi,2020-11-13,0.41795517999351983,-0.5955081753392251,-1.412969270304675,Zone_4,0.13112332813653896,1.3108734070937318,0.6290909090909091,Business,0,1,4,0,0,1,0,0,0,0,0,1,0,0,0,0,0,medium,0,1.742466767764387,1.9848425089829462,1250,-1.424813482030437
T01982,R0009,0.7953263993602628,0.6146005894084411,0.891203796500853,2023-08-26,0.0,Diya Patel,1.3763396069963922,0,Ahmedabad,2019-12-15,-0.5675715505425042,-0.12538075385875197,0.1897170405567468,Zone_3,0.3749277083599486,0.6357961349550023,0.2581818181818183,Business,0,5,8,0,0,1,0,0,0,0,1,0,0,0,0,0,0,low,0,-1.4012795366506,-1.5702051937751462,1350,0.2209073970302225
T01983,R0243,0.45684031784045126,0.31821232758164064,0.5742905314106437,2024-07-01,1.0,Ishaan Patel,0.19799441316777866,1,Jaipur,2023-02-06,0.44631566144779394,-0.5955081753392251,-0.5655719105388659,Zone_6,1.0,-2.392407628638726,0.24363636363636365,Mixed,0,0,7,0,0,1,0,0,0,0,0,0,0,1,0,0,0,medium,0,1.023581194436504,1.2867362295728426,511,-1.334275775596735
T01984,R0144,0.9041174080500067,0.8519868436983388,0.9436437446227302,2023-05-15,1.0,Ishaan Kumar,0.32892165692651354,2,Pune,2021-01-31,-0.41158890254399677,-0.6425209174872724,-0.8971621817515741,Zone_5,0.012308197259374737,-0.9072376299335215,0.44035034732709155,Business,0,0,5,1,0,0,0,0,0,0,0,0,1,0,0,0,0,medium,0,-2.1966515677700063,-2.2926851010562888,834,1.5610744447090386
T01985,R0143,0.8831418467422729,0.7908011536037792,0.8936599311357616,2024-04-20,0.0,Meera Kumar,1.3763396069963922,2,Kolkata,2023-03-28,-1.262403346172219,-0.5014826910431305,1.0186927185885153,Zone_2,0.3225568228440141,-0.0059291052863966335,1.0,Residential,0,5,4,0,1,0,0,0,0,1,0,0,0,0,0,0,0,low,0,-0.6995718519125291,-0.7079036457289675,389,0.39724442474245264
T01986,R0045,0.7440800156801404,0.7129003306947405,0.8342876379894453,2023-03-09,1.0,Saanvi Iyer,0.32892165692651354,2,Ahmedabad,2023-07-12,-1.0780602167194375,0.0023974683897869183,1.6081865340777743,Zone_9,0.7054238122589644,0.0957343172440192,0.9163636363636365,Business,0,3,3,1,0,0,0,0,0,0,0,0,0,0,0,0,1,low,0,-0.6902026474405978,-0.773878513510314,-125,-0.0022238724262383697
T01987,R0077,0.7123863932984057,0.5811959697632404,0.866876044295799,2023-09-08,0.0,Reyansh Das,-0.4566418056258955,1,Mumbai,2019-09-07,1.091516614532529,2.272269095691661,-0.0009730452730406338,Zone_5,0.012308197259374737,-0.9072376299335215,0.44035034732709155,Business,0,4,9,0,0,1,0,0,0,0,0,0,1,0,0,0,0,high,0,0.6526573978019603,0.7941940899058707,1462,2.0817540158697634
T01988,R0104,0.32987725624791514,0.29124986828379507,0.5515862983091397,2024-02-28,0.0,Diya Gupta,2.6856120445837406,1,Kolkata,2021-05-27,0.5384872261741847,-1.0656355968196982,-0.5655719105388659,Zone_9,0.7054238122589644,0.0957343172440192,0.9163636363636365,Business,0,2,2,1,0,0,0,0,0,0,0,0,0,0,0,0,1,high,0,0.6125999656326289,1.0243256877754012,1007,-1.978943129980574
T01989,R0185,0.8591144080446409,0.8776173410997494,0.9132881168192042,2023-02-17,0.0,Vivaan Sharma,-0.5875690493846304,1,Delhi,2021-08-27,-0.36195805999901715,-0.5484954331911778,0.07918695015250991,Zone_8,0.3749277083599486,0.2886135378550845,0.0036363636363636598,Business,0,4,2,0,1,0,0,0,0,0,0,0,0,0,0,1,0,medium,0,-2.3735192084049013,-2.523187677659904,539,1.5153563183333094
T01990,R0153,0.6611847267914666,0.5651728480230757,0.7823985459494749,2023-04-02,1.0,Aadhya Ghosh,-1.5040597556957742,1,Mumbai,2020-05-04,-1.2482231054450819,-0.45446994889508313,0.9818493551204374,Zone_1,0.3749277083599486,-0.0059291052863966335,0.44035034732709155,Business,0,6,4,0,0,1,0,1,0,0,0,0,0,0,0,0,0,low,0,-0.5297007593491921,-0.6268098567767604,1063,0.36409352375594084
T01991,R0051,0.8066348197452462,0.7894368535004038,0.7543868589062703,2024-02-26,0.0,Aarav Nair,-1.3731325119370394,1,Kolkata,2020-04-05,-0.2768766156361949,-0.45446994889508313,0.023921904950391464,Zone_3,0.3749277083599486,0.6357961349550023,0.2581818181818183,Business,0,0,2,0,1,0,0,0,0,0,1,0,0,0,0,0,0,medium,0,-2.9133367507104064,-2.7246318984825546,1422,1.641416873905447
T01992,R0100,0.18554357364111704,0.15762822691128306,0.45883229656448893,2023-04-05,1.0,Ishaan Gupta,-0.4566418056258955,1,Delhi,2021-05-24,0.9284438461704532,1.7081161899150934,-0.39977677493251224,Zone_8,0.3749277083599486,0.2886135378550845,0.0036363636363636598,Business,0,2,4,0,0,1,0,0,0,0,0,0,0,0,0,1,0,high,0,0.19984361402838471,0.49419498923605537,681,1.8397625197911
T01993,R0294,0.8096033444414217,0.6909152299053751,0.7800185796165786,2023-09-06,0.0,Arjun Reddy,-0.9803507806608349,1,Surat,2021-04-02,-1.49637731816998,-0.7835591439314143,-1.4866559972408324,Zone_1,0.3749277083599486,-0.0059291052863966335,0.44035034732709155,Business,0,2,9,0,1,0,0,1,0,0,0,0,0,0,0,0,0,low,0,-0.5410422455691455,-0.5212713198369751,887,0.5236374104424955
T01994,R0260,0.6776867402403168,0.49454357589587483,0.7145067708009953,2023-12-11,1.0,Reyansh Das,3.0783937758599453,2,Mumbai,2019-07-17,-1.3403946701714726,-0.9716101125236036,0.42919890309925784,Zone_10,0.0,-0.46361542252807086,0.44035034732709155,Industrial,0,0,12,0,0,0,1,0,1,0,0,0,0,0,0,0,0,low,0,-0.5055874626490587,-0.5330570067915823,1608,0.724868677968787
T01995,R0207,0.713469878210595,0.5445253234663155,0.851421477987838,2023-09-08,1.0,Ishaan Iyer,-0.06386007434969102,1,Mumbai,2023-12-06,-1.4538365959885688,0.0023974683897869183,-0.1418732306559614,Zone_7,0.7081316156560269,-0.0059291052863966335,0.52,Industrial,0,4,9,0,0,1,0,0,0,0,0,0,0,0,1,0,0,low,0,-0.49074970335676216,-0.5856376709302016,-89,-0.0016490631728503888
T01996,R0171,0.27541167593431126,0.17371521027460732,0.5084673153806336,2023-03-20,0.0,Kavya Singh,-1.1112780244195697,0,Jaipur,2019-05-13,0.1698009672686217,-0.2194062381548466,0.5397289935034931,Zone_6,1.0,-2.392407628638726,0.24363636363636365,Mixed,0,0,3,0,0,1,0,0,0,0,0,0,0,1,0,0,0,medium,0,1.6219676505058747,2.9944900995543127,1407,-1.2921377403448495
T01997,R0287,0.8159879854887938,0.8028986077307543,0.8798582628941771,2023-09-08,1.0,Saanvi Singh,-1.765914243213244,2,Delhi,2021-12-17,0.4817662632656365,0.48578489406586306,-1.2471741346983212,Zone_5,0.012308197259374737,-0.9072376299335215,0.44035034732709155,Business,0,4,9,1,0,0,0,0,0,0,0,0,1,0,0,0,0,medium,0,1.6937424799271883,1.8263177187420458,630,1.0083414533283972
T01998,R0254,0.5755627058416078,0.48223411504980684,0.6730625754671047,2024-03-23,0.0,Meera Kumar,-1.765914243213244,1,Delhi,2020-03-09,0.7866414388990828,2.1782436113955663,-0.6024152740069446,Zone_9,0.7054238122589644,0.0957343172440192,0.9163636363636365,Business,0,5,3,1,0,0,0,0,0,0,0,0,0,0,0,0,1,high,0,0.7316709715256254,0.8556154585614845,1475,2.769042544267758
T01999,R0267,0.7024698355101046,0.5566936311026488,0.7156814542481154,2023-10-29,1.0,Arjun Iyer,0.7217033882027181,1,Jaipur,2021-01-01,-0.8582664854488135,-0.5955081753392251,0.9081626281842801,Zone_2,0.3225568228440141,-0.0059291052863966335,1.0,Residential,0,6,10,0,0,1,0,0,0,1,0,0,0,0,0,0,0,low,0,-0.8184752025389432,-0.8338685785614289,1031,0.6938499701847449
T02000,R0202,0.8319262880099183,0.8481708967387328,0.8344154465628812,2024-02-03,0.0,Aadhya Reddy,-0.5875690493846304,1,Ahmedabad,2021-10-28,0.46049590217493097,-1.1126483389677455,1.3134396263331447,Zone_10,0.0,-0.46361542252807086,0.44035034732709155,Industrial,0,5,2,1,0,0,0,0,1,0,0,0,0,0,0,0,0,medium,0,1.8065878199582548,1.8119932069360902,828,-2.416195961164228
